timestamp,park,ride,wait_time,is_open
2026-08-24 01:20:58,Islands of Adventure,Camp Jurassic™,0,False
2026-08-24 01:20:58,Islands of Adventure,Jurassic Park Discovery Center,0,False
2026-08-24 01:20:58,Islands of Adventure,Jurassic Park River Adventure,0,False
2026-08-24 01:20:58,Islands of Adventure,Jurassic World VelociCoaster,0,False
2026-08-24 01:20:58,Islands of Adventure,Pteranodon Flyers,0,False
2026-08-24 01:20:58,Islands of Adventure,Skull Island: Reign of Kong,0,False
2026-08-24 01:20:58,Islands of Adventure,Doctor Doom's Fearfall®,0,False
2026-08-24 01:20:58,Islands of Adventure,Doctor Doom's Fearfall® Single Rider,0,False
2026-08-24 01:20:58,Islands of Adventure,Storm Force Accelatron®,0,False
2026-08-24 01:20:58,Islands of Adventure,The Amazing Adventures of Spider-Man®,0,False
2026-08-24 01:20:58,Islands of Adventure,The Incredible Hulk Coaster®,0,False
2026-08-24 01:20:58,Islands of Adventure,The Incredible Hulk Coaster® Single Rider,0,True
2026-08-24 01:20:58,Islands of Adventure,Caro-Seuss-el™,0,False
2026-08-24 01:20:58,Islands of Adventure,If I Ran The Zoo™,0,False
2026-08-24 01:20:58,Islands of Adventure,"One Fish, Two Fish, Red Fish, Blue Fish™",0,False
2026-08-24 01:20:58,Islands of Adventure,The Cat in The Hat™,0,False
2026-08-24 01:20:58,Islands of Adventure,The High in the Sky Seuss Trolley Train Ride!™,0,False
2026-08-24 01:20:58,Islands of Adventure,Flight of the Hippogriff™,0,False
2026-08-24 01:20:58,Islands of Adventure,Hagrid's Magical Creatures Motorbike Adventure™,0,False
2026-08-24 01:20:58,Islands of Adventure,Hagrid's Magical Creatures Motorbike Adventure™ Single Rider,0,True
2026-08-24 01:20:58,Islands of Adventure,Harry Potter and the Forbidden Journey™,0,False
2026-08-24 01:20:58,Islands of Adventure,Harry Potter and the Forbidden Journey™ Single Rider,0,False
2026-08-24 01:20:58,Islands of Adventure,Hogwarts Express™ - Hogsmeade™ Station,0,False
2026-08-24 01:20:58,Islands of Adventure,Ollivanders™ Experience in Hogsmeade™,15,True
2026-08-24 01:20:58,Islands of Adventure,Dudley Do-Right's Ripsaw Falls®,0,False
2026-08-24 01:20:58,Islands of Adventure,"Me Ship, The Olive®",0,False
2026-08-24 01:20:58,Islands of Adventure,Popeye & Bluto's Bilge-Rat Barges®,0,False
2026-08-24 01:20:58,Universal Studios Florida,Trolls Trollercoaster,0,False
2026-08-24 01:20:58,Universal Studios Florida,E.T. Adventure,0,False
2026-08-24 01:20:58,Universal Studios Florida,Despicable Me Minion Mayhem™,0,False
2026-08-24 01:20:58,Universal Studios Florida,Illumination's Villain-Con Minion Blast,0,False
2026-08-24 01:20:58,Universal Studios Florida,Race Through New York Starring Jimmy Fallon™,0,False
2026-08-24 01:20:58,Universal Studios Florida,Revenge of the Mummy™,0,False
2026-08-24 01:20:58,Universal Studios Florida,Revenge of the Mummy™ Single Rider,0,True
2026-08-24 01:20:58,Universal Studios Florida,TRANSFORMERS™ The Ride-3D,0,False
2026-08-24 01:20:58,Universal Studios Florida,Fast & Furious - Supercharged™,0,True
2026-08-24 01:20:58,Universal Studios Florida,Fast & Furious - Supercharged™ Single Rider,0,True
2026-08-24 01:20:58,Universal Studios Florida,Harry Potter and the Escape from Gringotts™,0,False
2026-08-24 01:20:58,Universal Studios Florida,Harry Potter and the Escape from Gringotts™ Single Rider,0,True
2026-08-24 01:20:58,Universal Studios Florida,Hogwarts Express™ - King's Cross Station,0,False
2026-08-24 01:20:58,Universal Studios Florida,Hogwarts™ Express - First Train,0,False
2026-08-24 01:20:58,Universal Studios Florida,Hogwarts™ Express - Last Train,0,False
2026-08-24 01:20:58,Universal Studios Florida,Ollivanders™ Experience in Diagon Alley™,5,True
2026-08-24 01:20:58,Universal Studios Florida,Kang & Kodos' Twirl 'n' Hurl,0,False
2026-08-24 01:20:58,Universal Studios Florida,MEN IN BLACK™ Alien Attack!,0,False
2026-08-24 01:20:58,Universal Studios Florida,MEN IN BLACK™ Alien Attack!™ Single Rider,0,True
2026-08-24 01:20:58,Universal Studios Florida,The Simpsons Ride™,0,False
2026-08-24 01:20:58,Epic Universe,Constellation Carousel,30,True
2026-08-24 01:20:58,Epic Universe,Stardust Racers,25,True
2026-08-24 01:20:58,Epic Universe,Stardust Racers Single Rider,0,False
2026-08-24 01:20:58,Epic Universe,Curse of the Werewolf,0,False
2026-08-24 01:20:58,Epic Universe,Curse of the Werewolf Single Rider,0,True
2026-08-24 01:20:58,Epic Universe,Monsters Unchained: The Frankenstein Experiment,0,False
2026-08-24 01:20:58,Epic Universe,Dragon Racer's Rally,0,False
2026-08-24 01:20:58,Epic Universe,Fyre Drill,0,False
2026-08-24 01:20:58,Epic Universe,Hiccup's Wing Gliders,0,False
2026-08-24 01:20:58,Epic Universe,Meet Toothless and Friends,25,True
2026-08-24 01:20:58,Epic Universe,Bowser Jr. Challenge,0,False
2026-08-24 01:20:58,Epic Universe,Mario Kart™: Bowser's Challenge,0,False
2026-08-24 01:20:58,Epic Universe,Mario Kart™: Bowser's Challenge Single Rider,0,True
2026-08-24 01:20:58,Epic Universe,Mine-Cart Madness™,0,False
2026-08-24 01:20:58,Epic Universe,Mine-Cart Madness™ Single Rider,0,True
2026-08-24 01:20:58,Epic Universe,Yoshi's Adventure™,0,False
2026-08-24 01:20:58,Epic Universe,Harry Potter and the Battle at the Ministry™,0,False
2026-08-24 01:20:58,Epic Universe,Harry Potter and the Battle at the Ministry™ Single Rider,0,True
2026-08-24 02:45:54,Islands of Adventure,Camp Jurassic™,0,False
2026-08-24 02:45:54,Islands of Adventure,Jurassic Park Discovery Center,0,False
2026-08-24 02:45:54,Islands of Adventure,Jurassic Park River Adventure,0,False
2026-08-24 02:45:54,Islands of Adventure,Jurassic World VelociCoaster,0,False
2026-08-24 02:45:54,Islands of Adventure,Pteranodon Flyers,0,False
2026-08-24 02:45:54,Islands of Adventure,Skull Island: Reign of Kong,0,False
2026-08-24 02:45:54,Islands of Adventure,Doctor Doom's Fearfall®,0,False
2026-08-24 02:45:54,Islands of Adventure,Doctor Doom's Fearfall® Single Rider,0,False
2026-08-24 02:45:54,Islands of Adventure,Storm Force Accelatron®,0,False
2026-08-24 02:45:54,Islands of Adventure,The Amazing Adventures of Spider-Man®,0,False
2026-08-24 02:45:54,Islands of Adventure,The Incredible Hulk Coaster®,0,False
2026-08-24 02:45:54,Islands of Adventure,The Incredible Hulk Coaster® Single Rider,0,True
2026-08-24 02:45:54,Islands of Adventure,Caro-Seuss-el™,0,False
2026-08-24 02:45:54,Islands of Adventure,If I Ran The Zoo™,0,False
2026-08-24 02:45:54,Islands of Adventure,"One Fish, Two Fish, Red Fish, Blue Fish™",0,False
2026-08-24 02:45:54,Islands of Adventure,The Cat in The Hat™,0,False
2026-08-24 02:45:54,Islands of Adventure,The High in the Sky Seuss Trolley Train Ride!™,0,False
2026-08-24 02:45:54,Islands of Adventure,Flight of the Hippogriff™,0,False
2026-08-24 02:45:54,Islands of Adventure,Hagrid's Magical Creatures Motorbike Adventure™,0,False
2026-08-24 02:45:54,Islands of Adventure,Hagrid's Magical Creatures Motorbike Adventure™ Single Rider,0,True
2026-08-24 02:45:54,Islands of Adventure,Harry Potter and the Forbidden Journey™,0,False
2026-08-24 02:45:54,Islands of Adventure,Harry Potter and the Forbidden Journey™ Single Rider,0,False
2026-08-24 02:45:54,Islands of Adventure,Hogwarts Express™ - Hogsmeade™ Station,0,False
2026-08-24 02:45:54,Islands of Adventure,Ollivanders™ Experience in Hogsmeade™,15,True
2026-08-24 02:45:54,Islands of Adventure,Dudley Do-Right's Ripsaw Falls®,0,False
2026-08-24 02:45:54,Islands of Adventure,"Me Ship, The Olive®",0,False
2026-08-24 02:45:54,Islands of Adventure,Popeye & Bluto's Bilge-Rat Barges®,0,False
2026-08-24 02:45:54,Universal Studios Florida,Trolls Trollercoaster,0,False
2026-08-24 02:45:54,Universal Studios Florida,E.T. Adventure,0,False
2026-08-24 02:45:54,Universal Studios Florida,Despicable Me Minion Mayhem™,0,False
2026-08-24 02:45:54,Universal Studios Florida,Illumination's Villain-Con Minion Blast,0,False
2026-08-24 02:45:54,Universal Studios Florida,Race Through New York Starring Jimmy Fallon™,0,False
2026-08-24 02:45:54,Universal Studios Florida,Revenge of the Mummy™,0,False
2026-08-24 02:45:54,Universal Studios Florida,Revenge of the Mummy™ Single Rider,0,True
2026-08-24 02:45:54,Universal Studios Florida,TRANSFORMERS™ The Ride-3D,0,False
2026-08-24 02:45:54,Universal Studios Florida,Fast & Furious - Supercharged™,0,True
2026-08-24 02:45:54,Universal Studios Florida,Fast & Furious - Supercharged™ Single Rider,0,True
2026-08-24 02:45:54,Universal Studios Florida,Harry Potter and the Escape from Gringotts™,0,False
2026-08-24 02:45:54,Universal Studios Florida,Harry Potter and the Escape from Gringotts™ Single Rider,0,True
2026-08-24 02:45:54,Universal Studios Florida,Hogwarts Express™ - King's Cross Station,0,False
2026-08-24 02:45:54,Universal Studios Florida,Hogwarts™ Express - First Train,0,False
2026-08-24 02:45:54,Universal Studios Florida,Hogwarts™ Express - Last Train,0,False
2026-08-24 02:45:54,Universal Studios Florida,Ollivanders™ Experience in Diagon Alley™,5,True
2026-08-24 02:45:54,Universal Studios Florida,Kang & Kodos' Twirl 'n' Hurl,0,False
2026-08-24 02:45:54,Universal Studios Florida,MEN IN BLACK™ Alien Attack!,0,False
2026-08-24 02:45:54,Universal Studios Florida,MEN IN BLACK™ Alien Attack!™ Single Rider,0,True
2026-08-24 02:45:54,Universal Studios Florida,The Simpsons Ride™,0,False
2026-08-24 02:45:54,Epic Universe,Constellation Carousel,0,False
2026-08-24 02:45:54,Epic Universe,Stardust Racers,0,False
2026-08-24 02:45:54,Epic Universe,Stardust Racers Single Rider,0,False
2026-08-24 02:45:54,Epic Universe,Curse of the Werewolf,0,False
2026-08-24 02:45:54,Epic Universe,Curse of the Werewolf Single Rider,0,True
2026-08-24 02:45:54,Epic Universe,Monsters Unchained: The Frankenstein Experiment,0,False
2026-08-24 02:45:54,Epic Universe,Dragon Racer's Rally,0,False
2026-08-24 02:45:54,Epic Universe,Fyre Drill,0,False
2026-08-24 02:45:54,Epic Universe,Hiccup's Wing Gliders,0,False
2026-08-24 02:45:54,Epic Universe,Meet Toothless and Friends,25,True
2026-08-24 02:45:54,Epic Universe,Bowser Jr. Challenge,0,False
2026-08-24 02:45:54,Epic Universe,Mario Kart™: Bowser's Challenge,0,False
2026-08-24 02:45:54,Epic Universe,Mario Kart™: Bowser's Challenge Single Rider,0,True
2026-08-24 02:45:54,Epic Universe,Mine-Cart Madness™,0,False
2026-08-24 02:45:54,Epic Universe,Mine-Cart Madness™ Single Rider,0,True
2026-08-24 02:45:54,Epic Universe,Yoshi's Adventure™,0,False
2026-08-24 02:45:54,Epic Universe,Harry Potter and the Battle at the Ministry™,0,False
2026-08-24 02:45:54,Epic Universe,Harry Potter and the Battle at the Ministry™ Single Rider,0,True
2026-08-24 03:55:00,Islands of Adventure,Camp Jurassic™,0,False
2026-08-24 03:55:00,Islands of Adventure,Jurassic Park Discovery Center,0,False
2026-08-24 03:55:00,Islands of Adventure,Jurassic Park River Adventure,0,False
2026-08-24 03:55:00,Islands of Adventure,Jurassic World VelociCoaster,0,False
2026-08-24 03:55:00,Islands of Adventure,Pteranodon Flyers,0,False
2026-08-24 03:55:00,Islands of Adventure,Skull Island: Reign of Kong,0,False
2026-08-24 03:55:00,Islands of Adventure,Doctor Doom's Fearfall®,0,False
2026-08-24 03:55:00,Islands of Adventure,Doctor Doom's Fearfall® Single Rider,0,False
2026-08-24 03:55:00,Islands of Adventure,Storm Force Accelatron®,0,False
2026-08-24 03:55:00,Islands of Adventure,The Amazing Adventures of Spider-Man®,0,False
2026-08-24 03:55:00,Islands of Adventure,The Incredible Hulk Coaster®,0,False
2026-08-24 03:55:00,Islands of Adventure,The Incredible Hulk Coaster® Single Rider,0,True
2026-08-24 03:55:00,Islands of Adventure,Caro-Seuss-el™,0,False
2026-08-24 03:55:00,Islands of Adventure,If I Ran The Zoo™,0,False
2026-08-24 03:55:00,Islands of Adventure,"One Fish, Two Fish, Red Fish, Blue Fish™",0,False
2026-08-24 03:55:00,Islands of Adventure,The Cat in The Hat™,0,False
2026-08-24 03:55:00,Islands of Adventure,The High in the Sky Seuss Trolley Train Ride!™,0,False
2026-08-24 03:55:00,Islands of Adventure,Flight of the Hippogriff™,0,False
2026-08-24 03:55:00,Islands of Adventure,Hagrid's Magical Creatures Motorbike Adventure™,0,False
2026-08-24 03:55:00,Islands of Adventure,Hagrid's Magical Creatures Motorbike Adventure™ Single Rider,0,True
2026-08-24 03:55:00,Islands of Adventure,Harry Potter and the Forbidden Journey™,0,False
2026-08-24 03:55:00,Islands of Adventure,Harry Potter and the Forbidden Journey™ Single Rider,0,False
2026-08-24 03:55:00,Islands of Adventure,Hogwarts Express™ - Hogsmeade™ Station,0,False
2026-08-24 03:55:00,Islands of Adventure,Ollivanders™ Experience in Hogsmeade™,15,True
2026-08-24 03:55:00,Islands of Adventure,Dudley Do-Right's Ripsaw Falls®,0,False
2026-08-24 03:55:00,Islands of Adventure,"Me Ship, The Olive®",0,False
2026-08-24 03:55:00,Islands of Adventure,Popeye & Bluto's Bilge-Rat Barges®,0,False
2026-08-24 03:55:00,Universal Studios Florida,Trolls Trollercoaster,0,False
2026-08-24 03:55:00,Universal Studios Florida,E.T. Adventure,0,False
2026-08-24 03:55:00,Universal Studios Florida,Despicable Me Minion Mayhem™,0,False
2026-08-24 03:55:00,Universal Studios Florida,Illumination's Villain-Con Minion Blast,0,False
2026-08-24 03:55:00,Universal Studios Florida,Race Through New York Starring Jimmy Fallon™,0,False
2026-08-24 03:55:00,Universal Studios Florida,Revenge of the Mummy™,0,False
2026-08-24 03:55:00,Universal Studios Florida,Revenge of the Mummy™ Single Rider,0,True
2026-08-24 03:55:00,Universal Studios Florida,TRANSFORMERS™ The Ride-3D,0,False
2026-08-24 03:55:00,Universal Studios Florida,Fast & Furious - Supercharged™,0,True
2026-08-24 03:55:00,Universal Studios Florida,Fast & Furious - Supercharged™ Single Rider,0,True
2026-08-24 03:55:00,Universal Studios Florida,Harry Potter and the Escape from Gringotts™,0,False
2026-08-24 03:55:00,Universal Studios Florida,Harry Potter and the Escape from Gringotts™ Single Rider,0,True
2026-08-24 03:55:00,Universal Studios Florida,Hogwarts Express™ - King's Cross Station,0,False
2026-08-24 03:55:00,Universal Studios Florida,Hogwarts™ Express - First Train,0,False
2026-08-24 03:55:00,Universal Studios Florida,Hogwarts™ Express - Last Train,0,False
2026-08-24 03:55:00,Universal Studios Florida,Ollivanders™ Experience in Diagon Alley™,5,True
2026-08-24 03:55:00,Universal Studios Florida,Kang & Kodos' Twirl 'n' Hurl,0,False
2026-08-24 03:55:00,Universal Studios Florida,MEN IN BLACK™ Alien Attack!,0,False
2026-08-24 03:55:00,Universal Studios Florida,MEN IN BLACK™ Alien Attack!™ Single Rider,0,True
2026-08-24 03:55:00,Universal Studios Florida,The Simpsons Ride™,0,False
2026-08-24 03:55:00,Epic Universe,Constellation Carousel,0,False
2026-08-24 03:55:00,Epic Universe,Stardust Racers,0,False
2026-08-24 03:55:00,Epic Universe,Stardust Racers Single Rider,0,False
2026-08-24 03:55:00,Epic Universe,Curse of the Werewolf,0,False
2026-08-24 03:55:00,Epic Universe,Curse of the Werewolf Single Rider,0,True
2026-08-24 03:55:00,Epic Universe,Monsters Unchained: The Frankenstein Experiment,0,False
2026-08-24 03:55:00,Epic Universe,Dragon Racer's Rally,0,False
2026-08-24 03:55:00,Epic Universe,Fyre Drill,0,False
2026-08-24 03:55:00,Epic Universe,Hiccup's Wing Gliders,0,False
2026-08-24 03:55:00,Epic Universe,Meet Toothless and Friends,25,True
2026-08-24 03:55:00,Epic Universe,Bowser Jr. Challenge,0,False
2026-08-24 03:55:00,Epic Universe,Mario Kart™: Bowser's Challenge,0,False
2026-08-24 03:55:00,Epic Universe,Mario Kart™: Bowser's Challenge Single Rider,0,True
2026-08-24 03:55:00,Epic Universe,Mine-Cart Madness™,0,False
2026-08-24 03:55:00,Epic Universe,Mine-Cart Madness™ Single Rider,0,True
2026-08-24 03:55:00,Epic Universe,Yoshi's Adventure™,0,False
2026-08-24 03:55:00,Epic Universe,Harry Potter and the Battle at the Ministry™,0,False
2026-08-24 03:55:00,Epic Universe,Harry Potter and the Battle at the Ministry™ Single Rider,0,True
2026-08-24 04:46:26,Islands of Adventure,Camp Jurassic™,0,False
2026-08-24 04:46:26,Islands of Adventure,Jurassic Park Discovery Center,0,False
2026-08-24 04:46:26,Islands of Adventure,Jurassic Park River Adventure,0,False
2026-08-24 04:46:26,Islands of Adventure,Jurassic World VelociCoaster,0,False
2026-08-24 04:46:26,Islands of Adventure,Pteranodon Flyers,0,False
2026-08-24 04:46:26,Islands of Adventure,Skull Island: Reign of Kong,0,False
2026-08-24 04:46:26,Islands of Adventure,Doctor Doom's Fearfall®,0,False
2026-08-24 04:46:26,Islands of Adventure,Doctor Doom's Fearfall® Single Rider,0,False
2026-08-24 04:46:26,Islands of Adventure,Storm Force Accelatron®,0,False
2026-08-24 04:46:26,Islands of Adventure,The Amazing Adventures of Spider-Man®,0,False
2026-08-24 04:46:26,Islands of Adventure,The Incredible Hulk Coaster®,0,False
2026-08-24 04:46:26,Islands of Adventure,The Incredible Hulk Coaster® Single Rider,0,True
2026-08-24 04:46:26,Islands of Adventure,Caro-Seuss-el™,0,False
2026-08-24 04:46:26,Islands of Adventure,If I Ran The Zoo™,0,False
2026-08-24 04:46:26,Islands of Adventure,"One Fish, Two Fish, Red Fish, Blue Fish™",0,False
2026-08-24 04:46:26,Islands of Adventure,The Cat in The Hat™,0,False
2026-08-24 04:46:26,Islands of Adventure,The High in the Sky Seuss Trolley Train Ride!™,0,False
2026-08-24 04:46:26,Islands of Adventure,Flight of the Hippogriff™,0,False
2026-08-24 04:46:26,Islands of Adventure,Hagrid's Magical Creatures Motorbike Adventure™,0,False
2026-08-24 04:46:26,Islands of Adventure,Hagrid's Magical Creatures Motorbike Adventure™ Single Rider,0,True
2026-08-24 04:46:26,Islands of Adventure,Harry Potter and the Forbidden Journey™,0,False
2026-08-24 04:46:26,Islands of Adventure,Harry Potter and the Forbidden Journey™ Single Rider,0,False
2026-08-24 04:46:26,Islands of Adventure,Hogwarts Express™ - Hogsmeade™ Station,0,False
2026-08-24 04:46:26,Islands of Adventure,Ollivanders™ Experience in Hogsmeade™,15,True
2026-08-24 04:46:26,Islands of Adventure,Dudley Do-Right's Ripsaw Falls®,0,False
2026-08-24 04:46:26,Islands of Adventure,"Me Ship, The Olive®",0,False
2026-08-24 04:46:26,Islands of Adventure,Popeye & Bluto's Bilge-Rat Barges®,0,False
2026-08-24 04:46:26,Universal Studios Florida,Trolls Trollercoaster,0,False
2026-08-24 04:46:26,Universal Studios Florida,E.T. Adventure,0,False
2026-08-24 04:46:26,Universal Studios Florida,Despicable Me Minion Mayhem™,0,False
2026-08-24 04:46:26,Universal Studios Florida,Illumination's Villain-Con Minion Blast,0,False
2026-08-24 04:46:26,Universal Studios Florida,Race Through New York Starring Jimmy Fallon™,0,False
2026-08-24 04:46:26,Universal Studios Florida,Revenge of the Mummy™,0,False
2026-08-24 04:46:26,Universal Studios Florida,Revenge of the Mummy™ Single Rider,0,True
2026-08-24 04:46:26,Universal Studios Florida,TRANSFORMERS™ The Ride-3D,0,False
2026-08-24 04:46:26,Universal Studios Florida,Fast & Furious - Supercharged™,0,True
2026-08-24 04:46:26,Universal Studios Florida,Fast & Furious - Supercharged™ Single Rider,0,True
2026-08-24 04:46:26,Universal Studios Florida,Harry Potter and the Escape from Gringotts™,0,False
2026-08-24 04:46:26,Universal Studios Florida,Harry Potter and the Escape from Gringotts™ Single Rider,0,True
2026-08-24 04:46:26,Universal Studios Florida,Hogwarts Express™ - King's Cross Station,0,False
2026-08-24 04:46:26,Universal Studios Florida,Hogwarts™ Express - First Train,0,False
2026-08-24 04:46:26,Universal Studios Florida,Hogwarts™ Express - Last Train,0,False
2026-08-24 04:46:26,Universal Studios Florida,Ollivanders™ Experience in Diagon Alley™,5,True
2026-08-24 04:46:26,Universal Studios Florida,Kang & Kodos' Twirl 'n' Hurl,0,False
2026-08-24 04:46:26,Universal Studios Florida,MEN IN BLACK™ Alien Attack!,0,False
2026-08-24 04:46:26,Universal Studios Florida,MEN IN BLACK™ Alien Attack!™ Single Rider,0,True
2026-08-24 04:46:26,Universal Studios Florida,The Simpsons Ride™,0,False
2026-08-24 04:46:26,Epic Universe,Constellation Carousel,0,False
2026-08-24 04:46:26,Epic Universe,Stardust Racers,0,False
2026-08-24 04:46:26,Epic Universe,Stardust Racers Single Rider,0,False
2026-08-24 04:46:26,Epic Universe,Curse of the Werewolf,0,False
2026-08-24 04:46:26,Epic Universe,Curse of the Werewolf Single Rider,0,True
2026-08-24 04:46:26,Epic Universe,Monsters Unchained: The Frankenstein Experiment,0,False
2026-08-24 04:46:26,Epic Universe,Dragon Racer's Rally,0,False
2026-08-24 04:46:26,Epic Universe,Fyre Drill,0,False
2026-08-24 04:46:26,Epic Universe,Hiccup's Wing Gliders,0,False
2026-08-24 04:46:26,Epic Universe,Meet Toothless and Friends,25,True
2026-08-24 04:46:26,Epic Universe,Bowser Jr. Challenge,0,False
2026-08-24 04:46:26,Epic Universe,Mario Kart™: Bowser's Challenge,0,False
2026-08-24 04:46:26,Epic Universe,Mario Kart™: Bowser's Challenge Single Rider,0,True
2026-08-24 04:46:26,Epic Universe,Mine-Cart Madness™,0,False
2026-08-24 04:46:26,Epic Universe,Mine-Cart Madness™ Single Rider,0,True
2026-08-24 04:46:26,Epic Universe,Yoshi's Adventure™,0,False
2026-08-24 04:46:26,Epic Universe,Harry Potter and the Battle at the Ministry™,0,False
2026-08-24 04:46:26,Epic Universe,Harry Potter and the Battle at the Ministry™ Single Rider,0,True
2026-08-24 05:38:43,Islands of Adventure,Camp Jurassic™,0,False
2026-08-24 05:38:43,Islands of Adventure,Jurassic Park Discovery Center,0,False
2026-08-24 05:38:43,Islands of Adventure,Jurassic Park River Adventure,0,False
2026-08-24 05:38:43,Islands of Adventure,Jurassic World VelociCoaster,0,False
2026-08-24 05:38:43,Islands of Adventure,Pteranodon Flyers,0,False
2026-08-24 05:38:43,Islands of Adventure,Skull Island: Reign of Kong,0,False
2026-08-24 05:38:43,Islands of Adventure,Doctor Doom's Fearfall®,0,False
2026-08-24 05:38:43,Islands of Adventure,Doctor Doom's Fearfall® Single Rider,0,False
2026-08-24 05:38:43,Islands of Adventure,Storm Force Accelatron®,0,False
2026-08-24 05:38:43,Islands of Adventure,The Amazing Adventures of Spider-Man®,0,False
2026-08-24 05:38:43,Islands of Adventure,The Incredible Hulk Coaster®,0,False
2026-08-24 05:38:43,Islands of Adventure,The Incredible Hulk Coaster® Single Rider,0,True
2026-08-24 05:38:43,Islands of Adventure,Caro-Seuss-el™,0,False
2026-08-24 05:38:43,Islands of Adventure,If I Ran The Zoo™,0,False
2026-08-24 05:38:43,Islands of Adventure,"One Fish, Two Fish, Red Fish, Blue Fish™",0,False
2026-08-24 05:38:43,Islands of Adventure,The Cat in The Hat™,0,False
2026-08-24 05:38:43,Islands of Adventure,The High in the Sky Seuss Trolley Train Ride!™,0,False
2026-08-24 05:38:43,Islands of Adventure,Flight of the Hippogriff™,0,False
2026-08-24 05:38:43,Islands of Adventure,Hagrid's Magical Creatures Motorbike Adventure™,0,False
2026-08-24 05:38:43,Islands of Adventure,Hagrid's Magical Creatures Motorbike Adventure™ Single Rider,0,True
2026-08-24 05:38:43,Islands of Adventure,Harry Potter and the Forbidden Journey™,0,False
2026-08-24 05:38:43,Islands of Adventure,Harry Potter and the Forbidden Journey™ Single Rider,0,False
2026-08-24 05:38:43,Islands of Adventure,Hogwarts Express™ - Hogsmeade™ Station,0,False
2026-08-24 05:38:43,Islands of Adventure,Ollivanders™ Experience in Hogsmeade™,15,True
2026-08-24 05:38:43,Islands of Adventure,Dudley Do-Right's Ripsaw Falls®,0,False
2026-08-24 05:38:43,Islands of Adventure,"Me Ship, The Olive®",0,False
2026-08-24 05:38:43,Islands of Adventure,Popeye & Bluto's Bilge-Rat Barges®,0,False
2026-08-24 05:38:43,Universal Studios Florida,Trolls Trollercoaster,0,False
2026-08-24 05:38:43,Universal Studios Florida,E.T. Adventure,0,False
2026-08-24 05:38:43,Universal Studios Florida,Despicable Me Minion Mayhem™,0,False
2026-08-24 05:38:43,Universal Studios Florida,Illumination's Villain-Con Minion Blast,0,False
2026-08-24 05:38:43,Universal Studios Florida,Race Through New York Starring Jimmy Fallon™,0,False
2026-08-24 05:38:43,Universal Studios Florida,Revenge of the Mummy™,0,False
2026-08-24 05:38:43,Universal Studios Florida,Revenge of the Mummy™ Single Rider,0,True
2026-08-24 05:38:43,Universal Studios Florida,TRANSFORMERS™ The Ride-3D,0,False
2026-08-24 05:38:43,Universal Studios Florida,Fast & Furious - Supercharged™,0,True
2026-08-24 05:38:43,Universal Studios Florida,Fast & Furious - Supercharged™ Single Rider,0,True
2026-08-24 05:38:43,Universal Studios Florida,Harry Potter and the Escape from Gringotts™,0,False
2026-08-24 05:38:43,Universal Studios Florida,Harry Potter and the Escape from Gringotts™ Single Rider,0,True
2026-08-24 05:38:43,Universal Studios Florida,Hogwarts Express™ - King's Cross Station,0,False
2026-08-24 05:38:43,Universal Studios Florida,Hogwarts™ Express - First Train,0,False
2026-08-24 05:38:43,Universal Studios Florida,Hogwarts™ Express - Last Train,0,False
2026-08-24 05:38:43,Universal Studios Florida,Ollivanders™ Experience in Diagon Alley™,5,True
2026-08-24 05:38:43,Universal Studios Florida,Kang & Kodos' Twirl 'n' Hurl,0,False
2026-08-24 05:38:43,Universal Studios Florida,MEN IN BLACK™ Alien Attack!,0,False
2026-08-24 05:38:43,Universal Studios Florida,MEN IN BLACK™ Alien Attack!™ Single Rider,0,True
2026-08-24 05:38:43,Universal Studios Florida,The Simpsons Ride™,0,False
2026-08-24 05:38:43,Epic Universe,Constellation Carousel,0,False
2026-08-24 05:38:43,Epic Universe,Stardust Racers,0,False
2026-08-24 05:38:43,Epic Universe,Stardust Racers Single Rider,0,False
2026-08-24 05:38:43,Epic Universe,Curse of the Werewolf,0,False
2026-08-24 05:38:43,Epic Universe,Curse of the Werewolf Single Rider,0,True
2026-08-24 05:38:43,Epic Universe,Monsters Unchained: The Frankenstein Experiment,0,False
2026-08-24 05:38:43,Epic Universe,Dragon Racer's Rally,0,False
2026-08-24 05:38:43,Epic Universe,Fyre Drill,0,False
2026-08-24 05:38:43,Epic Universe,Hiccup's Wing Gliders,0,False
2026-08-24 05:38:43,Epic Universe,Meet Toothless and Friends,25,True
2026-08-24 05:38:43,Epic Universe,Bowser Jr. Challenge,0,False
2026-08-24 05:38:43,Epic Universe,Mario Kart™: Bowser's Challenge,0,False
2026-08-24 05:38:43,Epic Universe,Mario Kart™: Bowser's Challenge Single Rider,0,True
2026-08-24 05:38:43,Epic Universe,Mine-Cart Madness™,0,False
2026-08-24 05:38:43,Epic Universe,Mine-Cart Madness™ Single Rider,0,True
2026-08-24 05:38:43,Epic Universe,Yoshi's Adventure™,0,False
2026-08-24 05:38:43,Epic Universe,Harry Potter and the Battle at the Ministry™,0,False
2026-08-24 05:38:43,Epic Universe,Harry Potter and the Battle at the Ministry™ Single Rider,0,True
2026-08-24 06:23:55,Islands of Adventure,Camp Jurassic™,0,False
2026-08-24 06:23:55,Islands of Adventure,Jurassic Park Discovery Center,0,False
2026-08-24 06:23:55,Islands of Adventure,Jurassic Park River Adventure,0,False
2026-08-24 06:23:55,Islands of Adventure,Jurassic World VelociCoaster,0,False
2026-08-24 06:23:55,Islands of Adventure,Pteranodon Flyers,0,False
2026-08-24 06:23:55,Islands of Adventure,Skull Island: Reign of Kong,0,False
2026-08-24 06:23:55,Islands of Adventure,Doctor Doom's Fearfall®,0,False
2026-08-24 06:23:55,Islands of Adventure,Doctor Doom's Fearfall® Single Rider,0,False
2026-08-24 06:23:55,Islands of Adventure,Storm Force Accelatron®,0,False
2026-08-24 06:23:55,Islands of Adventure,The Amazing Adventures of Spider-Man®,0,False
2026-08-24 06:23:55,Islands of Adventure,The Incredible Hulk Coaster®,0,False
2026-08-24 06:23:55,Islands of Adventure,The Incredible Hulk Coaster® Single Rider,0,True
2026-08-24 06:23:55,Islands of Adventure,Caro-Seuss-el™,0,False
2026-08-24 06:23:55,Islands of Adventure,If I Ran The Zoo™,0,False
2026-08-24 06:23:55,Islands of Adventure,"One Fish, Two Fish, Red Fish, Blue Fish™",0,False
2026-08-24 06:23:55,Islands of Adventure,The Cat in The Hat™,0,False
2026-08-24 06:23:55,Islands of Adventure,The High in the Sky Seuss Trolley Train Ride!™,0,False
2026-08-24 06:23:55,Islands of Adventure,Flight of the Hippogriff™,0,False
2026-08-24 06:23:55,Islands of Adventure,Hagrid's Magical Creatures Motorbike Adventure™,0,False
2026-08-24 06:23:55,Islands of Adventure,Hagrid's Magical Creatures Motorbike Adventure™ Single Rider,0,True
2026-08-24 06:23:55,Islands of Adventure,Harry Potter and the Forbidden Journey™,0,False
2026-08-24 06:23:55,Islands of Adventure,Harry Potter and the Forbidden Journey™ Single Rider,0,False
2026-08-24 06:23:55,Islands of Adventure,Hogwarts Express™ - Hogsmeade™ Station,0,False
2026-08-24 06:23:55,Islands of Adventure,Ollivanders™ Experience in Hogsmeade™,15,True
2026-08-24 06:23:55,Islands of Adventure,Dudley Do-Right's Ripsaw Falls®,0,False
2026-08-24 06:23:55,Islands of Adventure,"Me Ship, The Olive®",0,False
2026-08-24 06:23:55,Islands of Adventure,Popeye & Bluto's Bilge-Rat Barges®,0,False
2026-08-24 06:23:55,Universal Studios Florida,Trolls Trollercoaster,0,False
2026-08-24 06:23:55,Universal Studios Florida,E.T. Adventure,0,False
2026-08-24 06:23:55,Universal Studios Florida,Despicable Me Minion Mayhem™,0,False
2026-08-24 06:23:55,Universal Studios Florida,Illumination's Villain-Con Minion Blast,0,False
2026-08-24 06:23:55,Universal Studios Florida,Race Through New York Starring Jimmy Fallon™,0,False
2026-08-24 06:23:55,Universal Studios Florida,Revenge of the Mummy™,0,False
2026-08-24 06:23:55,Universal Studios Florida,Revenge of the Mummy™ Single Rider,0,True
2026-08-24 06:23:55,Universal Studios Florida,TRANSFORMERS™ The Ride-3D,0,False
2026-08-24 06:23:55,Universal Studios Florida,Fast & Furious - Supercharged™,0,True
2026-08-24 06:23:55,Universal Studios Florida,Fast & Furious - Supercharged™ Single Rider,0,True
2026-08-24 06:23:55,Universal Studios Florida,Harry Potter and the Escape from Gringotts™,0,False
2026-08-24 06:23:55,Universal Studios Florida,Harry Potter and the Escape from Gringotts™ Single Rider,0,True
2026-08-24 06:23:55,Universal Studios Florida,Hogwarts Express™ - King's Cross Station,0,False
2026-08-24 06:23:55,Universal Studios Florida,Hogwarts™ Express - First Train,0,False
2026-08-24 06:23:55,Universal Studios Florida,Hogwarts™ Express - Last Train,0,False
2026-08-24 06:23:55,Universal Studios Florida,Ollivanders™ Experience in Diagon Alley™,5,True
2026-08-24 06:23:55,Universal Studios Florida,Kang & Kodos' Twirl 'n' Hurl,0,False
2026-08-24 06:23:55,Universal Studios Florida,MEN IN BLACK™ Alien Attack!,0,False
2026-08-24 06:23:55,Universal Studios Florida,MEN IN BLACK™ Alien Attack!™ Single Rider,0,True
2026-08-24 06:23:55,Universal Studios Florida,The Simpsons Ride™,0,False
2026-08-24 06:23:55,Epic Universe,Constellation Carousel,0,False
2026-08-24 06:23:55,Epic Universe,Stardust Racers,0,False
2026-08-24 06:23:55,Epic Universe,Stardust Racers Single Rider,0,False
2026-08-24 06:23:55,Epic Universe,Curse of the Werewolf,0,False
2026-08-24 06:23:55,Epic Universe,Curse of the Werewolf Single Rider,0,True
2026-08-24 06:23:55,Epic Universe,Monsters Unchained: The Frankenstein Experiment,0,False
2026-08-24 06:23:55,Epic Universe,Dragon Racer's Rally,0,False
2026-08-24 06:23:55,Epic Universe,Fyre Drill,0,False
2026-08-24 06:23:55,Epic Universe,Hiccup's Wing Gliders,0,False
2026-08-24 06:23:55,Epic Universe,Meet Toothless and Friends,25,True
2026-08-24 06:23:55,Epic Universe,Bowser Jr. Challenge,0,False
2026-08-24 06:23:55,Epic Universe,Mario Kart™: Bowser's Challenge,0,False
2026-08-24 06:23:55,Epic Universe,Mario Kart™: Bowser's Challenge Single Rider,0,True
2026-08-24 06:23:55,Epic Universe,Mine-Cart Madness™,0,False
2026-08-24 06:23:55,Epic Universe,Mine-Cart Madness™ Single Rider,0,True
2026-08-24 06:23:55,Epic Universe,Yoshi's Adventure™,0,False
2026-08-24 06:23:55,Epic Universe,Harry Potter and the Battle at the Ministry™,0,False
2026-08-24 06:23:55,Epic Universe,Harry Potter and the Battle at the Ministry™ Single Rider,0,True
2026-08-24 07:37:19,Islands of Adventure,Camp Jurassic™,0,False
2026-08-24 07:37:19,Islands of Adventure,Jurassic Park Discovery Center,0,False
2026-08-24 07:37:19,Islands of Adventure,Jurassic Park River Adventure,0,False
2026-08-24 07:37:19,Islands of Adventure,Jurassic World VelociCoaster,0,False
2026-08-24 07:37:19,Islands of Adventure,Pteranodon Flyers,0,False
2026-08-24 07:37:19,Islands of Adventure,Skull Island: Reign of Kong,0,False
2026-08-24 07:37:19,Islands of Adventure,Doctor Doom's Fearfall®,0,False
2026-08-24 07:37:19,Islands of Adventure,Doctor Doom's Fearfall® Single Rider,0,False
2026-08-24 07:37:19,Islands of Adventure,Storm Force Accelatron®,0,False
2026-08-24 07:37:19,Islands of Adventure,The Amazing Adventures of Spider-Man®,0,False
2026-08-24 07:37:19,Islands of Adventure,The Incredible Hulk Coaster®,0,False
2026-08-24 07:37:19,Islands of Adventure,The Incredible Hulk Coaster® Single Rider,0,True
2026-08-24 07:37:19,Islands of Adventure,Caro-Seuss-el™,0,False
2026-08-24 07:37:19,Islands of Adventure,If I Ran The Zoo™,0,False
2026-08-24 07:37:19,Islands of Adventure,"One Fish, Two Fish, Red Fish, Blue Fish™",0,False
2026-08-24 07:37:19,Islands of Adventure,The Cat in The Hat™,0,False
2026-08-24 07:37:19,Islands of Adventure,The High in the Sky Seuss Trolley Train Ride!™,0,False
2026-08-24 07:37:19,Islands of Adventure,Flight of the Hippogriff™,0,False
2026-08-24 07:37:19,Islands of Adventure,Hagrid's Magical Creatures Motorbike Adventure™,0,False
2026-08-24 07:37:19,Islands of Adventure,Hagrid's Magical Creatures Motorbike Adventure™ Single Rider,0,True
2026-08-24 07:37:19,Islands of Adventure,Harry Potter and the Forbidden Journey™,0,False
2026-08-24 07:37:19,Islands of Adventure,Harry Potter and the Forbidden Journey™ Single Rider,0,False
2026-08-24 07:37:19,Islands of Adventure,Hogwarts Express™ - Hogsmeade™ Station,0,False
2026-08-24 07:37:19,Islands of Adventure,Ollivanders™ Experience in Hogsmeade™,15,True
2026-08-24 07:37:19,Islands of Adventure,Dudley Do-Right's Ripsaw Falls®,0,False
2026-08-24 07:37:19,Islands of Adventure,"Me Ship, The Olive®",0,False
2026-08-24 07:37:19,Islands of Adventure,Popeye & Bluto's Bilge-Rat Barges®,0,False
2026-08-24 07:37:19,Universal Studios Florida,Trolls Trollercoaster,0,False
2026-08-24 07:37:19,Universal Studios Florida,E.T. Adventure,0,False
2026-08-24 07:37:19,Universal Studios Florida,Despicable Me Minion Mayhem™,0,False
2026-08-24 07:37:19,Universal Studios Florida,Illumination's Villain-Con Minion Blast,0,False
2026-08-24 07:37:19,Universal Studios Florida,Race Through New York Starring Jimmy Fallon™,0,False
2026-08-24 07:37:19,Universal Studios Florida,Revenge of the Mummy™,0,False
2026-08-24 07:37:19,Universal Studios Florida,Revenge of the Mummy™ Single Rider,0,True
2026-08-24 07:37:19,Universal Studios Florida,TRANSFORMERS™ The Ride-3D,0,False
2026-08-24 07:37:19,Universal Studios Florida,Fast & Furious - Supercharged™,0,True
2026-08-24 07:37:19,Universal Studios Florida,Fast & Furious - Supercharged™ Single Rider,0,True
2026-08-24 07:37:19,Universal Studios Florida,Harry Potter and the Escape from Gringotts™,0,False
2026-08-24 07:37:19,Universal Studios Florida,Harry Potter and the Escape from Gringotts™ Single Rider,0,True
2026-08-24 07:37:19,Universal Studios Florida,Hogwarts Express™ - King's Cross Station,0,False
2026-08-24 07:37:19,Universal Studios Florida,Hogwarts™ Express - First Train,0,False
2026-08-24 07:37:19,Universal Studios Florida,Hogwarts™ Express - Last Train,0,False
2026-08-24 07:37:19,Universal Studios Florida,Ollivanders™ Experience in Diagon Alley™,5,True
2026-08-24 07:37:19,Universal Studios Florida,Kang & Kodos' Twirl 'n' Hurl,0,False
2026-08-24 07:37:19,Universal Studios Florida,MEN IN BLACK™ Alien Attack!,0,False
2026-08-24 07:37:19,Universal Studios Florida,MEN IN BLACK™ Alien Attack!™ Single Rider,0,True
2026-08-24 07:37:19,Universal Studios Florida,The Simpsons Ride™,0,False
2026-08-24 07:37:19,Epic Universe,Constellation Carousel,0,False
2026-08-24 07:37:19,Epic Universe,Stardust Racers,0,False
2026-08-24 07:37:19,Epic Universe,Stardust Racers Single Rider,0,False
2026-08-24 07:37:19,Epic Universe,Curse of the Werewolf,0,False
2026-08-24 07:37:19,Epic Universe,Curse of the Werewolf Single Rider,0,True
2026-08-24 07:37:19,Epic Universe,Monsters Unchained: The Frankenstein Experiment,0,False
2026-08-24 07:37:19,Epic Universe,Dragon Racer's Rally,0,False
2026-08-24 07:37:19,Epic Universe,Fyre Drill,0,False
2026-08-24 07:37:19,Epic Universe,Hiccup's Wing Gliders,0,False
2026-08-24 07:37:19,Epic Universe,Meet Toothless and Friends,25,True
2026-08-24 07:37:19,Epic Universe,Bowser Jr. Challenge,0,False
2026-08-24 07:37:19,Epic Universe,Mario Kart™: Bowser's Challenge,0,False
2026-08-24 07:37:19,Epic Universe,Mario Kart™: Bowser's Challenge Single Rider,0,True
2026-08-24 07:37:19,Epic Universe,Mine-Cart Madness™,0,False
2026-08-24 07:37:19,Epic Universe,Mine-Cart Madness™ Single Rider,0,True
2026-08-24 07:37:19,Epic Universe,Yoshi's Adventure™,0,False
2026-08-24 07:37:19,Epic Universe,Harry Potter and the Battle at the Ministry™,0,False
2026-08-24 07:37:19,Epic Universe,Harry Potter and the Battle at the Ministry™ Single Rider,0,True
2026-08-24 08:26:46,Islands of Adventure,Camp Jurassic™,0,False
2026-08-24 08:26:46,Islands of Adventure,Jurassic Park Discovery Center,0,False
2026-08-24 08:26:46,Islands of Adventure,Jurassic Park River Adventure,0,False
2026-08-24 08:26:46,Islands of Adventure,Jurassic World VelociCoaster,0,False
2026-08-24 08:26:46,Islands of Adventure,Pteranodon Flyers,0,False
2026-08-24 08:26:46,Islands of Adventure,Skull Island: Reign of Kong,0,False
2026-08-24 08:26:46,Islands of Adventure,Doctor Doom's Fearfall®,0,False
2026-08-24 08:26:46,Islands of Adventure,Doctor Doom's Fearfall® Single Rider,0,False
2026-08-24 08:26:46,Islands of Adventure,Storm Force Accelatron®,0,False
2026-08-24 08:26:46,Islands of Adventure,The Amazing Adventures of Spider-Man®,0,False
2026-08-24 08:26:46,Islands of Adventure,The Incredible Hulk Coaster®,0,False
2026-08-24 08:26:46,Islands of Adventure,The Incredible Hulk Coaster® Single Rider,0,True
2026-08-24 08:26:46,Islands of Adventure,Caro-Seuss-el™,0,False
2026-08-24 08:26:46,Islands of Adventure,If I Ran The Zoo™,0,False
2026-08-24 08:26:46,Islands of Adventure,"One Fish, Two Fish, Red Fish, Blue Fish™",0,False
2026-08-24 08:26:46,Islands of Adventure,The Cat in The Hat™,0,False
2026-08-24 08:26:46,Islands of Adventure,The High in the Sky Seuss Trolley Train Ride!™,0,False
2026-08-24 08:26:46,Islands of Adventure,Flight of the Hippogriff™,0,False
2026-08-24 08:26:46,Islands of Adventure,Hagrid's Magical Creatures Motorbike Adventure™,0,False
2026-08-24 08:26:46,Islands of Adventure,Hagrid's Magical Creatures Motorbike Adventure™ Single Rider,0,True
2026-08-24 08:26:46,Islands of Adventure,Harry Potter and the Forbidden Journey™,0,False
2026-08-24 08:26:46,Islands of Adventure,Harry Potter and the Forbidden Journey™ Single Rider,0,False
2026-08-24 08:26:46,Islands of Adventure,Hogwarts Express™ - Hogsmeade™ Station,0,False
2026-08-24 08:26:46,Islands of Adventure,Ollivanders™ Experience in Hogsmeade™,15,True
2026-08-24 08:26:46,Islands of Adventure,Dudley Do-Right's Ripsaw Falls®,0,False
2026-08-24 08:26:46,Islands of Adventure,"Me Ship, The Olive®",0,False
2026-08-24 08:26:46,Islands of Adventure,Popeye & Bluto's Bilge-Rat Barges®,0,False
2026-08-24 08:26:46,Universal Studios Florida,Trolls Trollercoaster,0,False
2026-08-24 08:26:46,Universal Studios Florida,E.T. Adventure,0,False
2026-08-24 08:26:46,Universal Studios Florida,Despicable Me Minion Mayhem™,0,False
2026-08-24 08:26:46,Universal Studios Florida,Illumination's Villain-Con Minion Blast,0,False
2026-08-24 08:26:46,Universal Studios Florida,Race Through New York Starring Jimmy Fallon™,0,False
2026-08-24 08:26:46,Universal Studios Florida,Revenge of the Mummy™,0,False
2026-08-24 08:26:46,Universal Studios Florida,Revenge of the Mummy™ Single Rider,0,True
2026-08-24 08:26:46,Universal Studios Florida,TRANSFORMERS™ The Ride-3D,0,False
2026-08-24 08:26:46,Universal Studios Florida,Fast & Furious - Supercharged™,0,True
2026-08-24 08:26:46,Universal Studios Florida,Fast & Furious - Supercharged™ Single Rider,0,True
2026-08-24 08:26:46,Universal Studios Florida,Harry Potter and the Escape from Gringotts™,0,False
2026-08-24 08:26:46,Universal Studios Florida,Harry Potter and the Escape from Gringotts™ Single Rider,0,True
2026-08-24 08:26:46,Universal Studios Florida,Hogwarts Express™ - King's Cross Station,0,False
2026-08-24 08:26:46,Universal Studios Florida,Hogwarts™ Express - First Train,0,False
2026-08-24 08:26:46,Universal Studios Florida,Hogwarts™ Express - Last Train,0,False
2026-08-24 08:26:46,Universal Studios Florida,Ollivanders™ Experience in Diagon Alley™,5,True
2026-08-24 08:26:46,Universal Studios Florida,Kang & Kodos' Twirl 'n' Hurl,0,False
2026-08-24 08:26:46,Universal Studios Florida,MEN IN BLACK™ Alien Attack!,0,False
2026-08-24 08:26:46,Universal Studios Florida,MEN IN BLACK™ Alien Attack!™ Single Rider,0,True
2026-08-24 08:26:46,Universal Studios Florida,The Simpsons Ride™,0,False
2026-08-24 08:26:46,Epic Universe,Constellation Carousel,0,False
2026-08-24 08:26:46,Epic Universe,Stardust Racers,0,False
2026-08-24 08:26:46,Epic Universe,Stardust Racers Single Rider,0,False
2026-08-24 08:26:46,Epic Universe,Curse of the Werewolf,0,False
2026-08-24 08:26:46,Epic Universe,Curse of the Werewolf Single Rider,0,True
2026-08-24 08:26:46,Epic Universe,Monsters Unchained: The Frankenstein Experiment,0,False
2026-08-24 08:26:46,Epic Universe,Dragon Racer's Rally,0,False
2026-08-24 08:26:46,Epic Universe,Fyre Drill,0,False
2026-08-24 08:26:46,Epic Universe,Hiccup's Wing Gliders,0,False
2026-08-24 08:26:46,Epic Universe,Meet Toothless and Friends,25,True
2026-08-24 08:26:46,Epic Universe,Bowser Jr. Challenge,0,False
2026-08-24 08:26:46,Epic Universe,Mario Kart™: Bowser's Challenge,0,False
2026-08-24 08:26:46,Epic Universe,Mario Kart™: Bowser's Challenge Single Rider,0,True
2026-08-24 08:26:46,Epic Universe,Mine-Cart Madness™,0,False
2026-08-24 08:26:46,Epic Universe,Mine-Cart Madness™ Single Rider,0,True
2026-08-24 08:26:46,Epic Universe,Yoshi's Adventure™,0,False
2026-08-24 08:26:46,Epic Universe,Harry Potter and the Battle at the Ministry™,0,False
2026-08-24 08:26:46,Epic Universe,Harry Potter and the Battle at the Ministry™ Single Rider,0,True
2026-08-24 09:24:40,Islands of Adventure,Camp Jurassic™,0,False
2026-08-24 09:24:40,Islands of Adventure,Jurassic Park Discovery Center,0,False
2026-08-24 09:24:40,Islands of Adventure,Jurassic Park River Adventure,0,False
2026-08-24 09:24:40,Islands of Adventure,Jurassic World VelociCoaster,0,False
2026-08-24 09:24:40,Islands of Adventure,Pteranodon Flyers,0,False
2026-08-24 09:24:40,Islands of Adventure,Skull Island: Reign of Kong,0,False
2026-08-24 09:24:40,Islands of Adventure,Doctor Doom's Fearfall®,0,False
2026-08-24 09:24:40,Islands of Adventure,Doctor Doom's Fearfall® Single Rider,0,False
2026-08-24 09:24:40,Islands of Adventure,Storm Force Accelatron®,0,False
2026-08-24 09:24:40,Islands of Adventure,The Amazing Adventures of Spider-Man®,0,False
2026-08-24 09:24:40,Islands of Adventure,The Incredible Hulk Coaster®,0,False
2026-08-24 09:24:40,Islands of Adventure,The Incredible Hulk Coaster® Single Rider,0,True
2026-08-24 09:24:40,Islands of Adventure,Caro-Seuss-el™,0,False
2026-08-24 09:24:40,Islands of Adventure,If I Ran The Zoo™,0,False
2026-08-24 09:24:40,Islands of Adventure,"One Fish, Two Fish, Red Fish, Blue Fish™",0,False
2026-08-24 09:24:40,Islands of Adventure,The Cat in The Hat™,0,False
2026-08-24 09:24:40,Islands of Adventure,The High in the Sky Seuss Trolley Train Ride!™,0,False
2026-08-24 09:24:40,Islands of Adventure,Flight of the Hippogriff™,0,False
2026-08-24 09:24:40,Islands of Adventure,Hagrid's Magical Creatures Motorbike Adventure™,0,False
2026-08-24 09:24:40,Islands of Adventure,Hagrid's Magical Creatures Motorbike Adventure™ Single Rider,0,True
2026-08-24 09:24:40,Islands of Adventure,Harry Potter and the Forbidden Journey™,0,False
2026-08-24 09:24:40,Islands of Adventure,Harry Potter and the Forbidden Journey™ Single Rider,0,False
2026-08-24 09:24:40,Islands of Adventure,Hogwarts Express™ - Hogsmeade™ Station,0,False
2026-08-24 09:24:40,Islands of Adventure,Ollivanders™ Experience in Hogsmeade™,15,True
2026-08-24 09:24:40,Islands of Adventure,Dudley Do-Right's Ripsaw Falls®,0,False
2026-08-24 09:24:40,Islands of Adventure,"Me Ship, The Olive®",0,False
2026-08-24 09:24:40,Islands of Adventure,Popeye & Bluto's Bilge-Rat Barges®,0,False
2026-08-24 09:24:40,Universal Studios Florida,Trolls Trollercoaster,0,False
2026-08-24 09:24:40,Universal Studios Florida,E.T. Adventure,0,False
2026-08-24 09:24:40,Universal Studios Florida,Despicable Me Minion Mayhem™,0,False
2026-08-24 09:24:40,Universal Studios Florida,Illumination's Villain-Con Minion Blast,0,False
2026-08-24 09:24:40,Universal Studios Florida,Race Through New York Starring Jimmy Fallon™,0,False
2026-08-24 09:24:40,Universal Studios Florida,Revenge of the Mummy™,0,False
2026-08-24 09:24:40,Universal Studios Florida,Revenge of the Mummy™ Single Rider,0,True
2026-08-24 09:24:40,Universal Studios Florida,TRANSFORMERS™ The Ride-3D,0,False
2026-08-24 09:24:40,Universal Studios Florida,Fast & Furious - Supercharged™,0,True
2026-08-24 09:24:40,Universal Studios Florida,Fast & Furious - Supercharged™ Single Rider,0,True
2026-08-24 09:24:40,Universal Studios Florida,Harry Potter and the Escape from Gringotts™,0,False
2026-08-24 09:24:40,Universal Studios Florida,Harry Potter and the Escape from Gringotts™ Single Rider,0,True
2026-08-24 09:24:40,Universal Studios Florida,Hogwarts Express™ - King's Cross Station,0,False
2026-08-24 09:24:40,Universal Studios Florida,Hogwarts™ Express - First Train,0,False
2026-08-24 09:24:40,Universal Studios Florida,Hogwarts™ Express - Last Train,0,False
2026-08-24 09:24:40,Universal Studios Florida,Ollivanders™ Experience in Diagon Alley™,5,True
2026-08-24 09:24:40,Universal Studios Florida,Kang & Kodos' Twirl 'n' Hurl,0,False
2026-08-24 09:24:40,Universal Studios Florida,MEN IN BLACK™ Alien Attack!,0,False
2026-08-24 09:24:40,Universal Studios Florida,MEN IN BLACK™ Alien Attack!™ Single Rider,0,True
2026-08-24 09:24:40,Universal Studios Florida,The Simpsons Ride™,0,False
2026-08-24 09:24:40,Epic Universe,Constellation Carousel,0,False
2026-08-24 09:24:40,Epic Universe,Stardust Racers,0,False
2026-08-24 09:24:40,Epic Universe,Stardust Racers Single Rider,0,False
2026-08-24 09:24:40,Epic Universe,Curse of the Werewolf,0,False
2026-08-24 09:24:40,Epic Universe,Curse of the Werewolf Single Rider,0,True
2026-08-24 09:24:40,Epic Universe,Monsters Unchained: The Frankenstein Experiment,0,False
2026-08-24 09:24:40,Epic Universe,Dragon Racer's Rally,0,False
2026-08-24 09:24:40,Epic Universe,Fyre Drill,0,False
2026-08-24 09:24:40,Epic Universe,Hiccup's Wing Gliders,0,False
2026-08-24 09:24:40,Epic Universe,Meet Toothless and Friends,25,True
2026-08-24 09:24:40,Epic Universe,Bowser Jr. Challenge,0,False
2026-08-24 09:24:40,Epic Universe,Mario Kart™: Bowser's Challenge,0,False
2026-08-24 09:24:40,Epic Universe,Mario Kart™: Bowser's Challenge Single Rider,0,True
2026-08-24 09:24:40,Epic Universe,Mine-Cart Madness™,0,False
2026-08-24 09:24:40,Epic Universe,Mine-Cart Madness™ Single Rider,0,True
2026-08-24 09:24:40,Epic Universe,Yoshi's Adventure™,0,False
2026-08-24 09:24:40,Epic Universe,Harry Potter and the Battle at the Ministry™,0,False
2026-08-24 09:24:40,Epic Universe,Harry Potter and the Battle at the Ministry™ Single Rider,0,True
2026-08-24 10:10:36,Islands of Adventure,Camp Jurassic™,0,False
2026-08-24 10:10:36,Islands of Adventure,Jurassic Park Discovery Center,0,False
2026-08-24 10:10:36,Islands of Adventure,Jurassic Park River Adventure,0,False
2026-08-24 10:10:36,Islands of Adventure,Jurassic World VelociCoaster,0,False
2026-08-24 10:10:36,Islands of Adventure,Pteranodon Flyers,0,False
2026-08-24 10:10:36,Islands of Adventure,Skull Island: Reign of Kong,0,False
2026-08-24 10:10:36,Islands of Adventure,Doctor Doom's Fearfall®,0,False
2026-08-24 10:10:36,Islands of Adventure,Doctor Doom's Fearfall® Single Rider,0,False
2026-08-24 10:10:36,Islands of Adventure,Storm Force Accelatron®,0,False
2026-08-24 10:10:36,Islands of Adventure,The Amazing Adventures of Spider-Man®,0,False
2026-08-24 10:10:36,Islands of Adventure,The Incredible Hulk Coaster®,0,False
2026-08-24 10:10:36,Islands of Adventure,The Incredible Hulk Coaster® Single Rider,0,True
2026-08-24 10:10:36,Islands of Adventure,Caro-Seuss-el™,0,False
2026-08-24 10:10:36,Islands of Adventure,If I Ran The Zoo™,0,False
2026-08-24 10:10:36,Islands of Adventure,"One Fish, Two Fish, Red Fish, Blue Fish™",0,False
2026-08-24 10:10:36,Islands of Adventure,The Cat in The Hat™,0,False
2026-08-24 10:10:36,Islands of Adventure,The High in the Sky Seuss Trolley Train Ride!™,0,False
2026-08-24 10:10:36,Islands of Adventure,Flight of the Hippogriff™,0,False
2026-08-24 10:10:36,Islands of Adventure,Hagrid's Magical Creatures Motorbike Adventure™,0,False
2026-08-24 10:10:36,Islands of Adventure,Hagrid's Magical Creatures Motorbike Adventure™ Single Rider,0,True
2026-08-24 10:10:36,Islands of Adventure,Harry Potter and the Forbidden Journey™,0,False
2026-08-24 10:10:36,Islands of Adventure,Harry Potter and the Forbidden Journey™ Single Rider,0,False
2026-08-24 10:10:36,Islands of Adventure,Hogwarts Express™ - Hogsmeade™ Station,0,False
2026-08-24 10:10:36,Islands of Adventure,Ollivanders™ Experience in Hogsmeade™,15,True
2026-08-24 10:10:36,Islands of Adventure,Dudley Do-Right's Ripsaw Falls®,0,False
2026-08-24 10:10:36,Islands of Adventure,"Me Ship, The Olive®",0,False
2026-08-24 10:10:36,Islands of Adventure,Popeye & Bluto's Bilge-Rat Barges®,0,False
2026-08-24 10:10:36,Universal Studios Florida,Trolls Trollercoaster,0,False
2026-08-24 10:10:36,Universal Studios Florida,E.T. Adventure,0,False
2026-08-24 10:10:36,Universal Studios Florida,Despicable Me Minion Mayhem™,0,False
2026-08-24 10:10:36,Universal Studios Florida,Illumination's Villain-Con Minion Blast,0,False
2026-08-24 10:10:36,Universal Studios Florida,Race Through New York Starring Jimmy Fallon™,0,False
2026-08-24 10:10:36,Universal Studios Florida,Revenge of the Mummy™,0,False
2026-08-24 10:10:36,Universal Studios Florida,Revenge of the Mummy™ Single Rider,0,True
2026-08-24 10:10:36,Universal Studios Florida,TRANSFORMERS™ The Ride-3D,0,False
2026-08-24 10:10:36,Universal Studios Florida,Fast & Furious - Supercharged™,0,True
2026-08-24 10:10:36,Universal Studios Florida,Fast & Furious - Supercharged™ Single Rider,0,True
2026-08-24 10:10:36,Universal Studios Florida,Harry Potter and the Escape from Gringotts™,0,False
2026-08-24 10:10:36,Universal Studios Florida,Harry Potter and the Escape from Gringotts™ Single Rider,0,True
2026-08-24 10:10:36,Universal Studios Florida,Hogwarts Express™ - King's Cross Station,0,False
2026-08-24 10:10:36,Universal Studios Florida,Hogwarts™ Express - First Train,0,False
2026-08-24 10:10:36,Universal Studios Florida,Hogwarts™ Express - Last Train,0,False
2026-08-24 10:10:36,Universal Studios Florida,Ollivanders™ Experience in Diagon Alley™,5,True
2026-08-24 10:10:36,Universal Studios Florida,Kang & Kodos' Twirl 'n' Hurl,0,False
2026-08-24 10:10:36,Universal Studios Florida,MEN IN BLACK™ Alien Attack!,0,False
2026-08-24 10:10:36,Universal Studios Florida,MEN IN BLACK™ Alien Attack!™ Single Rider,0,True
2026-08-24 10:10:36,Universal Studios Florida,The Simpsons Ride™,0,False
2026-08-24 10:10:36,Epic Universe,Constellation Carousel,0,False
2026-08-24 10:10:36,Epic Universe,Stardust Racers,0,False
2026-08-24 10:10:36,Epic Universe,Stardust Racers Single Rider,0,False
2026-08-24 10:10:36,Epic Universe,Curse of the Werewolf,0,False
2026-08-24 10:10:36,Epic Universe,Curse of the Werewolf Single Rider,0,True
2026-08-24 10:10:36,Epic Universe,Monsters Unchained: The Frankenstein Experiment,0,False
2026-08-24 10:10:36,Epic Universe,Dragon Racer's Rally,0,False
2026-08-24 10:10:36,Epic Universe,Fyre Drill,0,False
2026-08-24 10:10:36,Epic Universe,Hiccup's Wing Gliders,0,False
2026-08-24 10:10:36,Epic Universe,Meet Toothless and Friends,25,True
2026-08-24 10:10:36,Epic Universe,Bowser Jr. Challenge,0,False
2026-08-24 10:10:36,Epic Universe,Mario Kart™: Bowser's Challenge,0,False
2026-08-24 10:10:36,Epic Universe,Mario Kart™: Bowser's Challenge Single Rider,0,True
2026-08-24 10:10:36,Epic Universe,Mine-Cart Madness™,0,False
2026-08-24 10:10:36,Epic Universe,Mine-Cart Madness™ Single Rider,0,True
2026-08-24 10:10:36,Epic Universe,Yoshi's Adventure™,0,False
2026-08-24 10:10:36,Epic Universe,Harry Potter and the Battle at the Ministry™,0,False
2026-08-24 10:10:36,Epic Universe,Harry Potter and the Battle at the Ministry™ Single Rider,0,True
2026-08-24 10:54:04,Islands of Adventure,Camp Jurassic™,0,False
2026-08-24 10:54:04,Islands of Adventure,Jurassic Park Discovery Center,0,False
2026-08-24 10:54:04,Islands of Adventure,Jurassic Park River Adventure,0,False
2026-08-24 10:54:04,Islands of Adventure,Jurassic World VelociCoaster,0,False
2026-08-24 10:54:04,Islands of Adventure,Pteranodon Flyers,0,False
2026-08-24 10:54:04,Islands of Adventure,Skull Island: Reign of Kong,0,False
2026-08-24 10:54:04,Islands of Adventure,Doctor Doom's Fearfall®,0,False
2026-08-24 10:54:04,Islands of Adventure,Doctor Doom's Fearfall® Single Rider,0,False
2026-08-24 10:54:04,Islands of Adventure,Storm Force Accelatron®,0,False
2026-08-24 10:54:04,Islands of Adventure,The Amazing Adventures of Spider-Man®,0,False
2026-08-24 10:54:04,Islands of Adventure,The Incredible Hulk Coaster®,0,False
2026-08-24 10:54:04,Islands of Adventure,The Incredible Hulk Coaster® Single Rider,0,True
2026-08-24 10:54:04,Islands of Adventure,Caro-Seuss-el™,0,False
2026-08-24 10:54:04,Islands of Adventure,If I Ran The Zoo™,0,False
2026-08-24 10:54:04,Islands of Adventure,"One Fish, Two Fish, Red Fish, Blue Fish™",0,False
2026-08-24 10:54:04,Islands of Adventure,The Cat in The Hat™,0,False
2026-08-24 10:54:04,Islands of Adventure,The High in the Sky Seuss Trolley Train Ride!™,0,False
2026-08-24 10:54:04,Islands of Adventure,Flight of the Hippogriff™,0,False
2026-08-24 10:54:04,Islands of Adventure,Hagrid's Magical Creatures Motorbike Adventure™,0,False
2026-08-24 10:54:04,Islands of Adventure,Hagrid's Magical Creatures Motorbike Adventure™ Single Rider,0,True
2026-08-24 10:54:04,Islands of Adventure,Harry Potter and the Forbidden Journey™,0,False
2026-08-24 10:54:04,Islands of Adventure,Harry Potter and the Forbidden Journey™ Single Rider,0,False
2026-08-24 10:54:04,Islands of Adventure,Hogwarts Express™ - Hogsmeade™ Station,0,False
2026-08-24 10:54:04,Islands of Adventure,Ollivanders™ Experience in Hogsmeade™,15,True
2026-08-24 10:54:04,Islands of Adventure,Dudley Do-Right's Ripsaw Falls®,0,False
2026-08-24 10:54:04,Islands of Adventure,"Me Ship, The Olive®",0,False
2026-08-24 10:54:04,Islands of Adventure,Popeye & Bluto's Bilge-Rat Barges®,0,False
2026-08-24 10:54:04,Universal Studios Florida,Trolls Trollercoaster,0,False
2026-08-24 10:54:04,Universal Studios Florida,E.T. Adventure,0,False
2026-08-24 10:54:04,Universal Studios Florida,Despicable Me Minion Mayhem™,0,False
2026-08-24 10:54:04,Universal Studios Florida,Illumination's Villain-Con Minion Blast,0,False
2026-08-24 10:54:04,Universal Studios Florida,Race Through New York Starring Jimmy Fallon™,0,False
2026-08-24 10:54:04,Universal Studios Florida,Revenge of the Mummy™,0,False
2026-08-24 10:54:04,Universal Studios Florida,Revenge of the Mummy™ Single Rider,0,True
2026-08-24 10:54:04,Universal Studios Florida,TRANSFORMERS™ The Ride-3D,0,False
2026-08-24 10:54:04,Universal Studios Florida,Fast & Furious - Supercharged™,0,True
2026-08-24 10:54:04,Universal Studios Florida,Fast & Furious - Supercharged™ Single Rider,0,True
2026-08-24 10:54:04,Universal Studios Florida,Harry Potter and the Escape from Gringotts™,0,False
2026-08-24 10:54:04,Universal Studios Florida,Harry Potter and the Escape from Gringotts™ Single Rider,0,True
2026-08-24 10:54:04,Universal Studios Florida,Hogwarts Express™ - King's Cross Station,0,False
2026-08-24 10:54:04,Universal Studios Florida,Hogwarts™ Express - First Train,0,False
2026-08-24 10:54:04,Universal Studios Florida,Hogwarts™ Express - Last Train,0,False
2026-08-24 10:54:04,Universal Studios Florida,Ollivanders™ Experience in Diagon Alley™,5,True
2026-08-24 10:54:04,Universal Studios Florida,Kang & Kodos' Twirl 'n' Hurl,0,False
2026-08-24 10:54:04,Universal Studios Florida,MEN IN BLACK™ Alien Attack!,0,False
2026-08-24 10:54:04,Universal Studios Florida,MEN IN BLACK™ Alien Attack!™ Single Rider,0,True
2026-08-24 10:54:04,Universal Studios Florida,The Simpsons Ride™,0,False
2026-08-24 10:54:04,Epic Universe,Constellation Carousel,0,False
2026-08-24 10:54:04,Epic Universe,Stardust Racers,0,False
2026-08-24 10:54:04,Epic Universe,Stardust Racers Single Rider,0,False
2026-08-24 10:54:04,Epic Universe,Curse of the Werewolf,0,False
2026-08-24 10:54:04,Epic Universe,Curse of the Werewolf Single Rider,0,True
2026-08-24 10:54:04,Epic Universe,Monsters Unchained: The Frankenstein Experiment,0,False
2026-08-24 10:54:04,Epic Universe,Dragon Racer's Rally,0,False
2026-08-24 10:54:04,Epic Universe,Fyre Drill,0,False
2026-08-24 10:54:04,Epic Universe,Hiccup's Wing Gliders,0,False
2026-08-24 10:54:04,Epic Universe,Meet Toothless and Friends,25,True
2026-08-24 10:54:04,Epic Universe,Bowser Jr. Challenge,0,False
2026-08-24 10:54:04,Epic Universe,Mario Kart™: Bowser's Challenge,0,False
2026-08-24 10:54:04,Epic Universe,Mario Kart™: Bowser's Challenge Single Rider,0,True
2026-08-24 10:54:04,Epic Universe,Mine-Cart Madness™,0,False
2026-08-24 10:54:04,Epic Universe,Mine-Cart Madness™ Single Rider,0,True
2026-08-24 10:54:04,Epic Universe,Yoshi's Adventure™,0,False
2026-08-24 10:54:04,Epic Universe,Harry Potter and the Battle at the Ministry™,0,False
2026-08-24 10:54:04,Epic Universe,Harry Potter and the Battle at the Ministry™ Single Rider,0,True
2026-08-24 11:29:43,Islands of Adventure,Camp Jurassic™,0,False
2026-08-24 11:29:43,Islands of Adventure,Jurassic Park Discovery Center,0,False
2026-08-24 11:29:43,Islands of Adventure,Jurassic Park River Adventure,0,False
2026-08-24 11:29:43,Islands of Adventure,Jurassic World VelociCoaster,0,False
2026-08-24 11:29:43,Islands of Adventure,Pteranodon Flyers,0,False
2026-08-24 11:29:43,Islands of Adventure,Skull Island: Reign of Kong,0,False
2026-08-24 11:29:43,Islands of Adventure,Doctor Doom's Fearfall®,0,False
2026-08-24 11:29:43,Islands of Adventure,Doctor Doom's Fearfall® Single Rider,0,False
2026-08-24 11:29:43,Islands of Adventure,Storm Force Accelatron®,0,False
2026-08-24 11:29:43,Islands of Adventure,The Amazing Adventures of Spider-Man®,0,False
2026-08-24 11:29:43,Islands of Adventure,The Incredible Hulk Coaster®,0,False
2026-08-24 11:29:43,Islands of Adventure,The Incredible Hulk Coaster® Single Rider,0,True
2026-08-24 11:29:43,Islands of Adventure,Caro-Seuss-el™,0,False
2026-08-24 11:29:43,Islands of Adventure,If I Ran The Zoo™,0,False
2026-08-24 11:29:43,Islands of Adventure,"One Fish, Two Fish, Red Fish, Blue Fish™",0,False
2026-08-24 11:29:43,Islands of Adventure,The Cat in The Hat™,0,False
2026-08-24 11:29:43,Islands of Adventure,The High in the Sky Seuss Trolley Train Ride!™,0,False
2026-08-24 11:29:43,Islands of Adventure,Flight of the Hippogriff™,0,False
2026-08-24 11:29:43,Islands of Adventure,Hagrid's Magical Creatures Motorbike Adventure™,0,False
2026-08-24 11:29:43,Islands of Adventure,Hagrid's Magical Creatures Motorbike Adventure™ Single Rider,0,True
2026-08-24 11:29:43,Islands of Adventure,Harry Potter and the Forbidden Journey™,0,False
2026-08-24 11:29:43,Islands of Adventure,Harry Potter and the Forbidden Journey™ Single Rider,0,False
2026-08-24 11:29:43,Islands of Adventure,Hogwarts Express™ - Hogsmeade™ Station,0,False
2026-08-24 11:29:43,Islands of Adventure,Ollivanders™ Experience in Hogsmeade™,15,True
2026-08-24 11:29:43,Islands of Adventure,Dudley Do-Right's Ripsaw Falls®,0,False
2026-08-24 11:29:43,Islands of Adventure,"Me Ship, The Olive®",0,False
2026-08-24 11:29:43,Islands of Adventure,Popeye & Bluto's Bilge-Rat Barges®,0,False
2026-08-24 11:29:43,Universal Studios Florida,Trolls Trollercoaster,0,False
2026-08-24 11:29:43,Universal Studios Florida,E.T. Adventure,0,False
2026-08-24 11:29:43,Universal Studios Florida,Despicable Me Minion Mayhem™,0,False
2026-08-24 11:29:43,Universal Studios Florida,Illumination's Villain-Con Minion Blast,0,False
2026-08-24 11:29:43,Universal Studios Florida,Race Through New York Starring Jimmy Fallon™,0,False
2026-08-24 11:29:43,Universal Studios Florida,Revenge of the Mummy™,0,False
2026-08-24 11:29:43,Universal Studios Florida,Revenge of the Mummy™ Single Rider,0,True
2026-08-24 11:29:43,Universal Studios Florida,TRANSFORMERS™ The Ride-3D,0,False
2026-08-24 11:29:43,Universal Studios Florida,Fast & Furious - Supercharged™,0,True
2026-08-24 11:29:43,Universal Studios Florida,Fast & Furious - Supercharged™ Single Rider,0,True
2026-08-24 11:29:43,Universal Studios Florida,Harry Potter and the Escape from Gringotts™,0,False
2026-08-24 11:29:43,Universal Studios Florida,Harry Potter and the Escape from Gringotts™ Single Rider,0,True
2026-08-24 11:29:43,Universal Studios Florida,Hogwarts Express™ - King's Cross Station,0,False
2026-08-24 11:29:43,Universal Studios Florida,Hogwarts™ Express - First Train,0,False
2026-08-24 11:29:43,Universal Studios Florida,Hogwarts™ Express - Last Train,0,False
2026-08-24 11:29:43,Universal Studios Florida,Ollivanders™ Experience in Diagon Alley™,5,True
2026-08-24 11:29:43,Universal Studios Florida,Kang & Kodos' Twirl 'n' Hurl,0,False
2026-08-24 11:29:43,Universal Studios Florida,MEN IN BLACK™ Alien Attack!,0,False
2026-08-24 11:29:43,Universal Studios Florida,MEN IN BLACK™ Alien Attack!™ Single Rider,0,True
2026-08-24 11:29:43,Universal Studios Florida,The Simpsons Ride™,0,False
2026-08-24 11:29:43,Epic Universe,Constellation Carousel,0,False
2026-08-24 11:29:43,Epic Universe,Stardust Racers,0,False
2026-08-24 11:29:43,Epic Universe,Stardust Racers Single Rider,0,False
2026-08-24 11:29:43,Epic Universe,Curse of the Werewolf,0,False
2026-08-24 11:29:43,Epic Universe,Curse of the Werewolf Single Rider,0,True
2026-08-24 11:29:43,Epic Universe,Monsters Unchained: The Frankenstein Experiment,0,False
2026-08-24 11:29:43,Epic Universe,Dragon Racer's Rally,0,False
2026-08-24 11:29:43,Epic Universe,Fyre Drill,0,False
2026-08-24 11:29:43,Epic Universe,Hiccup's Wing Gliders,0,False
2026-08-24 11:29:43,Epic Universe,Meet Toothless and Friends,25,True
2026-08-24 11:29:43,Epic Universe,Bowser Jr. Challenge,0,False
2026-08-24 11:29:43,Epic Universe,Mario Kart™: Bowser's Challenge,0,False
2026-08-24 11:29:43,Epic Universe,Mario Kart™: Bowser's Challenge Single Rider,0,True
2026-08-24 11:29:43,Epic Universe,Mine-Cart Madness™,0,False
2026-08-24 11:29:43,Epic Universe,Mine-Cart Madness™ Single Rider,0,True
2026-08-24 11:29:43,Epic Universe,Yoshi's Adventure™,0,False
2026-08-24 11:29:43,Epic Universe,Harry Potter and the Battle at the Ministry™,0,False
2026-08-24 11:29:43,Epic Universe,Harry Potter and the Battle at the Ministry™ Single Rider,0,True
2026-08-24 11:57:03,Islands of Adventure,Camp Jurassic™,0,False
2026-08-24 11:57:03,Islands of Adventure,Jurassic Park Discovery Center,0,False
2026-08-24 11:57:03,Islands of Adventure,Jurassic Park River Adventure,0,False
2026-08-24 11:57:03,Islands of Adventure,Jurassic World VelociCoaster,0,False
2026-08-24 11:57:03,Islands of Adventure,Pteranodon Flyers,0,False
2026-08-24 11:57:03,Islands of Adventure,Skull Island: Reign of Kong,0,False
2026-08-24 11:57:03,Islands of Adventure,Doctor Doom's Fearfall®,0,False
2026-08-24 11:57:03,Islands of Adventure,Doctor Doom's Fearfall® Single Rider,0,False
2026-08-24 11:57:03,Islands of Adventure,Storm Force Accelatron®,0,False
2026-08-24 11:57:03,Islands of Adventure,The Amazing Adventures of Spider-Man®,0,False
2026-08-24 11:57:03,Islands of Adventure,The Incredible Hulk Coaster®,0,False
2026-08-24 11:57:03,Islands of Adventure,The Incredible Hulk Coaster® Single Rider,0,True
2026-08-24 11:57:03,Islands of Adventure,Caro-Seuss-el™,0,False
2026-08-24 11:57:03,Islands of Adventure,If I Ran The Zoo™,0,False
2026-08-24 11:57:03,Islands of Adventure,"One Fish, Two Fish, Red Fish, Blue Fish™",0,False
2026-08-24 11:57:03,Islands of Adventure,The Cat in The Hat™,0,False
2026-08-24 11:57:03,Islands of Adventure,The High in the Sky Seuss Trolley Train Ride!™,0,False
2026-08-24 11:57:03,Islands of Adventure,Flight of the Hippogriff™,5,True
2026-08-24 11:57:03,Islands of Adventure,Hagrid's Magical Creatures Motorbike Adventure™,0,False
2026-08-24 11:57:03,Islands of Adventure,Hagrid's Magical Creatures Motorbike Adventure™ Single Rider,0,True
2026-08-24 11:57:03,Islands of Adventure,Harry Potter and the Forbidden Journey™,0,False
2026-08-24 11:57:03,Islands of Adventure,Harry Potter and the Forbidden Journey™ Single Rider,0,False
2026-08-24 11:57:03,Islands of Adventure,Hogwarts Express™ - Hogsmeade™ Station,0,False
2026-08-24 11:57:03,Islands of Adventure,Ollivanders™ Experience in Hogsmeade™,15,True
2026-08-24 11:57:03,Islands of Adventure,Dudley Do-Right's Ripsaw Falls®,0,False
2026-08-24 11:57:03,Islands of Adventure,"Me Ship, The Olive®",0,False
2026-08-24 11:57:03,Islands of Adventure,Popeye & Bluto's Bilge-Rat Barges®,0,False
2026-08-24 11:57:03,Universal Studios Florida,Trolls Trollercoaster,0,False
2026-08-24 11:57:03,Universal Studios Florida,E.T. Adventure,0,False
2026-08-24 11:57:03,Universal Studios Florida,Despicable Me Minion Mayhem™,0,False
2026-08-24 11:57:03,Universal Studios Florida,Illumination's Villain-Con Minion Blast,0,False
2026-08-24 11:57:03,Universal Studios Florida,Race Through New York Starring Jimmy Fallon™,0,False
2026-08-24 11:57:03,Universal Studios Florida,Revenge of the Mummy™,0,False
2026-08-24 11:57:03,Universal Studios Florida,Revenge of the Mummy™ Single Rider,0,True
2026-08-24 11:57:03,Universal Studios Florida,TRANSFORMERS™ The Ride-3D,0,False
2026-08-24 11:57:03,Universal Studios Florida,Fast & Furious - Supercharged™,0,True
2026-08-24 11:57:03,Universal Studios Florida,Fast & Furious - Supercharged™ Single Rider,0,True
2026-08-24 11:57:03,Universal Studios Florida,Harry Potter and the Escape from Gringotts™,0,False
2026-08-24 11:57:03,Universal Studios Florida,Harry Potter and the Escape from Gringotts™ Single Rider,0,True
2026-08-24 11:57:03,Universal Studios Florida,Hogwarts Express™ - King's Cross Station,0,False
2026-08-24 11:57:03,Universal Studios Florida,Hogwarts™ Express - First Train,0,False
2026-08-24 11:57:03,Universal Studios Florida,Hogwarts™ Express - Last Train,0,False
2026-08-24 11:57:03,Universal Studios Florida,Ollivanders™ Experience in Diagon Alley™,5,True
2026-08-24 11:57:03,Universal Studios Florida,Kang & Kodos' Twirl 'n' Hurl,0,False
2026-08-24 11:57:03,Universal Studios Florida,MEN IN BLACK™ Alien Attack!,0,False
2026-08-24 11:57:03,Universal Studios Florida,MEN IN BLACK™ Alien Attack!™ Single Rider,0,True
2026-08-24 11:57:03,Universal Studios Florida,The Simpsons Ride™,0,False
2026-08-24 11:57:03,Epic Universe,Constellation Carousel,0,False
2026-08-24 11:57:03,Epic Universe,Stardust Racers,0,False
2026-08-24 11:57:03,Epic Universe,Stardust Racers Single Rider,0,False
2026-08-24 11:57:03,Epic Universe,Curse of the Werewolf,0,False
2026-08-24 11:57:03,Epic Universe,Curse of the Werewolf Single Rider,0,True
2026-08-24 11:57:03,Epic Universe,Monsters Unchained: The Frankenstein Experiment,0,False
2026-08-24 11:57:03,Epic Universe,Dragon Racer's Rally,0,False
2026-08-24 11:57:03,Epic Universe,Fyre Drill,0,False
2026-08-24 11:57:03,Epic Universe,Hiccup's Wing Gliders,0,False
2026-08-24 11:57:03,Epic Universe,Meet Toothless and Friends,25,True
2026-08-24 11:57:03,Epic Universe,Bowser Jr. Challenge,0,False
2026-08-24 11:57:03,Epic Universe,Mario Kart™: Bowser's Challenge,0,False
2026-08-24 11:57:03,Epic Universe,Mario Kart™: Bowser's Challenge Single Rider,0,True
2026-08-24 11:57:03,Epic Universe,Mine-Cart Madness™,0,False
2026-08-24 11:57:03,Epic Universe,Mine-Cart Madness™ Single Rider,0,True
2026-08-24 11:57:03,Epic Universe,Yoshi's Adventure™,0,False
2026-08-24 11:57:03,Epic Universe,Harry Potter and the Battle at the Ministry™,0,False
2026-08-24 11:57:03,Epic Universe,Harry Potter and the Battle at the Ministry™ Single Rider,0,True
2026-08-24 13:01:28,Islands of Adventure,Camp Jurassic™,0,False
2026-08-24 13:01:28,Islands of Adventure,Jurassic Park Discovery Center,0,False
2026-08-24 13:01:28,Islands of Adventure,Jurassic Park River Adventure,0,False
2026-08-24 13:01:28,Islands of Adventure,Jurassic World VelociCoaster,15,True
2026-08-24 13:01:28,Islands of Adventure,Pteranodon Flyers,0,False
2026-08-24 13:01:28,Islands of Adventure,Skull Island: Reign of Kong,0,False
2026-08-24 13:01:28,Islands of Adventure,Doctor Doom's Fearfall®,5,True
2026-08-24 13:01:28,Islands of Adventure,Doctor Doom's Fearfall® Single Rider,0,False
2026-08-24 13:01:28,Islands of Adventure,Storm Force Accelatron®,5,True
2026-08-24 13:01:28,Islands of Adventure,The Amazing Adventures of Spider-Man®,5,True
2026-08-24 13:01:28,Islands of Adventure,The Incredible Hulk Coaster®,5,True
2026-08-24 13:01:28,Islands of Adventure,The Incredible Hulk Coaster® Single Rider,0,True
2026-08-24 13:01:28,Islands of Adventure,Caro-Seuss-el™,5,True
2026-08-24 13:01:28,Islands of Adventure,If I Ran The Zoo™,0,False
2026-08-24 13:01:28,Islands of Adventure,"One Fish, Two Fish, Red Fish, Blue Fish™",5,True
2026-08-24 13:01:28,Islands of Adventure,The Cat in The Hat™,5,True
2026-08-24 13:01:28,Islands of Adventure,The High in the Sky Seuss Trolley Train Ride!™,5,True
2026-08-24 13:01:28,Islands of Adventure,Flight of the Hippogriff™,5,True
2026-08-24 13:01:28,Islands of Adventure,Hagrid's Magical Creatures Motorbike Adventure™,70,True
2026-08-24 13:01:28,Islands of Adventure,Hagrid's Magical Creatures Motorbike Adventure™ Single Rider,0,True
2026-08-24 13:01:28,Islands of Adventure,Harry Potter and the Forbidden Journey™,10,True
2026-08-24 13:01:28,Islands of Adventure,Harry Potter and the Forbidden Journey™ Single Rider,0,False
2026-08-24 13:01:28,Islands of Adventure,Hogwarts Express™ - Hogsmeade™ Station,0,False
2026-08-24 13:01:28,Islands of Adventure,Ollivanders™ Experience in Hogsmeade™,10,True
2026-08-24 13:01:28,Islands of Adventure,Dudley Do-Right's Ripsaw Falls®,5,True
2026-08-24 13:01:28,Islands of Adventure,"Me Ship, The Olive®",0,False
2026-08-24 13:01:28,Islands of Adventure,Popeye & Bluto's Bilge-Rat Barges®,0,False
2026-08-24 13:01:28,Universal Studios Florida,Trolls Trollercoaster,0,False
2026-08-24 13:01:28,Universal Studios Florida,E.T. Adventure,0,False
2026-08-24 13:01:28,Universal Studios Florida,Despicable Me Minion Mayhem™,20,True
2026-08-24 13:01:28,Universal Studios Florida,Illumination's Villain-Con Minion Blast,5,True
2026-08-24 13:01:28,Universal Studios Florida,Race Through New York Starring Jimmy Fallon™,15,True
2026-08-24 13:01:28,Universal Studios Florida,Revenge of the Mummy™,15,True
2026-08-24 13:01:28,Universal Studios Florida,Revenge of the Mummy™ Single Rider,0,True
2026-08-24 13:01:28,Universal Studios Florida,TRANSFORMERS™ The Ride-3D,5,True
2026-08-24 13:01:28,Universal Studios Florida,Fast & Furious - Supercharged™,0,True
2026-08-24 13:01:28,Universal Studios Florida,Fast & Furious - Supercharged™ Single Rider,0,True
2026-08-24 13:01:28,Universal Studios Florida,Harry Potter and the Escape from Gringotts™,15,True
2026-08-24 13:01:28,Universal Studios Florida,Harry Potter and the Escape from Gringotts™ Single Rider,0,True
2026-08-24 13:01:28,Universal Studios Florida,Hogwarts Express™ - King's Cross Station,0,False
2026-08-24 13:01:28,Universal Studios Florida,Hogwarts™ Express - First Train,0,False
2026-08-24 13:01:28,Universal Studios Florida,Hogwarts™ Express - Last Train,0,False
2026-08-24 13:01:28,Universal Studios Florida,Ollivanders™ Experience in Diagon Alley™,5,True
2026-08-24 13:01:28,Universal Studios Florida,Kang & Kodos' Twirl 'n' Hurl,0,False
2026-08-24 13:01:28,Universal Studios Florida,MEN IN BLACK™ Alien Attack!,10,True
2026-08-24 13:01:28,Universal Studios Florida,MEN IN BLACK™ Alien Attack!™ Single Rider,0,True
2026-08-24 13:01:28,Universal Studios Florida,The Simpsons Ride™,15,True
2026-08-24 13:01:28,Epic Universe,Constellation Carousel,0,False
2026-08-24 13:01:28,Epic Universe,Stardust Racers,20,True
2026-08-24 13:01:28,Epic Universe,Stardust Racers Single Rider,0,False
2026-08-24 13:01:28,Epic Universe,Curse of the Werewolf,0,False
2026-08-24 13:01:28,Epic Universe,Curse of the Werewolf Single Rider,0,True
2026-08-24 13:01:28,Epic Universe,Monsters Unchained: The Frankenstein Experiment,10,True
2026-08-24 13:01:28,Epic Universe,Dragon Racer's Rally,5,True
2026-08-24 13:01:28,Epic Universe,Fyre Drill,0,False
2026-08-24 13:01:28,Epic Universe,Hiccup's Wing Gliders,15,True
2026-08-24 13:01:28,Epic Universe,Meet Toothless and Friends,80,True
2026-08-24 13:01:28,Epic Universe,Bowser Jr. Challenge,5,True
2026-08-24 13:01:28,Epic Universe,Mario Kart™: Bowser's Challenge,15,True
2026-08-24 13:01:28,Epic Universe,Mario Kart™: Bowser's Challenge Single Rider,0,True
2026-08-24 13:01:28,Epic Universe,Mine-Cart Madness™,70,True
2026-08-24 13:01:28,Epic Universe,Mine-Cart Madness™ Single Rider,0,True
2026-08-24 13:01:28,Epic Universe,Yoshi's Adventure™,5,True
2026-08-24 13:01:28,Epic Universe,Harry Potter and the Battle at the Ministry™,60,True
2026-08-24 13:01:28,Epic Universe,Harry Potter and the Battle at the Ministry™ Single Rider,0,True
2026-08-24 14:02:43,Islands of Adventure,Camp Jurassic™,0,False
2026-08-24 14:02:43,Islands of Adventure,Jurassic Park Discovery Center,0,False
2026-08-24 14:02:43,Islands of Adventure,Jurassic Park River Adventure,0,False
2026-08-24 14:02:43,Islands of Adventure,Jurassic World VelociCoaster,15,True
2026-08-24 14:02:43,Islands of Adventure,Pteranodon Flyers,15,True
2026-08-24 14:02:43,Islands of Adventure,Skull Island: Reign of Kong,5,True
2026-08-24 14:02:43,Islands of Adventure,Doctor Doom's Fearfall®,5,True
2026-08-24 14:02:43,Islands of Adventure,Doctor Doom's Fearfall® Single Rider,0,False
2026-08-24 14:02:43,Islands of Adventure,Storm Force Accelatron®,5,True
2026-08-24 14:02:43,Islands of Adventure,The Amazing Adventures of Spider-Man®,15,True
2026-08-24 14:02:43,Islands of Adventure,The Incredible Hulk Coaster®,15,True
2026-08-24 14:02:43,Islands of Adventure,The Incredible Hulk Coaster® Single Rider,0,True
2026-08-24 14:02:43,Islands of Adventure,Caro-Seuss-el™,5,True
2026-08-24 14:02:43,Islands of Adventure,If I Ran The Zoo™,0,False
2026-08-24 14:02:43,Islands of Adventure,"One Fish, Two Fish, Red Fish, Blue Fish™",5,True
2026-08-24 14:02:43,Islands of Adventure,The Cat in The Hat™,5,True
2026-08-24 14:02:43,Islands of Adventure,The High in the Sky Seuss Trolley Train Ride!™,5,True
2026-08-24 14:02:43,Islands of Adventure,Flight of the Hippogriff™,10,True
2026-08-24 14:02:43,Islands of Adventure,Hagrid's Magical Creatures Motorbike Adventure™,50,True
2026-08-24 14:02:43,Islands of Adventure,Hagrid's Magical Creatures Motorbike Adventure™ Single Rider,0,True
2026-08-24 14:02:43,Islands of Adventure,Harry Potter and the Forbidden Journey™,10,True
2026-08-24 14:02:43,Islands of Adventure,Harry Potter and the Forbidden Journey™ Single Rider,0,False
2026-08-24 14:02:43,Islands of Adventure,Hogwarts Express™ - Hogsmeade™ Station,10,True
2026-08-24 14:02:43,Islands of Adventure,Ollivanders™ Experience in Hogsmeade™,15,True
2026-08-24 14:02:43,Islands of Adventure,Dudley Do-Right's Ripsaw Falls®,10,True
2026-08-24 14:02:43,Islands of Adventure,"Me Ship, The Olive®",0,False
2026-08-24 14:02:43,Islands of Adventure,Popeye & Bluto's Bilge-Rat Barges®,5,True
2026-08-24 14:02:43,Universal Studios Florida,Trolls Trollercoaster,5,True
2026-08-24 14:02:43,Universal Studios Florida,E.T. Adventure,25,True
2026-08-24 14:02:43,Universal Studios Florida,Despicable Me Minion Mayhem™,30,True
2026-08-24 14:02:43,Universal Studios Florida,Illumination's Villain-Con Minion Blast,5,True
2026-08-24 14:02:43,Universal Studios Florida,Race Through New York Starring Jimmy Fallon™,15,True
2026-08-24 14:02:43,Universal Studios Florida,Revenge of the Mummy™,15,True
2026-08-24 14:02:43,Universal Studios Florida,Revenge of the Mummy™ Single Rider,0,True
2026-08-24 14:02:43,Universal Studios Florida,TRANSFORMERS™ The Ride-3D,5,True
2026-08-24 14:02:43,Universal Studios Florida,Fast & Furious - Supercharged™,0,True
2026-08-24 14:02:43,Universal Studios Florida,Fast & Furious - Supercharged™ Single Rider,0,True
2026-08-24 14:02:43,Universal Studios Florida,Harry Potter and the Escape from Gringotts™,15,True
2026-08-24 14:02:43,Universal Studios Florida,Harry Potter and the Escape from Gringotts™ Single Rider,0,True
2026-08-24 14:02:43,Universal Studios Florida,Hogwarts Express™ - King's Cross Station,10,True
2026-08-24 14:02:43,Universal Studios Florida,Hogwarts™ Express - First Train,0,False
2026-08-24 14:02:43,Universal Studios Florida,Hogwarts™ Express - Last Train,0,False
2026-08-24 14:02:43,Universal Studios Florida,Ollivanders™ Experience in Diagon Alley™,5,True
2026-08-24 14:02:43,Universal Studios Florida,Kang & Kodos' Twirl 'n' Hurl,5,True
2026-08-24 14:02:43,Universal Studios Florida,MEN IN BLACK™ Alien Attack!,10,True
2026-08-24 14:02:43,Universal Studios Florida,MEN IN BLACK™ Alien Attack!™ Single Rider,0,True
2026-08-24 14:02:43,Universal Studios Florida,The Simpsons Ride™,15,True
2026-08-24 14:02:43,Epic Universe,Constellation Carousel,5,True
2026-08-24 14:02:43,Epic Universe,Stardust Racers,10,True
2026-08-24 14:02:43,Epic Universe,Stardust Racers Single Rider,0,False
2026-08-24 14:02:43,Epic Universe,Curse of the Werewolf,35,True
2026-08-24 14:02:43,Epic Universe,Curse of the Werewolf Single Rider,0,True
2026-08-24 14:02:43,Epic Universe,Monsters Unchained: The Frankenstein Experiment,10,True
2026-08-24 14:02:43,Epic Universe,Dragon Racer's Rally,45,True
2026-08-24 14:02:43,Epic Universe,Fyre Drill,5,True
2026-08-24 14:02:43,Epic Universe,Hiccup's Wing Gliders,15,True
2026-08-24 14:02:43,Epic Universe,Meet Toothless and Friends,80,True
2026-08-24 14:02:43,Epic Universe,Bowser Jr. Challenge,5,True
2026-08-24 14:02:43,Epic Universe,Mario Kart™: Bowser's Challenge,40,True
2026-08-24 14:02:43,Epic Universe,Mario Kart™: Bowser's Challenge Single Rider,0,True
2026-08-24 14:02:43,Epic Universe,Mine-Cart Madness™,80,True
2026-08-24 14:02:43,Epic Universe,Mine-Cart Madness™ Single Rider,0,True
2026-08-24 14:02:43,Epic Universe,Yoshi's Adventure™,35,True
2026-08-24 14:02:43,Epic Universe,Harry Potter and the Battle at the Ministry™,60,True
2026-08-24 14:02:43,Epic Universe,Harry Potter and the Battle at the Ministry™ Single Rider,0,True
2026-08-24 15:00:11,Islands of Adventure,Camp Jurassic™,0,False
2026-08-24 15:00:11,Islands of Adventure,Jurassic Park Discovery Center,0,False
2026-08-24 15:00:11,Islands of Adventure,Jurassic Park River Adventure,0,False
2026-08-24 15:00:11,Islands of Adventure,Jurassic World VelociCoaster,20,True
2026-08-24 15:00:11,Islands of Adventure,Pteranodon Flyers,35,True
2026-08-24 15:00:11,Islands of Adventure,Skull Island: Reign of Kong,5,True
2026-08-24 15:00:11,Islands of Adventure,Doctor Doom's Fearfall®,5,True
2026-08-24 15:00:11,Islands of Adventure,Doctor Doom's Fearfall® Single Rider,0,False
2026-08-24 15:00:11,Islands of Adventure,Storm Force Accelatron®,5,True
2026-08-24 15:00:11,Islands of Adventure,The Amazing Adventures of Spider-Man®,35,True
2026-08-24 15:00:11,Islands of Adventure,The Incredible Hulk Coaster®,15,True
2026-08-24 15:00:11,Islands of Adventure,The Incredible Hulk Coaster® Single Rider,0,True
2026-08-24 15:00:11,Islands of Adventure,Caro-Seuss-el™,5,True
2026-08-24 15:00:11,Islands of Adventure,If I Ran The Zoo™,0,False
2026-08-24 15:00:11,Islands of Adventure,"One Fish, Two Fish, Red Fish, Blue Fish™",5,True
2026-08-24 15:00:11,Islands of Adventure,The Cat in The Hat™,5,True
2026-08-24 15:00:11,Islands of Adventure,The High in the Sky Seuss Trolley Train Ride!™,5,True
2026-08-24 15:00:11,Islands of Adventure,Flight of the Hippogriff™,50,True
2026-08-24 15:00:11,Islands of Adventure,Hagrid's Magical Creatures Motorbike Adventure™,50,True
2026-08-24 15:00:11,Islands of Adventure,Hagrid's Magical Creatures Motorbike Adventure™ Single Rider,0,True
2026-08-24 15:00:11,Islands of Adventure,Harry Potter and the Forbidden Journey™,10,True
2026-08-24 15:00:11,Islands of Adventure,Harry Potter and the Forbidden Journey™ Single Rider,0,False
2026-08-24 15:00:11,Islands of Adventure,Hogwarts Express™ - Hogsmeade™ Station,10,True
2026-08-24 15:00:11,Islands of Adventure,Ollivanders™ Experience in Hogsmeade™,25,True
2026-08-24 15:00:11,Islands of Adventure,Dudley Do-Right's Ripsaw Falls®,20,True
2026-08-24 15:00:11,Islands of Adventure,"Me Ship, The Olive®",0,False
2026-08-24 15:00:11,Islands of Adventure,Popeye & Bluto's Bilge-Rat Barges®,5,True
2026-08-24 15:00:11,Universal Studios Florida,Trolls Trollercoaster,5,True
2026-08-24 15:00:11,Universal Studios Florida,E.T. Adventure,25,True
2026-08-24 15:00:11,Universal Studios Florida,Despicable Me Minion Mayhem™,65,True
2026-08-24 15:00:11,Universal Studios Florida,Illumination's Villain-Con Minion Blast,5,True
2026-08-24 15:00:11,Universal Studios Florida,Race Through New York Starring Jimmy Fallon™,25,True
2026-08-24 15:00:11,Universal Studios Florida,Revenge of the Mummy™,15,True
2026-08-24 15:00:11,Universal Studios Florida,Revenge of the Mummy™ Single Rider,0,True
2026-08-24 15:00:11,Universal Studios Florida,TRANSFORMERS™ The Ride-3D,15,True
2026-08-24 15:00:11,Universal Studios Florida,Fast & Furious - Supercharged™,0,True
2026-08-24 15:00:11,Universal Studios Florida,Fast & Furious - Supercharged™ Single Rider,0,True
2026-08-24 15:00:11,Universal Studios Florida,Harry Potter and the Escape from Gringotts™,15,True
2026-08-24 15:00:11,Universal Studios Florida,Harry Potter and the Escape from Gringotts™ Single Rider,0,True
2026-08-24 15:00:11,Universal Studios Florida,Hogwarts Express™ - King's Cross Station,10,True
2026-08-24 15:00:11,Universal Studios Florida,Hogwarts™ Express - First Train,0,False
2026-08-24 15:00:11,Universal Studios Florida,Hogwarts™ Express - Last Train,0,False
2026-08-24 15:00:11,Universal Studios Florida,Ollivanders™ Experience in Diagon Alley™,5,True
2026-08-24 15:00:11,Universal Studios Florida,Kang & Kodos' Twirl 'n' Hurl,5,True
2026-08-24 15:00:11,Universal Studios Florida,MEN IN BLACK™ Alien Attack!,10,True
2026-08-24 15:00:11,Universal Studios Florida,MEN IN BLACK™ Alien Attack!™ Single Rider,0,True
2026-08-24 15:00:11,Universal Studios Florida,The Simpsons Ride™,20,True
2026-08-24 15:00:11,Epic Universe,Constellation Carousel,10,True
2026-08-24 15:00:11,Epic Universe,Stardust Racers,25,True
2026-08-24 15:00:11,Epic Universe,Stardust Racers Single Rider,0,False
2026-08-24 15:00:11,Epic Universe,Curse of the Werewolf,40,True
2026-08-24 15:00:11,Epic Universe,Curse of the Werewolf Single Rider,0,True
2026-08-24 15:00:11,Epic Universe,Monsters Unchained: The Frankenstein Experiment,20,True
2026-08-24 15:00:11,Epic Universe,Dragon Racer's Rally,45,True
2026-08-24 15:00:11,Epic Universe,Fyre Drill,25,True
2026-08-24 15:00:11,Epic Universe,Hiccup's Wing Gliders,30,True
2026-08-24 15:00:11,Epic Universe,Meet Toothless and Friends,80,True
2026-08-24 15:00:11,Epic Universe,Bowser Jr. Challenge,5,True
2026-08-24 15:00:11,Epic Universe,Mario Kart™: Bowser's Challenge,65,True
2026-08-24 15:00:11,Epic Universe,Mario Kart™: Bowser's Challenge Single Rider,0,True
2026-08-24 15:00:11,Epic Universe,Mine-Cart Madness™,90,True
2026-08-24 15:00:11,Epic Universe,Mine-Cart Madness™ Single Rider,0,True
2026-08-24 15:00:11,Epic Universe,Yoshi's Adventure™,45,True
2026-08-24 15:00:11,Epic Universe,Harry Potter and the Battle at the Ministry™,45,True
2026-08-24 15:00:11,Epic Universe,Harry Potter and the Battle at the Ministry™ Single Rider,0,True
2026-08-24 15:49:40,Islands of Adventure,Camp Jurassic™,0,False
2026-08-24 15:49:40,Islands of Adventure,Jurassic Park Discovery Center,0,False
2026-08-24 15:49:40,Islands of Adventure,Jurassic Park River Adventure,0,False
2026-08-24 15:49:40,Islands of Adventure,Jurassic World VelociCoaster,20,True
2026-08-24 15:49:40,Islands of Adventure,Pteranodon Flyers,30,True
2026-08-24 15:49:40,Islands of Adventure,Skull Island: Reign of Kong,10,True
2026-08-24 15:49:40,Islands of Adventure,Doctor Doom's Fearfall®,10,True
2026-08-24 15:49:40,Islands of Adventure,Doctor Doom's Fearfall® Single Rider,0,False
2026-08-24 15:49:40,Islands of Adventure,Storm Force Accelatron®,5,True
2026-08-24 15:49:40,Islands of Adventure,The Amazing Adventures of Spider-Man®,35,True
2026-08-24 15:49:40,Islands of Adventure,The Incredible Hulk Coaster®,15,True
2026-08-24 15:49:40,Islands of Adventure,The Incredible Hulk Coaster® Single Rider,0,True
2026-08-24 15:49:40,Islands of Adventure,Caro-Seuss-el™,5,True
2026-08-24 15:49:40,Islands of Adventure,If I Ran The Zoo™,0,False
2026-08-24 15:49:40,Islands of Adventure,"One Fish, Two Fish, Red Fish, Blue Fish™",5,True
2026-08-24 15:49:40,Islands of Adventure,The Cat in The Hat™,5,True
2026-08-24 15:49:40,Islands of Adventure,The High in the Sky Seuss Trolley Train Ride!™,5,True
2026-08-24 15:49:40,Islands of Adventure,Flight of the Hippogriff™,20,True
2026-08-24 15:49:40,Islands of Adventure,Hagrid's Magical Creatures Motorbike Adventure™,0,False
2026-08-24 15:49:40,Islands of Adventure,Hagrid's Magical Creatures Motorbike Adventure™ Single Rider,0,True
2026-08-24 15:49:40,Islands of Adventure,Harry Potter and the Forbidden Journey™,10,True
2026-08-24 15:49:40,Islands of Adventure,Harry Potter and the Forbidden Journey™ Single Rider,0,False
2026-08-24 15:49:40,Islands of Adventure,Hogwarts Express™ - Hogsmeade™ Station,10,True
2026-08-24 15:49:40,Islands of Adventure,Ollivanders™ Experience in Hogsmeade™,10,True
2026-08-24 15:49:40,Islands of Adventure,Dudley Do-Right's Ripsaw Falls®,0,False
2026-08-24 15:49:40,Islands of Adventure,"Me Ship, The Olive®",0,False
2026-08-24 15:49:40,Islands of Adventure,Popeye & Bluto's Bilge-Rat Barges®,10,True
2026-08-24 15:49:40,Universal Studios Florida,Trolls Trollercoaster,5,True
2026-08-24 15:49:40,Universal Studios Florida,E.T. Adventure,35,True
2026-08-24 15:49:40,Universal Studios Florida,Despicable Me Minion Mayhem™,20,True
2026-08-24 15:49:40,Universal Studios Florida,Illumination's Villain-Con Minion Blast,5,True
2026-08-24 15:49:40,Universal Studios Florida,Race Through New York Starring Jimmy Fallon™,25,True
2026-08-24 15:49:40,Universal Studios Florida,Revenge of the Mummy™,25,True
2026-08-24 15:49:40,Universal Studios Florida,Revenge of the Mummy™ Single Rider,0,True
2026-08-24 15:49:40,Universal Studios Florida,TRANSFORMERS™ The Ride-3D,15,True
2026-08-24 15:49:40,Universal Studios Florida,Fast & Furious - Supercharged™,0,True
2026-08-24 15:49:40,Universal Studios Florida,Fast & Furious - Supercharged™ Single Rider,0,True
2026-08-24 15:49:40,Universal Studios Florida,Harry Potter and the Escape from Gringotts™,15,True
2026-08-24 15:49:40,Universal Studios Florida,Harry Potter and the Escape from Gringotts™ Single Rider,0,True
2026-08-24 15:49:40,Universal Studios Florida,Hogwarts Express™ - King's Cross Station,10,True
2026-08-24 15:49:40,Universal Studios Florida,Hogwarts™ Express - First Train,0,False
2026-08-24 15:49:40,Universal Studios Florida,Hogwarts™ Express - Last Train,0,False
2026-08-24 15:49:40,Universal Studios Florida,Ollivanders™ Experience in Diagon Alley™,5,True
2026-08-24 15:49:40,Universal Studios Florida,Kang & Kodos' Twirl 'n' Hurl,5,True
2026-08-24 15:49:40,Universal Studios Florida,MEN IN BLACK™ Alien Attack!,10,True
2026-08-24 15:49:40,Universal Studios Florida,MEN IN BLACK™ Alien Attack!™ Single Rider,0,True
2026-08-24 15:49:40,Universal Studios Florida,The Simpsons Ride™,25,True
2026-08-24 15:49:40,Epic Universe,Constellation Carousel,20,True
2026-08-24 15:49:40,Epic Universe,Stardust Racers,25,True
2026-08-24 15:49:40,Epic Universe,Stardust Racers Single Rider,0,False
2026-08-24 15:49:40,Epic Universe,Curse of the Werewolf,40,True
2026-08-24 15:49:40,Epic Universe,Curse of the Werewolf Single Rider,0,True
2026-08-24 15:49:40,Epic Universe,Monsters Unchained: The Frankenstein Experiment,10,True
2026-08-24 15:49:40,Epic Universe,Dragon Racer's Rally,30,True
2026-08-24 15:49:40,Epic Universe,Fyre Drill,35,True
2026-08-24 15:49:40,Epic Universe,Hiccup's Wing Gliders,30,True
2026-08-24 15:49:40,Epic Universe,Meet Toothless and Friends,50,True
2026-08-24 15:49:40,Epic Universe,Bowser Jr. Challenge,5,True
2026-08-24 15:49:40,Epic Universe,Mario Kart™: Bowser's Challenge,85,True
2026-08-24 15:49:40,Epic Universe,Mario Kart™: Bowser's Challenge Single Rider,0,True
2026-08-24 15:49:40,Epic Universe,Mine-Cart Madness™,90,True
2026-08-24 15:49:40,Epic Universe,Mine-Cart Madness™ Single Rider,0,True
2026-08-24 15:49:40,Epic Universe,Yoshi's Adventure™,40,True
2026-08-24 15:49:40,Epic Universe,Harry Potter and the Battle at the Ministry™,60,True
2026-08-24 15:49:40,Epic Universe,Harry Potter and the Battle at the Ministry™ Single Rider,0,True
2026-08-24 16:38:17,Islands of Adventure,Camp Jurassic™,0,False
2026-08-24 16:38:17,Islands of Adventure,Jurassic Park Discovery Center,0,False
2026-08-24 16:38:17,Islands of Adventure,Jurassic Park River Adventure,0,False
2026-08-24 16:38:17,Islands of Adventure,Jurassic World VelociCoaster,20,True
2026-08-24 16:38:17,Islands of Adventure,Pteranodon Flyers,30,True
2026-08-24 16:38:17,Islands of Adventure,Skull Island: Reign of Kong,15,True
2026-08-24 16:38:17,Islands of Adventure,Doctor Doom's Fearfall®,15,True
2026-08-24 16:38:17,Islands of Adventure,Doctor Doom's Fearfall® Single Rider,0,False
2026-08-24 16:38:17,Islands of Adventure,Storm Force Accelatron®,5,True
2026-08-24 16:38:17,Islands of Adventure,The Amazing Adventures of Spider-Man®,35,True
2026-08-24 16:38:17,Islands of Adventure,The Incredible Hulk Coaster®,25,True
2026-08-24 16:38:17,Islands of Adventure,The Incredible Hulk Coaster® Single Rider,0,True
2026-08-24 16:38:17,Islands of Adventure,Caro-Seuss-el™,5,True
2026-08-24 16:38:17,Islands of Adventure,If I Ran The Zoo™,0,False
2026-08-24 16:38:17,Islands of Adventure,"One Fish, Two Fish, Red Fish, Blue Fish™",5,True
2026-08-24 16:38:17,Islands of Adventure,The Cat in The Hat™,5,True
2026-08-24 16:38:17,Islands of Adventure,The High in the Sky Seuss Trolley Train Ride!™,5,True
2026-08-24 16:38:17,Islands of Adventure,Flight of the Hippogriff™,15,True
2026-08-24 16:38:17,Islands of Adventure,Hagrid's Magical Creatures Motorbike Adventure™,65,True
2026-08-24 16:38:17,Islands of Adventure,Hagrid's Magical Creatures Motorbike Adventure™ Single Rider,0,True
2026-08-24 16:38:17,Islands of Adventure,Harry Potter and the Forbidden Journey™,10,True
2026-08-24 16:38:17,Islands of Adventure,Harry Potter and the Forbidden Journey™ Single Rider,0,True
2026-08-24 16:38:17,Islands of Adventure,Hogwarts Express™ - Hogsmeade™ Station,10,True
2026-08-24 16:38:17,Islands of Adventure,Ollivanders™ Experience in Hogsmeade™,20,True
2026-08-24 16:38:17,Islands of Adventure,Dudley Do-Right's Ripsaw Falls®,25,True
2026-08-24 16:38:17,Islands of Adventure,"Me Ship, The Olive®",0,False
2026-08-24 16:38:17,Islands of Adventure,Popeye & Bluto's Bilge-Rat Barges®,25,True
2026-08-24 16:38:17,Universal Studios Florida,Trolls Trollercoaster,5,True
2026-08-24 16:38:17,Universal Studios Florida,E.T. Adventure,40,True
2026-08-24 16:38:17,Universal Studios Florida,Despicable Me Minion Mayhem™,35,True
2026-08-24 16:38:17,Universal Studios Florida,Illumination's Villain-Con Minion Blast,5,True
2026-08-24 16:38:17,Universal Studios Florida,Race Through New York Starring Jimmy Fallon™,45,True
2026-08-24 16:38:17,Universal Studios Florida,Revenge of the Mummy™,15,True
2026-08-24 16:38:17,Universal Studios Florida,Revenge of the Mummy™ Single Rider,0,True
2026-08-24 16:38:17,Universal Studios Florida,TRANSFORMERS™ The Ride-3D,20,True
2026-08-24 16:38:17,Universal Studios Florida,Fast & Furious - Supercharged™,0,True
2026-08-24 16:38:17,Universal Studios Florida,Fast & Furious - Supercharged™ Single Rider,0,True
2026-08-24 16:38:17,Universal Studios Florida,Harry Potter and the Escape from Gringotts™,30,True
2026-08-24 16:38:17,Universal Studios Florida,Harry Potter and the Escape from Gringotts™ Single Rider,0,True
2026-08-24 16:38:17,Universal Studios Florida,Hogwarts Express™ - King's Cross Station,10,True
2026-08-24 16:38:17,Universal Studios Florida,Hogwarts™ Express - First Train,0,False
2026-08-24 16:38:17,Universal Studios Florida,Hogwarts™ Express - Last Train,0,False
2026-08-24 16:38:17,Universal Studios Florida,Ollivanders™ Experience in Diagon Alley™,5,True
2026-08-24 16:38:17,Universal Studios Florida,Kang & Kodos' Twirl 'n' Hurl,15,True
2026-08-24 16:38:17,Universal Studios Florida,MEN IN BLACK™ Alien Attack!,10,True
2026-08-24 16:38:17,Universal Studios Florida,MEN IN BLACK™ Alien Attack!™ Single Rider,0,True
2026-08-24 16:38:17,Universal Studios Florida,The Simpsons Ride™,25,True
2026-08-24 16:38:17,Epic Universe,Constellation Carousel,25,True
2026-08-24 16:38:17,Epic Universe,Stardust Racers,15,True
2026-08-24 16:38:17,Epic Universe,Stardust Racers Single Rider,0,False
2026-08-24 16:38:17,Epic Universe,Curse of the Werewolf,55,True
2026-08-24 16:38:17,Epic Universe,Curse of the Werewolf Single Rider,0,True
2026-08-24 16:38:17,Epic Universe,Monsters Unchained: The Frankenstein Experiment,10,True
2026-08-24 16:38:17,Epic Universe,Dragon Racer's Rally,35,True
2026-08-24 16:38:17,Epic Universe,Fyre Drill,60,True
2026-08-24 16:38:17,Epic Universe,Hiccup's Wing Gliders,30,True
2026-08-24 16:38:17,Epic Universe,Meet Toothless and Friends,65,True
2026-08-24 16:38:17,Epic Universe,Bowser Jr. Challenge,5,True
2026-08-24 16:38:17,Epic Universe,Mario Kart™: Bowser's Challenge,75,True
2026-08-24 16:38:17,Epic Universe,Mario Kart™: Bowser's Challenge Single Rider,0,True
2026-08-24 16:38:17,Epic Universe,Mine-Cart Madness™,90,True
2026-08-24 16:38:17,Epic Universe,Mine-Cart Madness™ Single Rider,0,True
2026-08-24 16:38:17,Epic Universe,Yoshi's Adventure™,35,True
2026-08-24 16:38:17,Epic Universe,Harry Potter and the Battle at the Ministry™,45,True
2026-08-24 16:38:17,Epic Universe,Harry Potter and the Battle at the Ministry™ Single Rider,0,True
2026-08-24 17:15:48,Islands of Adventure,Camp Jurassic™,0,False
2026-08-24 17:15:48,Islands of Adventure,Jurassic Park Discovery Center,0,False
2026-08-24 17:15:48,Islands of Adventure,Jurassic Park River Adventure,0,False
2026-08-24 17:15:48,Islands of Adventure,Jurassic World VelociCoaster,20,True
2026-08-24 17:15:48,Islands of Adventure,Pteranodon Flyers,40,True
2026-08-24 17:15:48,Islands of Adventure,Skull Island: Reign of Kong,5,True
2026-08-24 17:15:48,Islands of Adventure,Doctor Doom's Fearfall®,15,True
2026-08-24 17:15:48,Islands of Adventure,Doctor Doom's Fearfall® Single Rider,0,False
2026-08-24 17:15:48,Islands of Adventure,Storm Force Accelatron®,5,True
2026-08-24 17:15:48,Islands of Adventure,The Amazing Adventures of Spider-Man®,15,True
2026-08-24 17:15:48,Islands of Adventure,The Incredible Hulk Coaster®,10,True
2026-08-24 17:15:48,Islands of Adventure,The Incredible Hulk Coaster® Single Rider,0,True
2026-08-24 17:15:48,Islands of Adventure,Caro-Seuss-el™,5,True
2026-08-24 17:15:48,Islands of Adventure,If I Ran The Zoo™,0,False
2026-08-24 17:15:48,Islands of Adventure,"One Fish, Two Fish, Red Fish, Blue Fish™",5,True
2026-08-24 17:15:48,Islands of Adventure,The Cat in The Hat™,5,True
2026-08-24 17:15:48,Islands of Adventure,The High in the Sky Seuss Trolley Train Ride!™,10,True
2026-08-24 17:15:48,Islands of Adventure,Flight of the Hippogriff™,15,True
2026-08-24 17:15:48,Islands of Adventure,Hagrid's Magical Creatures Motorbike Adventure™,40,True
2026-08-24 17:15:48,Islands of Adventure,Hagrid's Magical Creatures Motorbike Adventure™ Single Rider,0,True
2026-08-24 17:15:48,Islands of Adventure,Harry Potter and the Forbidden Journey™,10,True
2026-08-24 17:15:48,Islands of Adventure,Harry Potter and the Forbidden Journey™ Single Rider,0,True
2026-08-24 17:15:48,Islands of Adventure,Hogwarts Express™ - Hogsmeade™ Station,10,True
2026-08-24 17:15:48,Islands of Adventure,Ollivanders™ Experience in Hogsmeade™,20,True
2026-08-24 17:15:48,Islands of Adventure,Dudley Do-Right's Ripsaw Falls®,50,True
2026-08-24 17:15:48,Islands of Adventure,"Me Ship, The Olive®",0,False
2026-08-24 17:15:48,Islands of Adventure,Popeye & Bluto's Bilge-Rat Barges®,25,True
2026-08-24 17:15:48,Universal Studios Florida,Trolls Trollercoaster,10,True
2026-08-24 17:15:48,Universal Studios Florida,E.T. Adventure,0,False
2026-08-24 17:15:48,Universal Studios Florida,Despicable Me Minion Mayhem™,20,True
2026-08-24 17:15:48,Universal Studios Florida,Illumination's Villain-Con Minion Blast,5,True
2026-08-24 17:15:48,Universal Studios Florida,Race Through New York Starring Jimmy Fallon™,55,True
2026-08-24 17:15:48,Universal Studios Florida,Revenge of the Mummy™,15,True
2026-08-24 17:15:48,Universal Studios Florida,Revenge of the Mummy™ Single Rider,0,True
2026-08-24 17:15:48,Universal Studios Florida,TRANSFORMERS™ The Ride-3D,20,True
2026-08-24 17:15:48,Universal Studios Florida,Fast & Furious - Supercharged™,0,True
2026-08-24 17:15:48,Universal Studios Florida,Fast & Furious - Supercharged™ Single Rider,0,True
2026-08-24 17:15:48,Universal Studios Florida,Harry Potter and the Escape from Gringotts™,35,True
2026-08-24 17:15:48,Universal Studios Florida,Harry Potter and the Escape from Gringotts™ Single Rider,0,True
2026-08-24 17:15:48,Universal Studios Florida,Hogwarts Express™ - King's Cross Station,15,True
2026-08-24 17:15:48,Universal Studios Florida,Hogwarts™ Express - First Train,0,False
2026-08-24 17:15:48,Universal Studios Florida,Hogwarts™ Express - Last Train,0,False
2026-08-24 17:15:48,Universal Studios Florida,Ollivanders™ Experience in Diagon Alley™,5,True
2026-08-24 17:15:48,Universal Studios Florida,Kang & Kodos' Twirl 'n' Hurl,15,True
2026-08-24 17:15:48,Universal Studios Florida,MEN IN BLACK™ Alien Attack!,10,True
2026-08-24 17:15:48,Universal Studios Florida,MEN IN BLACK™ Alien Attack!™ Single Rider,0,True
2026-08-24 17:15:48,Universal Studios Florida,The Simpsons Ride™,15,True
2026-08-24 17:15:48,Epic Universe,Constellation Carousel,25,True
2026-08-24 17:15:48,Epic Universe,Stardust Racers,15,True
2026-08-24 17:15:48,Epic Universe,Stardust Racers Single Rider,0,False
2026-08-24 17:15:48,Epic Universe,Curse of the Werewolf,55,True
2026-08-24 17:15:48,Epic Universe,Curse of the Werewolf Single Rider,0,True
2026-08-24 17:15:48,Epic Universe,Monsters Unchained: The Frankenstein Experiment,10,True
2026-08-24 17:15:48,Epic Universe,Dragon Racer's Rally,30,True
2026-08-24 17:15:48,Epic Universe,Fyre Drill,35,True
2026-08-24 17:15:48,Epic Universe,Hiccup's Wing Gliders,30,True
2026-08-24 17:15:48,Epic Universe,Meet Toothless and Friends,65,True
2026-08-24 17:15:48,Epic Universe,Bowser Jr. Challenge,5,True
2026-08-24 17:15:48,Epic Universe,Mario Kart™: Bowser's Challenge,45,True
2026-08-24 17:15:48,Epic Universe,Mario Kart™: Bowser's Challenge Single Rider,0,True
2026-08-24 17:15:48,Epic Universe,Mine-Cart Madness™,75,True
2026-08-24 17:15:48,Epic Universe,Mine-Cart Madness™ Single Rider,0,True
2026-08-24 17:15:48,Epic Universe,Yoshi's Adventure™,20,True
2026-08-24 17:15:48,Epic Universe,Harry Potter and the Battle at the Ministry™,60,True
2026-08-24 17:15:48,Epic Universe,Harry Potter and the Battle at the Ministry™ Single Rider,0,True
2026-08-24 17:57:46,Islands of Adventure,Camp Jurassic™,0,False
2026-08-24 17:57:46,Islands of Adventure,Jurassic Park Discovery Center,0,False
2026-08-24 17:57:46,Islands of Adventure,Jurassic Park River Adventure,0,False
2026-08-24 17:57:46,Islands of Adventure,Jurassic World VelociCoaster,20,True
2026-08-24 17:57:46,Islands of Adventure,Pteranodon Flyers,35,True
2026-08-24 17:57:46,Islands of Adventure,Skull Island: Reign of Kong,5,True
2026-08-24 17:57:46,Islands of Adventure,Doctor Doom's Fearfall®,5,True
2026-08-24 17:57:46,Islands of Adventure,Doctor Doom's Fearfall® Single Rider,0,False
2026-08-24 17:57:46,Islands of Adventure,Storm Force Accelatron®,5,True
2026-08-24 17:57:46,Islands of Adventure,The Amazing Adventures of Spider-Man®,25,True
2026-08-24 17:57:46,Islands of Adventure,The Incredible Hulk Coaster®,5,True
2026-08-24 17:57:46,Islands of Adventure,The Incredible Hulk Coaster® Single Rider,0,True
2026-08-24 17:57:46,Islands of Adventure,Caro-Seuss-el™,5,True
2026-08-24 17:57:46,Islands of Adventure,If I Ran The Zoo™,0,False
2026-08-24 17:57:46,Islands of Adventure,"One Fish, Two Fish, Red Fish, Blue Fish™",5,True
2026-08-24 17:57:46,Islands of Adventure,The Cat in The Hat™,5,True
2026-08-24 17:57:46,Islands of Adventure,The High in the Sky Seuss Trolley Train Ride!™,10,True
2026-08-24 17:57:46,Islands of Adventure,Flight of the Hippogriff™,15,True
2026-08-24 17:57:46,Islands of Adventure,Hagrid's Magical Creatures Motorbike Adventure™,50,True
2026-08-24 17:57:46,Islands of Adventure,Hagrid's Magical Creatures Motorbike Adventure™ Single Rider,0,True
2026-08-24 17:57:46,Islands of Adventure,Harry Potter and the Forbidden Journey™,10,True
2026-08-24 17:57:46,Islands of Adventure,Harry Potter and the Forbidden Journey™ Single Rider,0,True
2026-08-24 17:57:46,Islands of Adventure,Hogwarts Express™ - Hogsmeade™ Station,10,True
2026-08-24 17:57:46,Islands of Adventure,Ollivanders™ Experience in Hogsmeade™,20,True
2026-08-24 17:57:46,Islands of Adventure,Dudley Do-Right's Ripsaw Falls®,65,True
2026-08-24 17:57:46,Islands of Adventure,"Me Ship, The Olive®",0,False
2026-08-24 17:57:46,Islands of Adventure,Popeye & Bluto's Bilge-Rat Barges®,15,True
2026-08-24 17:57:46,Universal Studios Florida,Trolls Trollercoaster,10,True
2026-08-24 17:57:46,Universal Studios Florida,E.T. Adventure,15,True
2026-08-24 17:57:46,Universal Studios Florida,Despicable Me Minion Mayhem™,0,False
2026-08-24 17:57:46,Universal Studios Florida,Illumination's Villain-Con Minion Blast,5,True
2026-08-24 17:57:46,Universal Studios Florida,Race Through New York Starring Jimmy Fallon™,15,True
2026-08-24 17:57:46,Universal Studios Florida,Revenge of the Mummy™,25,True
2026-08-24 17:57:46,Universal Studios Florida,Revenge of the Mummy™ Single Rider,0,True
2026-08-24 17:57:46,Universal Studios Florida,TRANSFORMERS™ The Ride-3D,20,True
2026-08-24 17:57:46,Universal Studios Florida,Fast & Furious - Supercharged™,0,True
2026-08-24 17:57:46,Universal Studios Florida,Fast & Furious - Supercharged™ Single Rider,0,True
2026-08-24 17:57:46,Universal Studios Florida,Harry Potter and the Escape from Gringotts™,35,True
2026-08-24 17:57:46,Universal Studios Florida,Harry Potter and the Escape from Gringotts™ Single Rider,0,True
2026-08-24 17:57:46,Universal Studios Florida,Hogwarts Express™ - King's Cross Station,20,True
2026-08-24 17:57:46,Universal Studios Florida,Hogwarts™ Express - First Train,0,False
2026-08-24 17:57:46,Universal Studios Florida,Hogwarts™ Express - Last Train,0,False
2026-08-24 17:57:46,Universal Studios Florida,Ollivanders™ Experience in Diagon Alley™,5,True
2026-08-24 17:57:46,Universal Studios Florida,Kang & Kodos' Twirl 'n' Hurl,5,True
2026-08-24 17:57:46,Universal Studios Florida,MEN IN BLACK™ Alien Attack!,10,True
2026-08-24 17:57:46,Universal Studios Florida,MEN IN BLACK™ Alien Attack!™ Single Rider,0,True
2026-08-24 17:57:46,Universal Studios Florida,The Simpsons Ride™,15,True
2026-08-24 17:57:46,Epic Universe,Constellation Carousel,20,True
2026-08-24 17:57:46,Epic Universe,Stardust Racers,15,True
2026-08-24 17:57:46,Epic Universe,Stardust Racers Single Rider,0,False
2026-08-24 17:57:46,Epic Universe,Curse of the Werewolf,55,True
2026-08-24 17:57:46,Epic Universe,Curse of the Werewolf Single Rider,0,True
2026-08-24 17:57:46,Epic Universe,Monsters Unchained: The Frankenstein Experiment,10,True
2026-08-24 17:57:46,Epic Universe,Dragon Racer's Rally,20,True
2026-08-24 17:57:46,Epic Universe,Fyre Drill,25,True
2026-08-24 17:57:46,Epic Universe,Hiccup's Wing Gliders,0,False
2026-08-24 17:57:46,Epic Universe,Meet Toothless and Friends,65,True
2026-08-24 17:57:46,Epic Universe,Bowser Jr. Challenge,5,True
2026-08-24 17:57:46,Epic Universe,Mario Kart™: Bowser's Challenge,55,True
2026-08-24 17:57:46,Epic Universe,Mario Kart™: Bowser's Challenge Single Rider,0,True
2026-08-24 17:57:46,Epic Universe,Mine-Cart Madness™,60,True
2026-08-24 17:57:46,Epic Universe,Mine-Cart Madness™ Single Rider,0,True
2026-08-24 17:57:46,Epic Universe,Yoshi's Adventure™,35,True
2026-08-24 17:57:46,Epic Universe,Harry Potter and the Battle at the Ministry™,85,True
2026-08-24 17:57:46,Epic Universe,Harry Potter and the Battle at the Ministry™ Single Rider,0,True
2026-08-24 18:51:23,Islands of Adventure,Camp Jurassic™,0,False
2026-08-24 18:51:23,Islands of Adventure,Jurassic Park Discovery Center,0,False
2026-08-24 18:51:23,Islands of Adventure,Jurassic Park River Adventure,0,False
2026-08-24 18:51:23,Islands of Adventure,Jurassic World VelociCoaster,20,True
2026-08-24 18:51:23,Islands of Adventure,Pteranodon Flyers,20,True
2026-08-24 18:51:23,Islands of Adventure,Skull Island: Reign of Kong,5,True
2026-08-24 18:51:23,Islands of Adventure,Doctor Doom's Fearfall®,5,True
2026-08-24 18:51:23,Islands of Adventure,Doctor Doom's Fearfall® Single Rider,0,False
2026-08-24 18:51:23,Islands of Adventure,Storm Force Accelatron®,5,True
2026-08-24 18:51:23,Islands of Adventure,The Amazing Adventures of Spider-Man®,15,True
2026-08-24 18:51:23,Islands of Adventure,The Incredible Hulk Coaster®,10,True
2026-08-24 18:51:23,Islands of Adventure,The Incredible Hulk Coaster® Single Rider,0,True
2026-08-24 18:51:23,Islands of Adventure,Caro-Seuss-el™,5,True
2026-08-24 18:51:23,Islands of Adventure,If I Ran The Zoo™,0,False
2026-08-24 18:51:23,Islands of Adventure,"One Fish, Two Fish, Red Fish, Blue Fish™",5,True
2026-08-24 18:51:23,Islands of Adventure,The Cat in The Hat™,5,True
2026-08-24 18:51:23,Islands of Adventure,The High in the Sky Seuss Trolley Train Ride!™,10,True
2026-08-24 18:51:23,Islands of Adventure,Flight of the Hippogriff™,15,True
2026-08-24 18:51:23,Islands of Adventure,Hagrid's Magical Creatures Motorbike Adventure™,50,True
2026-08-24 18:51:23,Islands of Adventure,Hagrid's Magical Creatures Motorbike Adventure™ Single Rider,0,True
2026-08-24 18:51:23,Islands of Adventure,Harry Potter and the Forbidden Journey™,10,True
2026-08-24 18:51:23,Islands of Adventure,Harry Potter and the Forbidden Journey™ Single Rider,0,True
2026-08-24 18:51:23,Islands of Adventure,Hogwarts Express™ - Hogsmeade™ Station,10,True
2026-08-24 18:51:23,Islands of Adventure,Ollivanders™ Experience in Hogsmeade™,20,True
2026-08-24 18:51:23,Islands of Adventure,Dudley Do-Right's Ripsaw Falls®,45,True
2026-08-24 18:51:23,Islands of Adventure,"Me Ship, The Olive®",0,False
2026-08-24 18:51:23,Islands of Adventure,Popeye & Bluto's Bilge-Rat Barges®,15,True
2026-08-24 18:51:23,Universal Studios Florida,Trolls Trollercoaster,10,True
2026-08-24 18:51:23,Universal Studios Florida,E.T. Adventure,35,True
2026-08-24 18:51:23,Universal Studios Florida,Despicable Me Minion Mayhem™,15,True
2026-08-24 18:51:23,Universal Studios Florida,Illumination's Villain-Con Minion Blast,5,True
2026-08-24 18:51:23,Universal Studios Florida,Race Through New York Starring Jimmy Fallon™,15,True
2026-08-24 18:51:23,Universal Studios Florida,Revenge of the Mummy™,25,True
2026-08-24 18:51:23,Universal Studios Florida,Revenge of the Mummy™ Single Rider,0,True
2026-08-24 18:51:23,Universal Studios Florida,TRANSFORMERS™ The Ride-3D,10,True
2026-08-24 18:51:23,Universal Studios Florida,Fast & Furious - Supercharged™,0,True
2026-08-24 18:51:23,Universal Studios Florida,Fast & Furious - Supercharged™ Single Rider,0,True
2026-08-24 18:51:23,Universal Studios Florida,Harry Potter and the Escape from Gringotts™,35,True
2026-08-24 18:51:23,Universal Studios Florida,Harry Potter and the Escape from Gringotts™ Single Rider,0,True
2026-08-24 18:51:23,Universal Studios Florida,Hogwarts Express™ - King's Cross Station,60,True
2026-08-24 18:51:23,Universal Studios Florida,Hogwarts™ Express - First Train,0,False
2026-08-24 18:51:23,Universal Studios Florida,Hogwarts™ Express - Last Train,0,False
2026-08-24 18:51:23,Universal Studios Florida,Ollivanders™ Experience in Diagon Alley™,5,True
2026-08-24 18:51:23,Universal Studios Florida,Kang & Kodos' Twirl 'n' Hurl,10,True
2026-08-24 18:51:23,Universal Studios Florida,MEN IN BLACK™ Alien Attack!,25,True
2026-08-24 18:51:23,Universal Studios Florida,MEN IN BLACK™ Alien Attack!™ Single Rider,0,True
2026-08-24 18:51:23,Universal Studios Florida,The Simpsons Ride™,15,True
2026-08-24 18:51:23,Epic Universe,Constellation Carousel,20,True
2026-08-24 18:51:23,Epic Universe,Stardust Racers,25,True
2026-08-24 18:51:23,Epic Universe,Stardust Racers Single Rider,0,False
2026-08-24 18:51:23,Epic Universe,Curse of the Werewolf,50,True
2026-08-24 18:51:23,Epic Universe,Curse of the Werewolf Single Rider,0,True
2026-08-24 18:51:23,Epic Universe,Monsters Unchained: The Frankenstein Experiment,15,True
2026-08-24 18:51:23,Epic Universe,Dragon Racer's Rally,25,True
2026-08-24 18:51:23,Epic Universe,Fyre Drill,65,True
2026-08-24 18:51:23,Epic Universe,Hiccup's Wing Gliders,0,False
2026-08-24 18:51:23,Epic Universe,Meet Toothless and Friends,50,True
2026-08-24 18:51:23,Epic Universe,Bowser Jr. Challenge,15,True
2026-08-24 18:51:23,Epic Universe,Mario Kart™: Bowser's Challenge,55,True
2026-08-24 18:51:23,Epic Universe,Mario Kart™: Bowser's Challenge Single Rider,0,True
2026-08-24 18:51:23,Epic Universe,Mine-Cart Madness™,0,False
2026-08-24 18:51:23,Epic Universe,Mine-Cart Madness™ Single Rider,0,False
2026-08-24 18:51:23,Epic Universe,Yoshi's Adventure™,20,True
2026-08-24 18:51:23,Epic Universe,Harry Potter and the Battle at the Ministry™,85,True
2026-08-24 18:51:23,Epic Universe,Harry Potter and the Battle at the Ministry™ Single Rider,0,True
2026-08-24 19:30:19,Islands of Adventure,Camp Jurassic™,0,False
2026-08-24 19:30:19,Islands of Adventure,Jurassic Park Discovery Center,0,False
2026-08-24 19:30:19,Islands of Adventure,Jurassic Park River Adventure,0,False
2026-08-24 19:30:19,Islands of Adventure,Jurassic World VelociCoaster,20,True
2026-08-24 19:30:19,Islands of Adventure,Pteranodon Flyers,20,True
2026-08-24 19:30:19,Islands of Adventure,Skull Island: Reign of Kong,5,True
2026-08-24 19:30:19,Islands of Adventure,Doctor Doom's Fearfall®,5,True
2026-08-24 19:30:19,Islands of Adventure,Doctor Doom's Fearfall® Single Rider,0,False
2026-08-24 19:30:19,Islands of Adventure,Storm Force Accelatron®,5,True
2026-08-24 19:30:19,Islands of Adventure,The Amazing Adventures of Spider-Man®,15,True
2026-08-24 19:30:19,Islands of Adventure,The Incredible Hulk Coaster®,5,True
2026-08-24 19:30:19,Islands of Adventure,The Incredible Hulk Coaster® Single Rider,0,True
2026-08-24 19:30:19,Islands of Adventure,Caro-Seuss-el™,5,True
2026-08-24 19:30:19,Islands of Adventure,If I Ran The Zoo™,0,False
2026-08-24 19:30:19,Islands of Adventure,"One Fish, Two Fish, Red Fish, Blue Fish™",5,True
2026-08-24 19:30:19,Islands of Adventure,The Cat in The Hat™,5,True
2026-08-24 19:30:19,Islands of Adventure,The High in the Sky Seuss Trolley Train Ride!™,10,True
2026-08-24 19:30:19,Islands of Adventure,Flight of the Hippogriff™,15,True
2026-08-24 19:30:19,Islands of Adventure,Hagrid's Magical Creatures Motorbike Adventure™,50,True
2026-08-24 19:30:19,Islands of Adventure,Hagrid's Magical Creatures Motorbike Adventure™ Single Rider,0,True
2026-08-24 19:30:19,Islands of Adventure,Harry Potter and the Forbidden Journey™,10,True
2026-08-24 19:30:19,Islands of Adventure,Harry Potter and the Forbidden Journey™ Single Rider,0,True
2026-08-24 19:30:19,Islands of Adventure,Hogwarts Express™ - Hogsmeade™ Station,10,True
2026-08-24 19:30:19,Islands of Adventure,Ollivanders™ Experience in Hogsmeade™,15,True
2026-08-24 19:30:19,Islands of Adventure,Dudley Do-Right's Ripsaw Falls®,45,True
2026-08-24 19:30:19,Islands of Adventure,"Me Ship, The Olive®",0,False
2026-08-24 19:30:19,Islands of Adventure,Popeye & Bluto's Bilge-Rat Barges®,15,True
2026-08-24 19:30:19,Universal Studios Florida,Trolls Trollercoaster,5,True
2026-08-24 19:30:19,Universal Studios Florida,E.T. Adventure,35,True
2026-08-24 19:30:19,Universal Studios Florida,Despicable Me Minion Mayhem™,25,True
2026-08-24 19:30:19,Universal Studios Florida,Illumination's Villain-Con Minion Blast,5,True
2026-08-24 19:30:19,Universal Studios Florida,Race Through New York Starring Jimmy Fallon™,15,True
2026-08-24 19:30:19,Universal Studios Florida,Revenge of the Mummy™,25,True
2026-08-24 19:30:19,Universal Studios Florida,Revenge of the Mummy™ Single Rider,0,True
2026-08-24 19:30:19,Universal Studios Florida,TRANSFORMERS™ The Ride-3D,10,True
2026-08-24 19:30:19,Universal Studios Florida,Fast & Furious - Supercharged™,0,True
2026-08-24 19:30:19,Universal Studios Florida,Fast & Furious - Supercharged™ Single Rider,0,True
2026-08-24 19:30:19,Universal Studios Florida,Harry Potter and the Escape from Gringotts™,35,True
2026-08-24 19:30:19,Universal Studios Florida,Harry Potter and the Escape from Gringotts™ Single Rider,0,True
2026-08-24 19:30:19,Universal Studios Florida,Hogwarts Express™ - King's Cross Station,30,True
2026-08-24 19:30:19,Universal Studios Florida,Hogwarts™ Express - First Train,0,False
2026-08-24 19:30:19,Universal Studios Florida,Hogwarts™ Express - Last Train,0,False
2026-08-24 19:30:19,Universal Studios Florida,Ollivanders™ Experience in Diagon Alley™,5,True
2026-08-24 19:30:19,Universal Studios Florida,Kang & Kodos' Twirl 'n' Hurl,10,True
2026-08-24 19:30:19,Universal Studios Florida,MEN IN BLACK™ Alien Attack!,20,True
2026-08-24 19:30:19,Universal Studios Florida,MEN IN BLACK™ Alien Attack!™ Single Rider,0,True
2026-08-24 19:30:19,Universal Studios Florida,The Simpsons Ride™,15,True
2026-08-24 19:30:19,Epic Universe,Constellation Carousel,30,True
2026-08-24 19:30:19,Epic Universe,Stardust Racers,0,False
2026-08-24 19:30:19,Epic Universe,Stardust Racers Single Rider,0,False
2026-08-24 19:30:19,Epic Universe,Curse of the Werewolf,50,True
2026-08-24 19:30:19,Epic Universe,Curse of the Werewolf Single Rider,0,True
2026-08-24 19:30:19,Epic Universe,Monsters Unchained: The Frankenstein Experiment,15,True
2026-08-24 19:30:19,Epic Universe,Dragon Racer's Rally,50,True
2026-08-24 19:30:19,Epic Universe,Fyre Drill,30,True
2026-08-24 19:30:19,Epic Universe,Hiccup's Wing Gliders,0,False
2026-08-24 19:30:19,Epic Universe,Meet Toothless and Friends,80,True
2026-08-24 19:30:19,Epic Universe,Bowser Jr. Challenge,15,True
2026-08-24 19:30:19,Epic Universe,Mario Kart™: Bowser's Challenge,55,True
2026-08-24 19:30:19,Epic Universe,Mario Kart™: Bowser's Challenge Single Rider,0,True
2026-08-24 19:30:19,Epic Universe,Mine-Cart Madness™,65,True
2026-08-24 19:30:19,Epic Universe,Mine-Cart Madness™ Single Rider,0,True
2026-08-24 19:30:19,Epic Universe,Yoshi's Adventure™,35,True
2026-08-24 19:30:19,Epic Universe,Harry Potter and the Battle at the Ministry™,40,True
2026-08-24 19:30:19,Epic Universe,Harry Potter and the Battle at the Ministry™ Single Rider,0,True
2026-08-24 19:57:48,Islands of Adventure,Camp Jurassic™,0,False
2026-08-24 19:57:48,Islands of Adventure,Jurassic Park Discovery Center,0,False
2026-08-24 19:57:48,Islands of Adventure,Jurassic Park River Adventure,0,False
2026-08-24 19:57:48,Islands of Adventure,Jurassic World VelociCoaster,15,True
2026-08-24 19:57:48,Islands of Adventure,Pteranodon Flyers,15,True
2026-08-24 19:57:48,Islands of Adventure,Skull Island: Reign of Kong,5,True
2026-08-24 19:57:48,Islands of Adventure,Doctor Doom's Fearfall®,5,True
2026-08-24 19:57:48,Islands of Adventure,Doctor Doom's Fearfall® Single Rider,0,False
2026-08-24 19:57:48,Islands of Adventure,Storm Force Accelatron®,5,True
2026-08-24 19:57:48,Islands of Adventure,The Amazing Adventures of Spider-Man®,15,True
2026-08-24 19:57:48,Islands of Adventure,The Incredible Hulk Coaster®,10,True
2026-08-24 19:57:48,Islands of Adventure,The Incredible Hulk Coaster® Single Rider,0,True
2026-08-24 19:57:48,Islands of Adventure,Caro-Seuss-el™,5,True
2026-08-24 19:57:48,Islands of Adventure,If I Ran The Zoo™,0,False
2026-08-24 19:57:48,Islands of Adventure,"One Fish, Two Fish, Red Fish, Blue Fish™",5,True
2026-08-24 19:57:48,Islands of Adventure,The Cat in The Hat™,5,True
2026-08-24 19:57:48,Islands of Adventure,The High in the Sky Seuss Trolley Train Ride!™,15,True
2026-08-24 19:57:48,Islands of Adventure,Flight of the Hippogriff™,15,True
2026-08-24 19:57:48,Islands of Adventure,Hagrid's Magical Creatures Motorbike Adventure™,60,True
2026-08-24 19:57:48,Islands of Adventure,Hagrid's Magical Creatures Motorbike Adventure™ Single Rider,0,True
2026-08-24 19:57:48,Islands of Adventure,Harry Potter and the Forbidden Journey™,10,True
2026-08-24 19:57:48,Islands of Adventure,Harry Potter and the Forbidden Journey™ Single Rider,0,True
2026-08-24 19:57:48,Islands of Adventure,Hogwarts Express™ - Hogsmeade™ Station,10,True
2026-08-24 19:57:48,Islands of Adventure,Ollivanders™ Experience in Hogsmeade™,15,True
2026-08-24 19:57:48,Islands of Adventure,Dudley Do-Right's Ripsaw Falls®,50,True
2026-08-24 19:57:48,Islands of Adventure,"Me Ship, The Olive®",0,False
2026-08-24 19:57:48,Islands of Adventure,Popeye & Bluto's Bilge-Rat Barges®,15,True
2026-08-24 19:57:48,Universal Studios Florida,Trolls Trollercoaster,5,True
2026-08-24 19:57:48,Universal Studios Florida,E.T. Adventure,10,True
2026-08-24 19:57:48,Universal Studios Florida,Despicable Me Minion Mayhem™,20,True
2026-08-24 19:57:48,Universal Studios Florida,Illumination's Villain-Con Minion Blast,5,True
2026-08-24 19:57:48,Universal Studios Florida,Race Through New York Starring Jimmy Fallon™,15,True
2026-08-24 19:57:48,Universal Studios Florida,Revenge of the Mummy™,25,True
2026-08-24 19:57:48,Universal Studios Florida,Revenge of the Mummy™ Single Rider,0,True
2026-08-24 19:57:48,Universal Studios Florida,TRANSFORMERS™ The Ride-3D,10,True
2026-08-24 19:57:48,Universal Studios Florida,Fast & Furious - Supercharged™,0,True
2026-08-24 19:57:48,Universal Studios Florida,Fast & Furious - Supercharged™ Single Rider,0,True
2026-08-24 19:57:48,Universal Studios Florida,Harry Potter and the Escape from Gringotts™,25,True
2026-08-24 19:57:48,Universal Studios Florida,Harry Potter and the Escape from Gringotts™ Single Rider,0,True
2026-08-24 19:57:48,Universal Studios Florida,Hogwarts Express™ - King's Cross Station,45,True
2026-08-24 19:57:48,Universal Studios Florida,Hogwarts™ Express - First Train,0,False
2026-08-24 19:57:48,Universal Studios Florida,Hogwarts™ Express - Last Train,0,False
2026-08-24 19:57:48,Universal Studios Florida,Ollivanders™ Experience in Diagon Alley™,5,True
2026-08-24 19:57:48,Universal Studios Florida,Kang & Kodos' Twirl 'n' Hurl,10,True
2026-08-24 19:57:48,Universal Studios Florida,MEN IN BLACK™ Alien Attack!,20,True
2026-08-24 19:57:48,Universal Studios Florida,MEN IN BLACK™ Alien Attack!™ Single Rider,0,True
2026-08-24 19:57:48,Universal Studios Florida,The Simpsons Ride™,15,True
2026-08-24 19:57:48,Epic Universe,Constellation Carousel,25,True
2026-08-24 19:57:48,Epic Universe,Stardust Racers,0,False
2026-08-24 19:57:48,Epic Universe,Stardust Racers Single Rider,0,False
2026-08-24 19:57:48,Epic Universe,Curse of the Werewolf,60,True
2026-08-24 19:57:48,Epic Universe,Curse of the Werewolf Single Rider,0,True
2026-08-24 19:57:48,Epic Universe,Monsters Unchained: The Frankenstein Experiment,10,True
2026-08-24 19:57:48,Epic Universe,Dragon Racer's Rally,35,True
2026-08-24 19:57:48,Epic Universe,Fyre Drill,40,True
2026-08-24 19:57:48,Epic Universe,Hiccup's Wing Gliders,0,False
2026-08-24 19:57:48,Epic Universe,Meet Toothless and Friends,80,True
2026-08-24 19:57:48,Epic Universe,Bowser Jr. Challenge,15,True
2026-08-24 19:57:48,Epic Universe,Mario Kart™: Bowser's Challenge,45,True
2026-08-24 19:57:48,Epic Universe,Mario Kart™: Bowser's Challenge Single Rider,0,True
2026-08-24 19:57:48,Epic Universe,Mine-Cart Madness™,75,True
2026-08-24 19:57:48,Epic Universe,Mine-Cart Madness™ Single Rider,0,True
2026-08-24 19:57:48,Epic Universe,Yoshi's Adventure™,25,True
2026-08-24 19:57:48,Epic Universe,Harry Potter and the Battle at the Ministry™,65,True
2026-08-24 19:57:48,Epic Universe,Harry Potter and the Battle at the Ministry™ Single Rider,0,True
2026-08-24 20:39:30,Islands of Adventure,Camp Jurassic™,0,False
2026-08-24 20:39:30,Islands of Adventure,Jurassic Park Discovery Center,0,False
2026-08-24 20:39:30,Islands of Adventure,Jurassic Park River Adventure,0,False
2026-08-24 20:39:30,Islands of Adventure,Jurassic World VelociCoaster,25,True
2026-08-24 20:39:30,Islands of Adventure,Pteranodon Flyers,35,True
2026-08-24 20:39:30,Islands of Adventure,Skull Island: Reign of Kong,5,True
2026-08-24 20:39:30,Islands of Adventure,Doctor Doom's Fearfall®,5,True
2026-08-24 20:39:30,Islands of Adventure,Doctor Doom's Fearfall® Single Rider,0,False
2026-08-24 20:39:30,Islands of Adventure,Storm Force Accelatron®,5,True
2026-08-24 20:39:30,Islands of Adventure,The Amazing Adventures of Spider-Man®,5,True
2026-08-24 20:39:30,Islands of Adventure,The Incredible Hulk Coaster®,5,True
2026-08-24 20:39:30,Islands of Adventure,The Incredible Hulk Coaster® Single Rider,0,True
2026-08-24 20:39:30,Islands of Adventure,Caro-Seuss-el™,5,True
2026-08-24 20:39:30,Islands of Adventure,If I Ran The Zoo™,0,False
2026-08-24 20:39:30,Islands of Adventure,"One Fish, Two Fish, Red Fish, Blue Fish™",5,True
2026-08-24 20:39:30,Islands of Adventure,The Cat in The Hat™,5,True
2026-08-24 20:39:30,Islands of Adventure,The High in the Sky Seuss Trolley Train Ride!™,15,True
2026-08-24 20:39:30,Islands of Adventure,Flight of the Hippogriff™,20,True
2026-08-24 20:39:30,Islands of Adventure,Hagrid's Magical Creatures Motorbike Adventure™,55,True
2026-08-24 20:39:30,Islands of Adventure,Hagrid's Magical Creatures Motorbike Adventure™ Single Rider,0,True
2026-08-24 20:39:30,Islands of Adventure,Harry Potter and the Forbidden Journey™,10,True
2026-08-24 20:39:30,Islands of Adventure,Harry Potter and the Forbidden Journey™ Single Rider,0,True
2026-08-24 20:39:30,Islands of Adventure,Hogwarts Express™ - Hogsmeade™ Station,10,True
2026-08-24 20:39:30,Islands of Adventure,Ollivanders™ Experience in Hogsmeade™,10,True
2026-08-24 20:39:30,Islands of Adventure,Dudley Do-Right's Ripsaw Falls®,50,True
2026-08-24 20:39:30,Islands of Adventure,"Me Ship, The Olive®",0,False
2026-08-24 20:39:30,Islands of Adventure,Popeye & Bluto's Bilge-Rat Barges®,15,True
2026-08-24 20:39:30,Universal Studios Florida,Trolls Trollercoaster,5,True
2026-08-24 20:39:30,Universal Studios Florida,E.T. Adventure,25,True
2026-08-24 20:39:30,Universal Studios Florida,Despicable Me Minion Mayhem™,20,True
2026-08-24 20:39:30,Universal Studios Florida,Illumination's Villain-Con Minion Blast,5,True
2026-08-24 20:39:30,Universal Studios Florida,Race Through New York Starring Jimmy Fallon™,0,False
2026-08-24 20:39:30,Universal Studios Florida,Revenge of the Mummy™,15,True
2026-08-24 20:39:30,Universal Studios Florida,Revenge of the Mummy™ Single Rider,0,True
2026-08-24 20:39:30,Universal Studios Florida,TRANSFORMERS™ The Ride-3D,10,True
2026-08-24 20:39:30,Universal Studios Florida,Fast & Furious - Supercharged™,0,True
2026-08-24 20:39:30,Universal Studios Florida,Fast & Furious - Supercharged™ Single Rider,0,True
2026-08-24 20:39:30,Universal Studios Florida,Harry Potter and the Escape from Gringotts™,20,True
2026-08-24 20:39:30,Universal Studios Florida,Harry Potter and the Escape from Gringotts™ Single Rider,0,True
2026-08-24 20:39:30,Universal Studios Florida,Hogwarts Express™ - King's Cross Station,45,True
2026-08-24 20:39:30,Universal Studios Florida,Hogwarts™ Express - First Train,0,False
2026-08-24 20:39:30,Universal Studios Florida,Hogwarts™ Express - Last Train,0,False
2026-08-24 20:39:30,Universal Studios Florida,Ollivanders™ Experience in Diagon Alley™,5,True
2026-08-24 20:39:30,Universal Studios Florida,Kang & Kodos' Twirl 'n' Hurl,10,True
2026-08-24 20:39:30,Universal Studios Florida,MEN IN BLACK™ Alien Attack!,20,True
2026-08-24 20:39:30,Universal Studios Florida,MEN IN BLACK™ Alien Attack!™ Single Rider,0,True
2026-08-24 20:39:30,Universal Studios Florida,The Simpsons Ride™,15,True
2026-08-24 20:39:30,Epic Universe,Constellation Carousel,25,True
2026-08-24 20:39:30,Epic Universe,Stardust Racers,0,False
2026-08-24 20:39:30,Epic Universe,Stardust Racers Single Rider,0,False
2026-08-24 20:39:30,Epic Universe,Curse of the Werewolf,70,True
2026-08-24 20:39:30,Epic Universe,Curse of the Werewolf Single Rider,0,True
2026-08-24 20:39:30,Epic Universe,Monsters Unchained: The Frankenstein Experiment,15,True
2026-08-24 20:39:30,Epic Universe,Dragon Racer's Rally,35,True
2026-08-24 20:39:30,Epic Universe,Fyre Drill,35,True
2026-08-24 20:39:30,Epic Universe,Hiccup's Wing Gliders,0,False
2026-08-24 20:39:30,Epic Universe,Meet Toothless and Friends,70,True
2026-08-24 20:39:30,Epic Universe,Bowser Jr. Challenge,15,True
2026-08-24 20:39:30,Epic Universe,Mario Kart™: Bowser's Challenge,55,True
2026-08-24 20:39:30,Epic Universe,Mario Kart™: Bowser's Challenge Single Rider,0,True
2026-08-24 20:39:30,Epic Universe,Mine-Cart Madness™,75,True
2026-08-24 20:39:30,Epic Universe,Mine-Cart Madness™ Single Rider,0,True
2026-08-24 20:39:30,Epic Universe,Yoshi's Adventure™,30,True
2026-08-24 20:39:30,Epic Universe,Harry Potter and the Battle at the Ministry™,75,True
2026-08-24 20:39:30,Epic Universe,Harry Potter and the Battle at the Ministry™ Single Rider,0,True
2026-08-24 21:06:01,Islands of Adventure,Camp Jurassic™,0,False
2026-08-24 21:06:01,Islands of Adventure,Jurassic Park Discovery Center,0,False
2026-08-24 21:06:01,Islands of Adventure,Jurassic Park River Adventure,0,False
2026-08-24 21:06:01,Islands of Adventure,Jurassic World VelociCoaster,25,True
2026-08-24 21:06:01,Islands of Adventure,Pteranodon Flyers,35,True
2026-08-24 21:06:01,Islands of Adventure,Skull Island: Reign of Kong,5,True
2026-08-24 21:06:01,Islands of Adventure,Doctor Doom's Fearfall®,5,True
2026-08-24 21:06:01,Islands of Adventure,Doctor Doom's Fearfall® Single Rider,0,False
2026-08-24 21:06:01,Islands of Adventure,Storm Force Accelatron®,5,True
2026-08-24 21:06:01,Islands of Adventure,The Amazing Adventures of Spider-Man®,15,True
2026-08-24 21:06:01,Islands of Adventure,The Incredible Hulk Coaster®,10,True
2026-08-24 21:06:01,Islands of Adventure,The Incredible Hulk Coaster® Single Rider,0,True
2026-08-24 21:06:01,Islands of Adventure,Caro-Seuss-el™,5,True
2026-08-24 21:06:01,Islands of Adventure,If I Ran The Zoo™,0,False
2026-08-24 21:06:01,Islands of Adventure,"One Fish, Two Fish, Red Fish, Blue Fish™",5,True
2026-08-24 21:06:01,Islands of Adventure,The Cat in The Hat™,5,True
2026-08-24 21:06:01,Islands of Adventure,The High in the Sky Seuss Trolley Train Ride!™,25,True
2026-08-24 21:06:01,Islands of Adventure,Flight of the Hippogriff™,15,True
2026-08-24 21:06:01,Islands of Adventure,Hagrid's Magical Creatures Motorbike Adventure™,40,True
2026-08-24 21:06:01,Islands of Adventure,Hagrid's Magical Creatures Motorbike Adventure™ Single Rider,0,True
2026-08-24 21:06:01,Islands of Adventure,Harry Potter and the Forbidden Journey™,10,True
2026-08-24 21:06:01,Islands of Adventure,Harry Potter and the Forbidden Journey™ Single Rider,0,True
2026-08-24 21:06:01,Islands of Adventure,Hogwarts Express™ - Hogsmeade™ Station,10,True
2026-08-24 21:06:01,Islands of Adventure,Ollivanders™ Experience in Hogsmeade™,15,True
2026-08-24 21:06:01,Islands of Adventure,Dudley Do-Right's Ripsaw Falls®,50,True
2026-08-24 21:06:01,Islands of Adventure,"Me Ship, The Olive®",0,False
2026-08-24 21:06:01,Islands of Adventure,Popeye & Bluto's Bilge-Rat Barges®,15,True
2026-08-24 21:06:01,Universal Studios Florida,Trolls Trollercoaster,5,True
2026-08-24 21:06:01,Universal Studios Florida,E.T. Adventure,25,True
2026-08-24 21:06:01,Universal Studios Florida,Despicable Me Minion Mayhem™,15,True
2026-08-24 21:06:01,Universal Studios Florida,Illumination's Villain-Con Minion Blast,5,True
2026-08-24 21:06:01,Universal Studios Florida,Race Through New York Starring Jimmy Fallon™,20,True
2026-08-24 21:06:01,Universal Studios Florida,Revenge of the Mummy™,15,True
2026-08-24 21:06:01,Universal Studios Florida,Revenge of the Mummy™ Single Rider,0,True
2026-08-24 21:06:01,Universal Studios Florida,TRANSFORMERS™ The Ride-3D,10,True
2026-08-24 21:06:01,Universal Studios Florida,Fast & Furious - Supercharged™,0,True
2026-08-24 21:06:01,Universal Studios Florida,Fast & Furious - Supercharged™ Single Rider,0,True
2026-08-24 21:06:01,Universal Studios Florida,Harry Potter and the Escape from Gringotts™,20,True
2026-08-24 21:06:01,Universal Studios Florida,Harry Potter and the Escape from Gringotts™ Single Rider,0,True
2026-08-24 21:06:01,Universal Studios Florida,Hogwarts Express™ - King's Cross Station,45,True
2026-08-24 21:06:01,Universal Studios Florida,Hogwarts™ Express - First Train,0,False
2026-08-24 21:06:01,Universal Studios Florida,Hogwarts™ Express - Last Train,0,False
2026-08-24 21:06:01,Universal Studios Florida,Ollivanders™ Experience in Diagon Alley™,5,True
2026-08-24 21:06:01,Universal Studios Florida,Kang & Kodos' Twirl 'n' Hurl,10,True
2026-08-24 21:06:01,Universal Studios Florida,MEN IN BLACK™ Alien Attack!,20,True
2026-08-24 21:06:01,Universal Studios Florida,MEN IN BLACK™ Alien Attack!™ Single Rider,0,True
2026-08-24 21:06:01,Universal Studios Florida,The Simpsons Ride™,10,True
2026-08-24 21:06:01,Epic Universe,Constellation Carousel,35,True
2026-08-24 21:06:01,Epic Universe,Stardust Racers,0,False
2026-08-24 21:06:01,Epic Universe,Stardust Racers Single Rider,0,False
2026-08-24 21:06:01,Epic Universe,Curse of the Werewolf,80,True
2026-08-24 21:06:01,Epic Universe,Curse of the Werewolf Single Rider,0,True
2026-08-24 21:06:01,Epic Universe,Monsters Unchained: The Frankenstein Experiment,15,True
2026-08-24 21:06:01,Epic Universe,Dragon Racer's Rally,35,True
2026-08-24 21:06:01,Epic Universe,Fyre Drill,45,True
2026-08-24 21:06:01,Epic Universe,Hiccup's Wing Gliders,0,False
2026-08-24 21:06:01,Epic Universe,Meet Toothless and Friends,45,True
2026-08-24 21:06:01,Epic Universe,Bowser Jr. Challenge,15,True
2026-08-24 21:06:01,Epic Universe,Mario Kart™: Bowser's Challenge,55,True
2026-08-24 21:06:01,Epic Universe,Mario Kart™: Bowser's Challenge Single Rider,0,True
2026-08-24 21:06:01,Epic Universe,Mine-Cart Madness™,85,True
2026-08-24 21:06:01,Epic Universe,Mine-Cart Madness™ Single Rider,0,True
2026-08-24 21:06:01,Epic Universe,Yoshi's Adventure™,30,True
2026-08-24 21:06:01,Epic Universe,Harry Potter and the Battle at the Ministry™,75,True
2026-08-24 21:06:01,Epic Universe,Harry Potter and the Battle at the Ministry™ Single Rider,0,True
2026-08-24 21:44:05,Islands of Adventure,Camp Jurassic™,0,False
2026-08-24 21:44:05,Islands of Adventure,Jurassic Park Discovery Center,0,False
2026-08-24 21:44:05,Islands of Adventure,Jurassic Park River Adventure,0,False
2026-08-24 21:44:05,Islands of Adventure,Jurassic World VelociCoaster,35,True
2026-08-24 21:44:05,Islands of Adventure,Pteranodon Flyers,20,True
2026-08-24 21:44:05,Islands of Adventure,Skull Island: Reign of Kong,5,True
2026-08-24 21:44:05,Islands of Adventure,Doctor Doom's Fearfall®,5,True
2026-08-24 21:44:05,Islands of Adventure,Doctor Doom's Fearfall® Single Rider,0,False
2026-08-24 21:44:05,Islands of Adventure,Storm Force Accelatron®,5,True
2026-08-24 21:44:05,Islands of Adventure,The Amazing Adventures of Spider-Man®,15,True
2026-08-24 21:44:05,Islands of Adventure,The Incredible Hulk Coaster®,5,True
2026-08-24 21:44:05,Islands of Adventure,The Incredible Hulk Coaster® Single Rider,0,True
2026-08-24 21:44:05,Islands of Adventure,Caro-Seuss-el™,5,True
2026-08-24 21:44:05,Islands of Adventure,If I Ran The Zoo™,0,False
2026-08-24 21:44:05,Islands of Adventure,"One Fish, Two Fish, Red Fish, Blue Fish™",15,True
2026-08-24 21:44:05,Islands of Adventure,The Cat in The Hat™,5,True
2026-08-24 21:44:05,Islands of Adventure,The High in the Sky Seuss Trolley Train Ride!™,15,True
2026-08-24 21:44:05,Islands of Adventure,Flight of the Hippogriff™,10,True
2026-08-24 21:44:05,Islands of Adventure,Hagrid's Magical Creatures Motorbike Adventure™,65,True
2026-08-24 21:44:05,Islands of Adventure,Hagrid's Magical Creatures Motorbike Adventure™ Single Rider,0,True
2026-08-24 21:44:05,Islands of Adventure,Harry Potter and the Forbidden Journey™,10,True
2026-08-24 21:44:05,Islands of Adventure,Harry Potter and the Forbidden Journey™ Single Rider,0,True
2026-08-24 21:44:05,Islands of Adventure,Hogwarts Express™ - Hogsmeade™ Station,10,True
2026-08-24 21:44:05,Islands of Adventure,Ollivanders™ Experience in Hogsmeade™,15,True
2026-08-24 21:44:05,Islands of Adventure,Dudley Do-Right's Ripsaw Falls®,0,False
2026-08-24 21:44:05,Islands of Adventure,"Me Ship, The Olive®",0,False
2026-08-24 21:44:05,Islands of Adventure,Popeye & Bluto's Bilge-Rat Barges®,15,True
2026-08-24 21:44:05,Universal Studios Florida,Trolls Trollercoaster,5,True
2026-08-24 21:44:05,Universal Studios Florida,E.T. Adventure,30,True
2026-08-24 21:44:05,Universal Studios Florida,Despicable Me Minion Mayhem™,10,True
2026-08-24 21:44:05,Universal Studios Florida,Illumination's Villain-Con Minion Blast,5,True
2026-08-24 21:44:05,Universal Studios Florida,Race Through New York Starring Jimmy Fallon™,20,True
2026-08-24 21:44:05,Universal Studios Florida,Revenge of the Mummy™,15,True
2026-08-24 21:44:05,Universal Studios Florida,Revenge of the Mummy™ Single Rider,0,True
2026-08-24 21:44:05,Universal Studios Florida,TRANSFORMERS™ The Ride-3D,10,True
2026-08-24 21:44:05,Universal Studios Florida,Fast & Furious - Supercharged™,0,True
2026-08-24 21:44:05,Universal Studios Florida,Fast & Furious - Supercharged™ Single Rider,0,True
2026-08-24 21:44:05,Universal Studios Florida,Harry Potter and the Escape from Gringotts™,20,True
2026-08-24 21:44:05,Universal Studios Florida,Harry Potter and the Escape from Gringotts™ Single Rider,0,True
2026-08-24 21:44:05,Universal Studios Florida,Hogwarts Express™ - King's Cross Station,65,True
2026-08-24 21:44:05,Universal Studios Florida,Hogwarts™ Express - First Train,0,False
2026-08-24 21:44:05,Universal Studios Florida,Hogwarts™ Express - Last Train,0,False
2026-08-24 21:44:05,Universal Studios Florida,Ollivanders™ Experience in Diagon Alley™,5,True
2026-08-24 21:44:05,Universal Studios Florida,Kang & Kodos' Twirl 'n' Hurl,5,True
2026-08-24 21:44:05,Universal Studios Florida,MEN IN BLACK™ Alien Attack!,20,True
2026-08-24 21:44:05,Universal Studios Florida,MEN IN BLACK™ Alien Attack!™ Single Rider,0,True
2026-08-24 21:44:05,Universal Studios Florida,The Simpsons Ride™,10,True
2026-08-24 21:44:05,Epic Universe,Constellation Carousel,30,True
2026-08-24 21:44:05,Epic Universe,Stardust Racers,0,False
2026-08-24 21:44:05,Epic Universe,Stardust Racers Single Rider,0,False
2026-08-24 21:44:05,Epic Universe,Curse of the Werewolf,80,True
2026-08-24 21:44:05,Epic Universe,Curse of the Werewolf Single Rider,0,True
2026-08-24 21:44:05,Epic Universe,Monsters Unchained: The Frankenstein Experiment,10,True
2026-08-24 21:44:05,Epic Universe,Dragon Racer's Rally,45,True
2026-08-24 21:44:05,Epic Universe,Fyre Drill,10,True
2026-08-24 21:44:05,Epic Universe,Hiccup's Wing Gliders,0,False
2026-08-24 21:44:05,Epic Universe,Meet Toothless and Friends,45,True
2026-08-24 21:44:05,Epic Universe,Bowser Jr. Challenge,15,True
2026-08-24 21:44:05,Epic Universe,Mario Kart™: Bowser's Challenge,25,True
2026-08-24 21:44:05,Epic Universe,Mario Kart™: Bowser's Challenge Single Rider,0,True
2026-08-24 21:44:05,Epic Universe,Mine-Cart Madness™,85,True
2026-08-24 21:44:05,Epic Universe,Mine-Cart Madness™ Single Rider,0,True
2026-08-24 21:44:05,Epic Universe,Yoshi's Adventure™,20,True
2026-08-24 21:44:05,Epic Universe,Harry Potter and the Battle at the Ministry™,60,True
2026-08-24 21:44:05,Epic Universe,Harry Potter and the Battle at the Ministry™ Single Rider,0,True
2026-08-24 22:03:27,Islands of Adventure,Camp Jurassic™,0,False
2026-08-24 22:03:27,Islands of Adventure,Jurassic Park Discovery Center,0,False
2026-08-24 22:03:27,Islands of Adventure,Jurassic Park River Adventure,0,False
2026-08-24 22:03:27,Islands of Adventure,Jurassic World VelociCoaster,35,True
2026-08-24 22:03:27,Islands of Adventure,Pteranodon Flyers,30,True
2026-08-24 22:03:27,Islands of Adventure,Skull Island: Reign of Kong,5,True
2026-08-24 22:03:27,Islands of Adventure,Doctor Doom's Fearfall®,5,True
2026-08-24 22:03:27,Islands of Adventure,Doctor Doom's Fearfall® Single Rider,0,False
2026-08-24 22:03:27,Islands of Adventure,Storm Force Accelatron®,5,True
2026-08-24 22:03:27,Islands of Adventure,The Amazing Adventures of Spider-Man®,20,True
2026-08-24 22:03:27,Islands of Adventure,The Incredible Hulk Coaster®,10,True
2026-08-24 22:03:27,Islands of Adventure,The Incredible Hulk Coaster® Single Rider,0,True
2026-08-24 22:03:27,Islands of Adventure,Caro-Seuss-el™,5,True
2026-08-24 22:03:27,Islands of Adventure,If I Ran The Zoo™,0,False
2026-08-24 22:03:27,Islands of Adventure,"One Fish, Two Fish, Red Fish, Blue Fish™",15,True
2026-08-24 22:03:27,Islands of Adventure,The Cat in The Hat™,5,True
2026-08-24 22:03:27,Islands of Adventure,The High in the Sky Seuss Trolley Train Ride!™,25,True
2026-08-24 22:03:27,Islands of Adventure,Flight of the Hippogriff™,20,True
2026-08-24 22:03:27,Islands of Adventure,Hagrid's Magical Creatures Motorbike Adventure™,55,True
2026-08-24 22:03:27,Islands of Adventure,Hagrid's Magical Creatures Motorbike Adventure™ Single Rider,0,True
2026-08-24 22:03:27,Islands of Adventure,Harry Potter and the Forbidden Journey™,10,True
2026-08-24 22:03:27,Islands of Adventure,Harry Potter and the Forbidden Journey™ Single Rider,0,True
2026-08-24 22:03:27,Islands of Adventure,Hogwarts Express™ - Hogsmeade™ Station,10,True
2026-08-24 22:03:27,Islands of Adventure,Ollivanders™ Experience in Hogsmeade™,15,True
2026-08-24 22:03:27,Islands of Adventure,Dudley Do-Right's Ripsaw Falls®,15,True
2026-08-24 22:03:27,Islands of Adventure,"Me Ship, The Olive®",0,False
2026-08-24 22:03:27,Islands of Adventure,Popeye & Bluto's Bilge-Rat Barges®,15,True
2026-08-24 22:03:27,Universal Studios Florida,Trolls Trollercoaster,5,True
2026-08-24 22:03:27,Universal Studios Florida,E.T. Adventure,30,True
2026-08-24 22:03:27,Universal Studios Florida,Despicable Me Minion Mayhem™,0,False
2026-08-24 22:03:27,Universal Studios Florida,Illumination's Villain-Con Minion Blast,5,True
2026-08-24 22:03:27,Universal Studios Florida,Race Through New York Starring Jimmy Fallon™,20,True
2026-08-24 22:03:27,Universal Studios Florida,Revenge of the Mummy™,15,True
2026-08-24 22:03:27,Universal Studios Florida,Revenge of the Mummy™ Single Rider,0,True
2026-08-24 22:03:27,Universal Studios Florida,TRANSFORMERS™ The Ride-3D,10,True
2026-08-24 22:03:27,Universal Studios Florida,Fast & Furious - Supercharged™,0,True
2026-08-24 22:03:27,Universal Studios Florida,Fast & Furious - Supercharged™ Single Rider,0,True
2026-08-24 22:03:27,Universal Studios Florida,Harry Potter and the Escape from Gringotts™,20,True
2026-08-24 22:03:27,Universal Studios Florida,Harry Potter and the Escape from Gringotts™ Single Rider,0,True
2026-08-24 22:03:27,Universal Studios Florida,Hogwarts Express™ - King's Cross Station,0,False
2026-08-24 22:03:27,Universal Studios Florida,Hogwarts™ Express - First Train,0,False
2026-08-24 22:03:27,Universal Studios Florida,Hogwarts™ Express - Last Train,0,False
2026-08-24 22:03:27,Universal Studios Florida,Ollivanders™ Experience in Diagon Alley™,5,True
2026-08-24 22:03:27,Universal Studios Florida,Kang & Kodos' Twirl 'n' Hurl,5,True
2026-08-24 22:03:27,Universal Studios Florida,MEN IN BLACK™ Alien Attack!,20,True
2026-08-24 22:03:27,Universal Studios Florida,MEN IN BLACK™ Alien Attack!™ Single Rider,0,True
2026-08-24 22:03:27,Universal Studios Florida,The Simpsons Ride™,10,True
2026-08-24 22:03:27,Epic Universe,Constellation Carousel,15,True
2026-08-24 22:03:27,Epic Universe,Stardust Racers,25,True
2026-08-24 22:03:27,Epic Universe,Stardust Racers Single Rider,0,False
2026-08-24 22:03:27,Epic Universe,Curse of the Werewolf,80,True
2026-08-24 22:03:27,Epic Universe,Curse of the Werewolf Single Rider,0,True
2026-08-24 22:03:27,Epic Universe,Monsters Unchained: The Frankenstein Experiment,10,True
2026-08-24 22:03:27,Epic Universe,Dragon Racer's Rally,25,True
2026-08-24 22:03:27,Epic Universe,Fyre Drill,15,True
2026-08-24 22:03:27,Epic Universe,Hiccup's Wing Gliders,35,True
2026-08-24 22:03:27,Epic Universe,Meet Toothless and Friends,45,True
2026-08-24 22:03:27,Epic Universe,Bowser Jr. Challenge,15,True
2026-08-24 22:03:27,Epic Universe,Mario Kart™: Bowser's Challenge,25,True
2026-08-24 22:03:27,Epic Universe,Mario Kart™: Bowser's Challenge Single Rider,0,True
2026-08-24 22:03:27,Epic Universe,Mine-Cart Madness™,85,True
2026-08-24 22:03:27,Epic Universe,Mine-Cart Madness™ Single Rider,0,True
2026-08-24 22:03:27,Epic Universe,Yoshi's Adventure™,15,True
2026-08-24 22:03:27,Epic Universe,Harry Potter and the Battle at the Ministry™,50,True
2026-08-24 22:03:27,Epic Universe,Harry Potter and the Battle at the Ministry™ Single Rider,0,True
2026-08-24 22:44:39,Islands of Adventure,Camp Jurassic™,0,False
2026-08-24 22:44:39,Islands of Adventure,Jurassic Park Discovery Center,0,False
2026-08-24 22:44:39,Islands of Adventure,Jurassic Park River Adventure,0,False
2026-08-24 22:44:39,Islands of Adventure,Jurassic World VelociCoaster,35,True
2026-08-24 22:44:39,Islands of Adventure,Pteranodon Flyers,30,True
2026-08-24 22:44:39,Islands of Adventure,Skull Island: Reign of Kong,5,True
2026-08-24 22:44:39,Islands of Adventure,Doctor Doom's Fearfall®,5,True
2026-08-24 22:44:39,Islands of Adventure,Doctor Doom's Fearfall® Single Rider,0,False
2026-08-24 22:44:39,Islands of Adventure,Storm Force Accelatron®,5,True
2026-08-24 22:44:39,Islands of Adventure,The Amazing Adventures of Spider-Man®,10,True
2026-08-24 22:44:39,Islands of Adventure,The Incredible Hulk Coaster®,10,True
2026-08-24 22:44:39,Islands of Adventure,The Incredible Hulk Coaster® Single Rider,0,True
2026-08-24 22:44:39,Islands of Adventure,Caro-Seuss-el™,5,True
2026-08-24 22:44:39,Islands of Adventure,If I Ran The Zoo™,0,False
2026-08-24 22:44:39,Islands of Adventure,"One Fish, Two Fish, Red Fish, Blue Fish™",15,True
2026-08-24 22:44:39,Islands of Adventure,The Cat in The Hat™,15,True
2026-08-24 22:44:39,Islands of Adventure,The High in the Sky Seuss Trolley Train Ride!™,15,True
2026-08-24 22:44:39,Islands of Adventure,Flight of the Hippogriff™,5,True
2026-08-24 22:44:39,Islands of Adventure,Hagrid's Magical Creatures Motorbike Adventure™,55,True
2026-08-24 22:44:39,Islands of Adventure,Hagrid's Magical Creatures Motorbike Adventure™ Single Rider,0,True
2026-08-24 22:44:39,Islands of Adventure,Harry Potter and the Forbidden Journey™,10,True
2026-08-24 22:44:39,Islands of Adventure,Harry Potter and the Forbidden Journey™ Single Rider,0,True
2026-08-24 22:44:39,Islands of Adventure,Hogwarts Express™ - Hogsmeade™ Station,0,False
2026-08-24 22:44:39,Islands of Adventure,Ollivanders™ Experience in Hogsmeade™,15,True
2026-08-24 22:44:39,Islands of Adventure,Dudley Do-Right's Ripsaw Falls®,25,True
2026-08-24 22:44:39,Islands of Adventure,"Me Ship, The Olive®",0,False
2026-08-24 22:44:39,Islands of Adventure,Popeye & Bluto's Bilge-Rat Barges®,15,True
2026-08-24 22:44:39,Universal Studios Florida,Trolls Trollercoaster,0,False
2026-08-24 22:44:39,Universal Studios Florida,E.T. Adventure,0,False
2026-08-24 22:44:39,Universal Studios Florida,Despicable Me Minion Mayhem™,0,False
2026-08-24 22:44:39,Universal Studios Florida,Illumination's Villain-Con Minion Blast,0,False
2026-08-24 22:44:39,Universal Studios Florida,Race Through New York Starring Jimmy Fallon™,0,False
2026-08-24 22:44:39,Universal Studios Florida,Revenge of the Mummy™,0,False
2026-08-24 22:44:39,Universal Studios Florida,Revenge of the Mummy™ Single Rider,0,True
2026-08-24 22:44:39,Universal Studios Florida,TRANSFORMERS™ The Ride-3D,0,False
2026-08-24 22:44:39,Universal Studios Florida,Fast & Furious - Supercharged™,0,True
2026-08-24 22:44:39,Universal Studios Florida,Fast & Furious - Supercharged™ Single Rider,0,True
2026-08-24 22:44:39,Universal Studios Florida,Harry Potter and the Escape from Gringotts™,0,False
2026-08-24 22:44:39,Universal Studios Florida,Harry Potter and the Escape from Gringotts™ Single Rider,0,True
2026-08-24 22:44:39,Universal Studios Florida,Hogwarts Express™ - King's Cross Station,0,False
2026-08-24 22:44:39,Universal Studios Florida,Hogwarts™ Express - First Train,0,False
2026-08-24 22:44:39,Universal Studios Florida,Hogwarts™ Express - Last Train,0,False
2026-08-24 22:44:39,Universal Studios Florida,Ollivanders™ Experience in Diagon Alley™,5,True
2026-08-24 22:44:39,Universal Studios Florida,Kang & Kodos' Twirl 'n' Hurl,0,False
2026-08-24 22:44:39,Universal Studios Florida,MEN IN BLACK™ Alien Attack!,0,False
2026-08-24 22:44:39,Universal Studios Florida,MEN IN BLACK™ Alien Attack!™ Single Rider,0,True
2026-08-24 22:44:39,Universal Studios Florida,The Simpsons Ride™,0,False
2026-08-24 22:44:39,Epic Universe,Constellation Carousel,20,True
2026-08-24 22:44:39,Epic Universe,Stardust Racers,55,True
2026-08-24 22:44:39,Epic Universe,Stardust Racers Single Rider,0,False
2026-08-24 22:44:39,Epic Universe,Curse of the Werewolf,40,True
2026-08-24 22:44:39,Epic Universe,Curse of the Werewolf Single Rider,0,True
2026-08-24 22:44:39,Epic Universe,Monsters Unchained: The Frankenstein Experiment,10,True
2026-08-24 22:44:39,Epic Universe,Dragon Racer's Rally,20,True
2026-08-24 22:44:39,Epic Universe,Fyre Drill,5,True
2026-08-24 22:44:39,Epic Universe,Hiccup's Wing Gliders,30,True
2026-08-24 22:44:39,Epic Universe,Meet Toothless and Friends,30,True
2026-08-24 22:44:39,Epic Universe,Bowser Jr. Challenge,15,True
2026-08-24 22:44:39,Epic Universe,Mario Kart™: Bowser's Challenge,15,True
2026-08-24 22:44:39,Epic Universe,Mario Kart™: Bowser's Challenge Single Rider,0,True
2026-08-24 22:44:39,Epic Universe,Mine-Cart Madness™,65,True
2026-08-24 22:44:39,Epic Universe,Mine-Cart Madness™ Single Rider,0,True
2026-08-24 22:44:39,Epic Universe,Yoshi's Adventure™,15,True
2026-08-24 22:44:39,Epic Universe,Harry Potter and the Battle at the Ministry™,30,True
2026-08-24 22:44:39,Epic Universe,Harry Potter and the Battle at the Ministry™ Single Rider,0,True
2026-08-24 23:07:16,Islands of Adventure,Camp Jurassic™,0,False
2026-08-24 23:07:16,Islands of Adventure,Jurassic Park Discovery Center,0,False
2026-08-24 23:07:16,Islands of Adventure,Jurassic Park River Adventure,0,False
2026-08-24 23:07:16,Islands of Adventure,Jurassic World VelociCoaster,35,True
2026-08-24 23:07:16,Islands of Adventure,Pteranodon Flyers,10,True
2026-08-24 23:07:16,Islands of Adventure,Skull Island: Reign of Kong,10,True
2026-08-24 23:07:16,Islands of Adventure,Doctor Doom's Fearfall®,5,True
2026-08-24 23:07:16,Islands of Adventure,Doctor Doom's Fearfall® Single Rider,0,False
2026-08-24 23:07:16,Islands of Adventure,Storm Force Accelatron®,5,True
2026-08-24 23:07:16,Islands of Adventure,The Amazing Adventures of Spider-Man®,20,True
2026-08-24 23:07:16,Islands of Adventure,The Incredible Hulk Coaster®,25,True
2026-08-24 23:07:16,Islands of Adventure,The Incredible Hulk Coaster® Single Rider,0,True
2026-08-24 23:07:16,Islands of Adventure,Caro-Seuss-el™,5,True
2026-08-24 23:07:16,Islands of Adventure,If I Ran The Zoo™,0,False
2026-08-24 23:07:16,Islands of Adventure,"One Fish, Two Fish, Red Fish, Blue Fish™",15,True
2026-08-24 23:07:16,Islands of Adventure,The Cat in The Hat™,5,True
2026-08-24 23:07:16,Islands of Adventure,The High in the Sky Seuss Trolley Train Ride!™,30,True
2026-08-24 23:07:16,Islands of Adventure,Flight of the Hippogriff™,15,True
2026-08-24 23:07:16,Islands of Adventure,Hagrid's Magical Creatures Motorbike Adventure™,55,True
2026-08-24 23:07:16,Islands of Adventure,Hagrid's Magical Creatures Motorbike Adventure™ Single Rider,0,True
2026-08-24 23:07:16,Islands of Adventure,Harry Potter and the Forbidden Journey™,10,True
2026-08-24 23:07:16,Islands of Adventure,Harry Potter and the Forbidden Journey™ Single Rider,0,True
2026-08-24 23:07:16,Islands of Adventure,Hogwarts Express™ - Hogsmeade™ Station,0,False
2026-08-24 23:07:16,Islands of Adventure,Ollivanders™ Experience in Hogsmeade™,15,True
2026-08-24 23:07:16,Islands of Adventure,Dudley Do-Right's Ripsaw Falls®,25,True
2026-08-24 23:07:16,Islands of Adventure,"Me Ship, The Olive®",0,False
2026-08-24 23:07:16,Islands of Adventure,Popeye & Bluto's Bilge-Rat Barges®,15,True
2026-08-24 23:07:16,Universal Studios Florida,Trolls Trollercoaster,0,False
2026-08-24 23:07:16,Universal Studios Florida,E.T. Adventure,0,False
2026-08-24 23:07:16,Universal Studios Florida,Despicable Me Minion Mayhem™,0,False
2026-08-24 23:07:16,Universal Studios Florida,Illumination's Villain-Con Minion Blast,0,False
2026-08-24 23:07:16,Universal Studios Florida,Race Through New York Starring Jimmy Fallon™,0,False
2026-08-24 23:07:16,Universal Studios Florida,Revenge of the Mummy™,0,False
2026-08-24 23:07:16,Universal Studios Florida,Revenge of the Mummy™ Single Rider,0,True
2026-08-24 23:07:16,Universal Studios Florida,TRANSFORMERS™ The Ride-3D,0,False
2026-08-24 23:07:16,Universal Studios Florida,Fast & Furious - Supercharged™,0,True
2026-08-24 23:07:16,Universal Studios Florida,Fast & Furious - Supercharged™ Single Rider,0,True
2026-08-24 23:07:16,Universal Studios Florida,Harry Potter and the Escape from Gringotts™,0,False
2026-08-24 23:07:16,Universal Studios Florida,Harry Potter and the Escape from Gringotts™ Single Rider,0,True
2026-08-24 23:07:16,Universal Studios Florida,Hogwarts Express™ - King's Cross Station,0,False
2026-08-24 23:07:16,Universal Studios Florida,Hogwarts™ Express - First Train,0,False
2026-08-24 23:07:16,Universal Studios Florida,Hogwarts™ Express - Last Train,0,False
2026-08-24 23:07:16,Universal Studios Florida,Ollivanders™ Experience in Diagon Alley™,5,True
2026-08-24 23:07:16,Universal Studios Florida,Kang & Kodos' Twirl 'n' Hurl,0,False
2026-08-24 23:07:16,Universal Studios Florida,MEN IN BLACK™ Alien Attack!,0,False
2026-08-24 23:07:16,Universal Studios Florida,MEN IN BLACK™ Alien Attack!™ Single Rider,0,True
2026-08-24 23:07:16,Universal Studios Florida,The Simpsons Ride™,0,False
2026-08-24 23:07:16,Epic Universe,Constellation Carousel,10,True
2026-08-24 23:07:16,Epic Universe,Stardust Racers,90,True
2026-08-24 23:07:16,Epic Universe,Stardust Racers Single Rider,0,False
2026-08-24 23:07:16,Epic Universe,Curse of the Werewolf,30,True
2026-08-24 23:07:16,Epic Universe,Curse of the Werewolf Single Rider,0,True
2026-08-24 23:07:16,Epic Universe,Monsters Unchained: The Frankenstein Experiment,10,True
2026-08-24 23:07:16,Epic Universe,Dragon Racer's Rally,25,True
2026-08-24 23:07:16,Epic Universe,Fyre Drill,5,True
2026-08-24 23:07:16,Epic Universe,Hiccup's Wing Gliders,65,True
2026-08-24 23:07:16,Epic Universe,Meet Toothless and Friends,60,True
2026-08-24 23:07:16,Epic Universe,Bowser Jr. Challenge,15,True
2026-08-24 23:07:16,Epic Universe,Mario Kart™: Bowser's Challenge,15,True
2026-08-24 23:07:16,Epic Universe,Mario Kart™: Bowser's Challenge Single Rider,0,True
2026-08-24 23:07:16,Epic Universe,Mine-Cart Madness™,65,True
2026-08-24 23:07:16,Epic Universe,Mine-Cart Madness™ Single Rider,0,True
2026-08-24 23:07:16,Epic Universe,Yoshi's Adventure™,5,True
2026-08-24 23:07:16,Epic Universe,Harry Potter and the Battle at the Ministry™,0,False
2026-08-24 23:07:16,Epic Universe,Harry Potter and the Battle at the Ministry™ Single Rider,0,False
