timestamp,park,ride,wait_time,is_open
2026-08-09 02:18:49,Islands of Adventure,Camp Jurassic™,0,False
2026-08-09 02:18:49,Islands of Adventure,Jurassic Park Discovery Center,0,False
2026-08-09 02:18:49,Islands of Adventure,Jurassic Park River Adventure,0,False
2026-08-09 02:18:49,Islands of Adventure,Jurassic World VelociCoaster,0,False
2026-08-09 02:18:49,Islands of Adventure,Pteranodon Flyers,0,False
2026-08-09 02:18:49,Islands of Adventure,Skull Island: Reign of Kong™,0,False
2026-08-09 02:18:49,Islands of Adventure,Doctor Doom's Fearfall®,0,False
2026-08-09 02:18:49,Islands of Adventure,Doctor Doom's Fearfall® Single Rider,0,False
2026-08-09 02:18:49,Islands of Adventure,Storm Force Accelatron®,0,False
2026-08-09 02:18:49,Islands of Adventure,The Amazing Adventures of Spider-Man®,0,False
2026-08-09 02:18:49,Islands of Adventure,The Incredible Hulk Coaster®,0,False
2026-08-09 02:18:49,Islands of Adventure,The Incredible Hulk Coaster® Single Rider,0,True
2026-08-09 02:18:49,Islands of Adventure,Caro-Seuss-el™,0,False
2026-08-09 02:18:49,Islands of Adventure,If I Ran The Zoo™,0,False
2026-08-09 02:18:49,Islands of Adventure,"One Fish, Two Fish, Red Fish, Blue Fish™",0,False
2026-08-09 02:18:49,Islands of Adventure,The Cat in The Hat™,0,False
2026-08-09 02:18:49,Islands of Adventure,The High in the Sky Seuss Trolley Train Ride!™,0,False
2026-08-09 02:18:49,Islands of Adventure,Flight of the Hippogriff™,0,False
2026-08-09 02:18:49,Islands of Adventure,Hagrid's Magical Creatures Motorbike Adventure™,0,False
2026-08-09 02:18:49,Islands of Adventure,Harry Potter and the Forbidden Journey™,0,False
2026-08-09 02:18:49,Islands of Adventure,Harry Potter and the Forbidden Journey™ Single Rider,0,True
2026-08-09 02:18:49,Islands of Adventure,Hogwarts Express™ - Hogsmeade™ Station,0,False
2026-08-09 02:18:49,Islands of Adventure,Ollivanders™ Experience in Hogsmeade™,15,True
2026-08-09 02:18:49,Islands of Adventure,Dudley Do-Right's Ripsaw Falls®,0,False
2026-08-09 02:18:49,Islands of Adventure,"Me Ship, The Olive®",0,False
2026-08-09 02:18:49,Islands of Adventure,Popeye & Bluto's Bilge-Rat Barges®,0,False
2026-08-09 02:18:49,Universal Studios Florida,Trolls Trollercoaster,0,False
2026-08-09 02:18:49,Universal Studios Florida,E.T. Adventure™,0,False
2026-08-09 02:18:49,Universal Studios Florida,Despicable Me Minion Mayhem™,0,False
2026-08-09 02:18:49,Universal Studios Florida,Illumination's Villain-Con Minion Blast,0,False
2026-08-09 02:18:49,Universal Studios Florida,Race Through New York Starring Jimmy Fallon™,0,False
2026-08-09 02:18:49,Universal Studios Florida,Revenge of the Mummy™,0,False
2026-08-09 02:18:49,Universal Studios Florida,Revenge of the Mummy™ Single Rider,0,True
2026-08-09 02:18:49,Universal Studios Florida,TRANSFORMERS™ The Ride-3D,0,False
2026-08-09 02:18:49,Universal Studios Florida,Fast & Furious - Supercharged™,0,False
2026-08-09 02:18:49,Universal Studios Florida,Fast & Furious - Supercharged™ Single Rider,0,True
2026-08-09 02:18:49,Universal Studios Florida,Harry Potter and the Escape from Gringotts™,0,False
2026-08-09 02:18:49,Universal Studios Florida,Harry Potter and the Escape from Gringotts™ Single Rider,0,True
2026-08-09 02:18:49,Universal Studios Florida,Hogwarts Express™ - King's Cross Station,0,False
2026-08-09 02:18:49,Universal Studios Florida,Hogwarts™ Express - First Train,0,False
2026-08-09 02:18:49,Universal Studios Florida,Hogwarts™ Express - Last Train,0,False
2026-08-09 02:18:49,Universal Studios Florida,Ollivanders™ Experience in Diagon Alley™,5,True
2026-08-09 02:18:49,Universal Studios Florida,Kang & Kodos' Twirl 'n' Hurl,0,False
2026-08-09 02:18:49,Universal Studios Florida,MEN IN BLACK™ Alien Attack!™,0,False
2026-08-09 02:18:49,Universal Studios Florida,MEN IN BLACK™ Alien Attack!™ Single Rider,0,True
2026-08-09 02:18:49,Universal Studios Florida,The Simpsons Ride™,0,False
2026-08-09 02:18:49,Epic Universe,Constellation Carousel,0,False
2026-08-09 02:18:49,Epic Universe,Stardust Racers,0,False
2026-08-09 02:18:49,Epic Universe,Curse of the Werewolf,0,False
2026-08-09 02:18:49,Epic Universe,Curse of the Werewolf Single Rider,0,False
2026-08-09 02:18:49,Epic Universe,Monsters Unchained: The Frankenstein Experiment,0,False
2026-08-09 02:18:49,Epic Universe,Dragon Racer's Rally,0,False
2026-08-09 02:18:49,Epic Universe,Fyre Drill,0,False
2026-08-09 02:18:49,Epic Universe,Hiccup's Wing Gliders,0,False
2026-08-09 02:18:49,Epic Universe,Meet Toothless and Friends,15,True
2026-08-09 02:18:49,Epic Universe,Bowser Jr. Challenge,0,False
2026-08-09 02:18:49,Epic Universe,Mario Kart™: Bowser's Challenge,0,False
2026-08-09 02:18:49,Epic Universe,Mario Kart™: Bowser's Challenge Single Rider,0,True
2026-08-09 02:18:49,Epic Universe,Mine-Cart Madness™,0,False
2026-08-09 02:18:49,Epic Universe,Mine-Cart Madness™ Single Rider,0,False
2026-08-09 02:18:49,Epic Universe,Yoshi's Adventure™,0,False
2026-08-09 02:18:49,Epic Universe,Harry Potter and the Battle at the Ministry™,0,False
2026-08-09 02:18:49,Epic Universe,Harry Potter and the Battle at the Ministry™ Single Rider,0,True
2026-08-09 03:58:13,Islands of Adventure,Camp Jurassic™,0,False
2026-08-09 03:58:13,Islands of Adventure,Jurassic Park Discovery Center,0,False
2026-08-09 03:58:13,Islands of Adventure,Jurassic Park River Adventure,0,False
2026-08-09 03:58:13,Islands of Adventure,Jurassic World VelociCoaster,0,False
2026-08-09 03:58:13,Islands of Adventure,Pteranodon Flyers,0,False
2026-08-09 03:58:13,Islands of Adventure,Skull Island: Reign of Kong™,0,False
2026-08-09 03:58:13,Islands of Adventure,Doctor Doom's Fearfall®,0,False
2026-08-09 03:58:13,Islands of Adventure,Doctor Doom's Fearfall® Single Rider,0,False
2026-08-09 03:58:13,Islands of Adventure,Storm Force Accelatron®,0,False
2026-08-09 03:58:13,Islands of Adventure,The Amazing Adventures of Spider-Man®,0,False
2026-08-09 03:58:13,Islands of Adventure,The Incredible Hulk Coaster®,0,False
2026-08-09 03:58:13,Islands of Adventure,The Incredible Hulk Coaster® Single Rider,0,True
2026-08-09 03:58:13,Islands of Adventure,Caro-Seuss-el™,0,False
2026-08-09 03:58:13,Islands of Adventure,If I Ran The Zoo™,0,False
2026-08-09 03:58:13,Islands of Adventure,"One Fish, Two Fish, Red Fish, Blue Fish™",0,False
2026-08-09 03:58:13,Islands of Adventure,The Cat in The Hat™,0,False
2026-08-09 03:58:13,Islands of Adventure,The High in the Sky Seuss Trolley Train Ride!™,0,False
2026-08-09 03:58:13,Islands of Adventure,Flight of the Hippogriff™,0,False
2026-08-09 03:58:13,Islands of Adventure,Hagrid's Magical Creatures Motorbike Adventure™,0,False
2026-08-09 03:58:13,Islands of Adventure,Harry Potter and the Forbidden Journey™,0,False
2026-08-09 03:58:13,Islands of Adventure,Harry Potter and the Forbidden Journey™ Single Rider,0,True
2026-08-09 03:58:13,Islands of Adventure,Hogwarts Express™ - Hogsmeade™ Station,0,False
2026-08-09 03:58:13,Islands of Adventure,Ollivanders™ Experience in Hogsmeade™,15,True
2026-08-09 03:58:13,Islands of Adventure,Dudley Do-Right's Ripsaw Falls®,0,False
2026-08-09 03:58:13,Islands of Adventure,"Me Ship, The Olive®",0,False
2026-08-09 03:58:13,Islands of Adventure,Popeye & Bluto's Bilge-Rat Barges®,0,False
2026-08-09 03:58:13,Universal Studios Florida,Trolls Trollercoaster,0,False
2026-08-09 03:58:13,Universal Studios Florida,E.T. Adventure™,0,False
2026-08-09 03:58:13,Universal Studios Florida,Despicable Me Minion Mayhem™,0,False
2026-08-09 03:58:13,Universal Studios Florida,Illumination's Villain-Con Minion Blast,0,False
2026-08-09 03:58:13,Universal Studios Florida,Race Through New York Starring Jimmy Fallon™,0,False
2026-08-09 03:58:13,Universal Studios Florida,Revenge of the Mummy™,0,False
2026-08-09 03:58:13,Universal Studios Florida,Revenge of the Mummy™ Single Rider,0,True
2026-08-09 03:58:13,Universal Studios Florida,TRANSFORMERS™ The Ride-3D,0,False
2026-08-09 03:58:13,Universal Studios Florida,Fast & Furious - Supercharged™,0,False
2026-08-09 03:58:13,Universal Studios Florida,Fast & Furious - Supercharged™ Single Rider,0,True
2026-08-09 03:58:13,Universal Studios Florida,Harry Potter and the Escape from Gringotts™,0,False
2026-08-09 03:58:13,Universal Studios Florida,Harry Potter and the Escape from Gringotts™ Single Rider,0,True
2026-08-09 03:58:13,Universal Studios Florida,Hogwarts Express™ - King's Cross Station,0,False
2026-08-09 03:58:13,Universal Studios Florida,Hogwarts™ Express - First Train,0,False
2026-08-09 03:58:13,Universal Studios Florida,Hogwarts™ Express - Last Train,0,False
2026-08-09 03:58:13,Universal Studios Florida,Ollivanders™ Experience in Diagon Alley™,5,True
2026-08-09 03:58:13,Universal Studios Florida,Kang & Kodos' Twirl 'n' Hurl,0,False
2026-08-09 03:58:13,Universal Studios Florida,MEN IN BLACK™ Alien Attack!™,0,False
2026-08-09 03:58:13,Universal Studios Florida,MEN IN BLACK™ Alien Attack!™ Single Rider,0,True
2026-08-09 03:58:13,Universal Studios Florida,The Simpsons Ride™,0,False
2026-08-09 03:58:13,Epic Universe,Constellation Carousel,0,False
2026-08-09 03:58:13,Epic Universe,Stardust Racers,0,False
2026-08-09 03:58:13,Epic Universe,Curse of the Werewolf,0,False
2026-08-09 03:58:13,Epic Universe,Curse of the Werewolf Single Rider,0,False
2026-08-09 03:58:13,Epic Universe,Monsters Unchained: The Frankenstein Experiment,0,False
2026-08-09 03:58:13,Epic Universe,Dragon Racer's Rally,0,False
2026-08-09 03:58:13,Epic Universe,Fyre Drill,0,False
2026-08-09 03:58:13,Epic Universe,Hiccup's Wing Gliders,0,False
2026-08-09 03:58:13,Epic Universe,Meet Toothless and Friends,15,True
2026-08-09 03:58:13,Epic Universe,Bowser Jr. Challenge,0,False
2026-08-09 03:58:13,Epic Universe,Mario Kart™: Bowser's Challenge,0,False
2026-08-09 03:58:13,Epic Universe,Mario Kart™: Bowser's Challenge Single Rider,0,True
2026-08-09 03:58:13,Epic Universe,Mine-Cart Madness™,0,False
2026-08-09 03:58:13,Epic Universe,Mine-Cart Madness™ Single Rider,0,False
2026-08-09 03:58:13,Epic Universe,Yoshi's Adventure™,0,False
2026-08-09 03:58:13,Epic Universe,Harry Potter and the Battle at the Ministry™,0,False
2026-08-09 03:58:13,Epic Universe,Harry Potter and the Battle at the Ministry™ Single Rider,0,True
2026-08-09 05:12:36,Islands of Adventure,Camp Jurassic™,0,False
2026-08-09 05:12:36,Islands of Adventure,Jurassic Park Discovery Center,0,False
2026-08-09 05:12:36,Islands of Adventure,Jurassic Park River Adventure,0,False
2026-08-09 05:12:36,Islands of Adventure,Jurassic World VelociCoaster,0,False
2026-08-09 05:12:36,Islands of Adventure,Pteranodon Flyers,0,False
2026-08-09 05:12:36,Islands of Adventure,Skull Island: Reign of Kong™,0,False
2026-08-09 05:12:36,Islands of Adventure,Doctor Doom's Fearfall®,0,False
2026-08-09 05:12:36,Islands of Adventure,Doctor Doom's Fearfall® Single Rider,0,False
2026-08-09 05:12:36,Islands of Adventure,Storm Force Accelatron®,0,False
2026-08-09 05:12:36,Islands of Adventure,The Amazing Adventures of Spider-Man®,0,False
2026-08-09 05:12:36,Islands of Adventure,The Incredible Hulk Coaster®,0,False
2026-08-09 05:12:36,Islands of Adventure,The Incredible Hulk Coaster® Single Rider,0,True
2026-08-09 05:12:36,Islands of Adventure,Caro-Seuss-el™,0,False
2026-08-09 05:12:36,Islands of Adventure,If I Ran The Zoo™,0,False
2026-08-09 05:12:36,Islands of Adventure,"One Fish, Two Fish, Red Fish, Blue Fish™",0,False
2026-08-09 05:12:36,Islands of Adventure,The Cat in The Hat™,0,False
2026-08-09 05:12:36,Islands of Adventure,The High in the Sky Seuss Trolley Train Ride!™,0,False
2026-08-09 05:12:36,Islands of Adventure,Flight of the Hippogriff™,0,False
2026-08-09 05:12:36,Islands of Adventure,Hagrid's Magical Creatures Motorbike Adventure™,0,False
2026-08-09 05:12:36,Islands of Adventure,Harry Potter and the Forbidden Journey™,0,False
2026-08-09 05:12:36,Islands of Adventure,Harry Potter and the Forbidden Journey™ Single Rider,0,True
2026-08-09 05:12:36,Islands of Adventure,Hogwarts Express™ - Hogsmeade™ Station,0,False
2026-08-09 05:12:36,Islands of Adventure,Ollivanders™ Experience in Hogsmeade™,15,True
2026-08-09 05:12:36,Islands of Adventure,Dudley Do-Right's Ripsaw Falls®,0,False
2026-08-09 05:12:36,Islands of Adventure,"Me Ship, The Olive®",0,False
2026-08-09 05:12:36,Islands of Adventure,Popeye & Bluto's Bilge-Rat Barges®,0,False
2026-08-09 05:12:36,Universal Studios Florida,Trolls Trollercoaster,0,False
2026-08-09 05:12:36,Universal Studios Florida,E.T. Adventure™,0,False
2026-08-09 05:12:36,Universal Studios Florida,Despicable Me Minion Mayhem™,0,False
2026-08-09 05:12:36,Universal Studios Florida,Illumination's Villain-Con Minion Blast,0,False
2026-08-09 05:12:36,Universal Studios Florida,Race Through New York Starring Jimmy Fallon™,0,False
2026-08-09 05:12:36,Universal Studios Florida,Revenge of the Mummy™,0,False
2026-08-09 05:12:36,Universal Studios Florida,Revenge of the Mummy™ Single Rider,0,True
2026-08-09 05:12:36,Universal Studios Florida,TRANSFORMERS™ The Ride-3D,0,False
2026-08-09 05:12:36,Universal Studios Florida,Fast & Furious - Supercharged™,0,False
2026-08-09 05:12:36,Universal Studios Florida,Fast & Furious - Supercharged™ Single Rider,0,True
2026-08-09 05:12:36,Universal Studios Florida,Harry Potter and the Escape from Gringotts™,0,False
2026-08-09 05:12:36,Universal Studios Florida,Harry Potter and the Escape from Gringotts™ Single Rider,0,True
2026-08-09 05:12:36,Universal Studios Florida,Hogwarts Express™ - King's Cross Station,0,False
2026-08-09 05:12:36,Universal Studios Florida,Hogwarts™ Express - First Train,0,False
2026-08-09 05:12:36,Universal Studios Florida,Hogwarts™ Express - Last Train,0,False
2026-08-09 05:12:36,Universal Studios Florida,Ollivanders™ Experience in Diagon Alley™,5,True
2026-08-09 05:12:36,Universal Studios Florida,Kang & Kodos' Twirl 'n' Hurl,0,False
2026-08-09 05:12:36,Universal Studios Florida,MEN IN BLACK™ Alien Attack!™,0,False
2026-08-09 05:12:36,Universal Studios Florida,MEN IN BLACK™ Alien Attack!™ Single Rider,0,True
2026-08-09 05:12:36,Universal Studios Florida,The Simpsons Ride™,0,False
2026-08-09 05:12:36,Epic Universe,Constellation Carousel,0,False
2026-08-09 05:12:36,Epic Universe,Stardust Racers,0,False
2026-08-09 05:12:36,Epic Universe,Curse of the Werewolf,0,False
2026-08-09 05:12:36,Epic Universe,Curse of the Werewolf Single Rider,0,False
2026-08-09 05:12:36,Epic Universe,Monsters Unchained: The Frankenstein Experiment,0,False
2026-08-09 05:12:36,Epic Universe,Dragon Racer's Rally,0,False
2026-08-09 05:12:36,Epic Universe,Fyre Drill,0,False
2026-08-09 05:12:36,Epic Universe,Hiccup's Wing Gliders,0,False
2026-08-09 05:12:36,Epic Universe,Meet Toothless and Friends,15,True
2026-08-09 05:12:36,Epic Universe,Bowser Jr. Challenge,0,False
2026-08-09 05:12:36,Epic Universe,Mario Kart™: Bowser's Challenge,0,False
2026-08-09 05:12:36,Epic Universe,Mario Kart™: Bowser's Challenge Single Rider,0,True
2026-08-09 05:12:36,Epic Universe,Mine-Cart Madness™,0,False
2026-08-09 05:12:36,Epic Universe,Mine-Cart Madness™ Single Rider,0,False
2026-08-09 05:12:36,Epic Universe,Yoshi's Adventure™,0,False
2026-08-09 05:12:36,Epic Universe,Harry Potter and the Battle at the Ministry™,0,False
2026-08-09 05:12:36,Epic Universe,Harry Potter and the Battle at the Ministry™ Single Rider,0,True
2026-08-09 05:59:56,Islands of Adventure,Camp Jurassic™,0,False
2026-08-09 05:59:56,Islands of Adventure,Jurassic Park Discovery Center,0,False
2026-08-09 05:59:56,Islands of Adventure,Jurassic Park River Adventure,0,False
2026-08-09 05:59:56,Islands of Adventure,Jurassic World VelociCoaster,0,False
2026-08-09 05:59:56,Islands of Adventure,Pteranodon Flyers,0,False
2026-08-09 05:59:56,Islands of Adventure,Skull Island: Reign of Kong™,0,False
2026-08-09 05:59:56,Islands of Adventure,Doctor Doom's Fearfall®,0,False
2026-08-09 05:59:56,Islands of Adventure,Doctor Doom's Fearfall® Single Rider,0,False
2026-08-09 05:59:56,Islands of Adventure,Storm Force Accelatron®,0,False
2026-08-09 05:59:56,Islands of Adventure,The Amazing Adventures of Spider-Man®,0,False
2026-08-09 05:59:56,Islands of Adventure,The Incredible Hulk Coaster®,0,False
2026-08-09 05:59:56,Islands of Adventure,The Incredible Hulk Coaster® Single Rider,0,True
2026-08-09 05:59:56,Islands of Adventure,Caro-Seuss-el™,0,False
2026-08-09 05:59:56,Islands of Adventure,If I Ran The Zoo™,0,False
2026-08-09 05:59:56,Islands of Adventure,"One Fish, Two Fish, Red Fish, Blue Fish™",0,False
2026-08-09 05:59:56,Islands of Adventure,The Cat in The Hat™,0,False
2026-08-09 05:59:56,Islands of Adventure,The High in the Sky Seuss Trolley Train Ride!™,0,False
2026-08-09 05:59:56,Islands of Adventure,Flight of the Hippogriff™,0,False
2026-08-09 05:59:56,Islands of Adventure,Hagrid's Magical Creatures Motorbike Adventure™,0,False
2026-08-09 05:59:56,Islands of Adventure,Harry Potter and the Forbidden Journey™,0,False
2026-08-09 05:59:56,Islands of Adventure,Harry Potter and the Forbidden Journey™ Single Rider,0,True
2026-08-09 05:59:56,Islands of Adventure,Hogwarts Express™ - Hogsmeade™ Station,0,False
2026-08-09 05:59:56,Islands of Adventure,Ollivanders™ Experience in Hogsmeade™,15,True
2026-08-09 05:59:56,Islands of Adventure,Dudley Do-Right's Ripsaw Falls®,0,False
2026-08-09 05:59:56,Islands of Adventure,"Me Ship, The Olive®",0,False
2026-08-09 05:59:56,Islands of Adventure,Popeye & Bluto's Bilge-Rat Barges®,0,False
2026-08-09 05:59:56,Universal Studios Florida,Trolls Trollercoaster,0,False
2026-08-09 05:59:56,Universal Studios Florida,E.T. Adventure™,0,False
2026-08-09 05:59:56,Universal Studios Florida,Despicable Me Minion Mayhem™,0,False
2026-08-09 05:59:56,Universal Studios Florida,Illumination's Villain-Con Minion Blast,0,False
2026-08-09 05:59:56,Universal Studios Florida,Race Through New York Starring Jimmy Fallon™,0,False
2026-08-09 05:59:56,Universal Studios Florida,Revenge of the Mummy™,0,False
2026-08-09 05:59:56,Universal Studios Florida,Revenge of the Mummy™ Single Rider,0,True
2026-08-09 05:59:56,Universal Studios Florida,TRANSFORMERS™ The Ride-3D,0,False
2026-08-09 05:59:56,Universal Studios Florida,Fast & Furious - Supercharged™,0,False
2026-08-09 05:59:56,Universal Studios Florida,Fast & Furious - Supercharged™ Single Rider,0,True
2026-08-09 05:59:56,Universal Studios Florida,Harry Potter and the Escape from Gringotts™,0,False
2026-08-09 05:59:56,Universal Studios Florida,Harry Potter and the Escape from Gringotts™ Single Rider,0,True
2026-08-09 05:59:56,Universal Studios Florida,Hogwarts Express™ - King's Cross Station,0,False
2026-08-09 05:59:56,Universal Studios Florida,Hogwarts™ Express - First Train,0,False
2026-08-09 05:59:56,Universal Studios Florida,Hogwarts™ Express - Last Train,0,False
2026-08-09 05:59:56,Universal Studios Florida,Ollivanders™ Experience in Diagon Alley™,5,True
2026-08-09 05:59:56,Universal Studios Florida,Kang & Kodos' Twirl 'n' Hurl,0,False
2026-08-09 05:59:56,Universal Studios Florida,MEN IN BLACK™ Alien Attack!™,0,False
2026-08-09 05:59:56,Universal Studios Florida,MEN IN BLACK™ Alien Attack!™ Single Rider,0,True
2026-08-09 05:59:56,Universal Studios Florida,The Simpsons Ride™,0,False
2026-08-09 05:59:56,Epic Universe,Constellation Carousel,0,False
2026-08-09 05:59:56,Epic Universe,Stardust Racers,0,False
2026-08-09 05:59:56,Epic Universe,Curse of the Werewolf,0,False
2026-08-09 05:59:56,Epic Universe,Curse of the Werewolf Single Rider,0,False
2026-08-09 05:59:56,Epic Universe,Monsters Unchained: The Frankenstein Experiment,0,False
2026-08-09 05:59:56,Epic Universe,Dragon Racer's Rally,0,False
2026-08-09 05:59:56,Epic Universe,Fyre Drill,0,False
2026-08-09 05:59:56,Epic Universe,Hiccup's Wing Gliders,0,False
2026-08-09 05:59:56,Epic Universe,Meet Toothless and Friends,15,True
2026-08-09 05:59:56,Epic Universe,Bowser Jr. Challenge,0,False
2026-08-09 05:59:56,Epic Universe,Mario Kart™: Bowser's Challenge,0,False
2026-08-09 05:59:56,Epic Universe,Mario Kart™: Bowser's Challenge Single Rider,0,True
2026-08-09 05:59:56,Epic Universe,Mine-Cart Madness™,0,False
2026-08-09 05:59:56,Epic Universe,Mine-Cart Madness™ Single Rider,0,False
2026-08-09 05:59:56,Epic Universe,Yoshi's Adventure™,0,False
2026-08-09 05:59:56,Epic Universe,Harry Potter and the Battle at the Ministry™,0,False
2026-08-09 05:59:56,Epic Universe,Harry Potter and the Battle at the Ministry™ Single Rider,0,True
2026-08-09 07:08:59,Islands of Adventure,Camp Jurassic™,0,False
2026-08-09 07:08:59,Islands of Adventure,Jurassic Park Discovery Center,0,False
2026-08-09 07:08:59,Islands of Adventure,Jurassic Park River Adventure,0,False
2026-08-09 07:08:59,Islands of Adventure,Jurassic World VelociCoaster,0,False
2026-08-09 07:08:59,Islands of Adventure,Pteranodon Flyers,0,False
2026-08-09 07:08:59,Islands of Adventure,Skull Island: Reign of Kong™,0,False
2026-08-09 07:08:59,Islands of Adventure,Doctor Doom's Fearfall®,0,False
2026-08-09 07:08:59,Islands of Adventure,Doctor Doom's Fearfall® Single Rider,0,False
2026-08-09 07:08:59,Islands of Adventure,Storm Force Accelatron®,0,False
2026-08-09 07:08:59,Islands of Adventure,The Amazing Adventures of Spider-Man®,0,False
2026-08-09 07:08:59,Islands of Adventure,The Incredible Hulk Coaster®,0,False
2026-08-09 07:08:59,Islands of Adventure,The Incredible Hulk Coaster® Single Rider,0,True
2026-08-09 07:08:59,Islands of Adventure,Caro-Seuss-el™,0,False
2026-08-09 07:08:59,Islands of Adventure,If I Ran The Zoo™,0,False
2026-08-09 07:08:59,Islands of Adventure,"One Fish, Two Fish, Red Fish, Blue Fish™",0,False
2026-08-09 07:08:59,Islands of Adventure,The Cat in The Hat™,0,False
2026-08-09 07:08:59,Islands of Adventure,The High in the Sky Seuss Trolley Train Ride!™,0,False
2026-08-09 07:08:59,Islands of Adventure,Flight of the Hippogriff™,0,False
2026-08-09 07:08:59,Islands of Adventure,Hagrid's Magical Creatures Motorbike Adventure™,0,False
2026-08-09 07:08:59,Islands of Adventure,Harry Potter and the Forbidden Journey™,0,False
2026-08-09 07:08:59,Islands of Adventure,Harry Potter and the Forbidden Journey™ Single Rider,0,True
2026-08-09 07:08:59,Islands of Adventure,Hogwarts Express™ - Hogsmeade™ Station,0,False
2026-08-09 07:08:59,Islands of Adventure,Ollivanders™ Experience in Hogsmeade™,15,True
2026-08-09 07:08:59,Islands of Adventure,Dudley Do-Right's Ripsaw Falls®,0,False
2026-08-09 07:08:59,Islands of Adventure,"Me Ship, The Olive®",0,False
2026-08-09 07:08:59,Islands of Adventure,Popeye & Bluto's Bilge-Rat Barges®,0,False
2026-08-09 07:08:59,Universal Studios Florida,Trolls Trollercoaster,0,False
2026-08-09 07:08:59,Universal Studios Florida,E.T. Adventure™,0,False
2026-08-09 07:08:59,Universal Studios Florida,Despicable Me Minion Mayhem™,0,False
2026-08-09 07:08:59,Universal Studios Florida,Illumination's Villain-Con Minion Blast,0,False
2026-08-09 07:08:59,Universal Studios Florida,Race Through New York Starring Jimmy Fallon™,0,False
2026-08-09 07:08:59,Universal Studios Florida,Revenge of the Mummy™,0,False
2026-08-09 07:08:59,Universal Studios Florida,Revenge of the Mummy™ Single Rider,0,True
2026-08-09 07:08:59,Universal Studios Florida,TRANSFORMERS™ The Ride-3D,0,False
2026-08-09 07:08:59,Universal Studios Florida,Fast & Furious - Supercharged™,0,False
2026-08-09 07:08:59,Universal Studios Florida,Fast & Furious - Supercharged™ Single Rider,0,True
2026-08-09 07:08:59,Universal Studios Florida,Harry Potter and the Escape from Gringotts™,0,False
2026-08-09 07:08:59,Universal Studios Florida,Harry Potter and the Escape from Gringotts™ Single Rider,0,True
2026-08-09 07:08:59,Universal Studios Florida,Hogwarts Express™ - King's Cross Station,0,False
2026-08-09 07:08:59,Universal Studios Florida,Hogwarts™ Express - First Train,0,False
2026-08-09 07:08:59,Universal Studios Florida,Hogwarts™ Express - Last Train,0,False
2026-08-09 07:08:59,Universal Studios Florida,Ollivanders™ Experience in Diagon Alley™,5,True
2026-08-09 07:08:59,Universal Studios Florida,Kang & Kodos' Twirl 'n' Hurl,0,False
2026-08-09 07:08:59,Universal Studios Florida,MEN IN BLACK™ Alien Attack!™,0,False
2026-08-09 07:08:59,Universal Studios Florida,MEN IN BLACK™ Alien Attack!™ Single Rider,0,True
2026-08-09 07:08:59,Universal Studios Florida,The Simpsons Ride™,0,False
2026-08-09 07:08:59,Epic Universe,Constellation Carousel,0,False
2026-08-09 07:08:59,Epic Universe,Stardust Racers,0,False
2026-08-09 07:08:59,Epic Universe,Curse of the Werewolf,0,False
2026-08-09 07:08:59,Epic Universe,Curse of the Werewolf Single Rider,0,False
2026-08-09 07:08:59,Epic Universe,Monsters Unchained: The Frankenstein Experiment,0,False
2026-08-09 07:08:59,Epic Universe,Dragon Racer's Rally,0,False
2026-08-09 07:08:59,Epic Universe,Fyre Drill,0,False
2026-08-09 07:08:59,Epic Universe,Hiccup's Wing Gliders,0,False
2026-08-09 07:08:59,Epic Universe,Meet Toothless and Friends,15,True
2026-08-09 07:08:59,Epic Universe,Bowser Jr. Challenge,0,False
2026-08-09 07:08:59,Epic Universe,Mario Kart™: Bowser's Challenge,0,False
2026-08-09 07:08:59,Epic Universe,Mario Kart™: Bowser's Challenge Single Rider,0,True
2026-08-09 07:08:59,Epic Universe,Mine-Cart Madness™,0,False
2026-08-09 07:08:59,Epic Universe,Mine-Cart Madness™ Single Rider,0,False
2026-08-09 07:08:59,Epic Universe,Yoshi's Adventure™,0,False
2026-08-09 07:08:59,Epic Universe,Harry Potter and the Battle at the Ministry™,0,False
2026-08-09 07:08:59,Epic Universe,Harry Potter and the Battle at the Ministry™ Single Rider,0,True
2026-08-09 08:01:33,Islands of Adventure,Camp Jurassic™,0,False
2026-08-09 08:01:33,Islands of Adventure,Jurassic Park Discovery Center,0,False
2026-08-09 08:01:33,Islands of Adventure,Jurassic Park River Adventure,0,False
2026-08-09 08:01:33,Islands of Adventure,Jurassic World VelociCoaster,0,False
2026-08-09 08:01:33,Islands of Adventure,Pteranodon Flyers,0,False
2026-08-09 08:01:33,Islands of Adventure,Skull Island: Reign of Kong™,0,False
2026-08-09 08:01:33,Islands of Adventure,Doctor Doom's Fearfall®,0,False
2026-08-09 08:01:33,Islands of Adventure,Doctor Doom's Fearfall® Single Rider,0,False
2026-08-09 08:01:33,Islands of Adventure,Storm Force Accelatron®,0,False
2026-08-09 08:01:33,Islands of Adventure,The Amazing Adventures of Spider-Man®,0,False
2026-08-09 08:01:33,Islands of Adventure,The Incredible Hulk Coaster®,0,False
2026-08-09 08:01:33,Islands of Adventure,The Incredible Hulk Coaster® Single Rider,0,True
2026-08-09 08:01:33,Islands of Adventure,Caro-Seuss-el™,0,False
2026-08-09 08:01:33,Islands of Adventure,If I Ran The Zoo™,0,False
2026-08-09 08:01:33,Islands of Adventure,"One Fish, Two Fish, Red Fish, Blue Fish™",0,False
2026-08-09 08:01:33,Islands of Adventure,The Cat in The Hat™,0,False
2026-08-09 08:01:33,Islands of Adventure,The High in the Sky Seuss Trolley Train Ride!™,0,False
2026-08-09 08:01:33,Islands of Adventure,Flight of the Hippogriff™,0,False
2026-08-09 08:01:33,Islands of Adventure,Hagrid's Magical Creatures Motorbike Adventure™,0,False
2026-08-09 08:01:33,Islands of Adventure,Harry Potter and the Forbidden Journey™,0,False
2026-08-09 08:01:33,Islands of Adventure,Harry Potter and the Forbidden Journey™ Single Rider,0,True
2026-08-09 08:01:33,Islands of Adventure,Hogwarts Express™ - Hogsmeade™ Station,0,False
2026-08-09 08:01:33,Islands of Adventure,Ollivanders™ Experience in Hogsmeade™,15,True
2026-08-09 08:01:33,Islands of Adventure,Dudley Do-Right's Ripsaw Falls®,0,False
2026-08-09 08:01:33,Islands of Adventure,"Me Ship, The Olive®",0,False
2026-08-09 08:01:33,Islands of Adventure,Popeye & Bluto's Bilge-Rat Barges®,0,False
2026-08-09 08:01:33,Universal Studios Florida,Trolls Trollercoaster,0,False
2026-08-09 08:01:33,Universal Studios Florida,E.T. Adventure™,0,False
2026-08-09 08:01:33,Universal Studios Florida,Despicable Me Minion Mayhem™,0,False
2026-08-09 08:01:33,Universal Studios Florida,Illumination's Villain-Con Minion Blast,0,False
2026-08-09 08:01:33,Universal Studios Florida,Race Through New York Starring Jimmy Fallon™,0,False
2026-08-09 08:01:33,Universal Studios Florida,Revenge of the Mummy™,0,False
2026-08-09 08:01:33,Universal Studios Florida,Revenge of the Mummy™ Single Rider,0,True
2026-08-09 08:01:33,Universal Studios Florida,TRANSFORMERS™ The Ride-3D,0,False
2026-08-09 08:01:33,Universal Studios Florida,Fast & Furious - Supercharged™,0,False
2026-08-09 08:01:33,Universal Studios Florida,Fast & Furious - Supercharged™ Single Rider,0,True
2026-08-09 08:01:33,Universal Studios Florida,Harry Potter and the Escape from Gringotts™,0,False
2026-08-09 08:01:33,Universal Studios Florida,Harry Potter and the Escape from Gringotts™ Single Rider,0,True
2026-08-09 08:01:33,Universal Studios Florida,Hogwarts Express™ - King's Cross Station,0,False
2026-08-09 08:01:33,Universal Studios Florida,Hogwarts™ Express - First Train,0,False
2026-08-09 08:01:33,Universal Studios Florida,Hogwarts™ Express - Last Train,0,False
2026-08-09 08:01:33,Universal Studios Florida,Ollivanders™ Experience in Diagon Alley™,5,True
2026-08-09 08:01:33,Universal Studios Florida,Kang & Kodos' Twirl 'n' Hurl,0,False
2026-08-09 08:01:33,Universal Studios Florida,MEN IN BLACK™ Alien Attack!™,0,False
2026-08-09 08:01:33,Universal Studios Florida,MEN IN BLACK™ Alien Attack!™ Single Rider,0,True
2026-08-09 08:01:33,Universal Studios Florida,The Simpsons Ride™,0,False
2026-08-09 08:01:33,Epic Universe,Constellation Carousel,0,False
2026-08-09 08:01:33,Epic Universe,Stardust Racers,0,False
2026-08-09 08:01:33,Epic Universe,Curse of the Werewolf,0,False
2026-08-09 08:01:33,Epic Universe,Curse of the Werewolf Single Rider,0,False
2026-08-09 08:01:33,Epic Universe,Monsters Unchained: The Frankenstein Experiment,0,False
2026-08-09 08:01:33,Epic Universe,Dragon Racer's Rally,0,False
2026-08-09 08:01:33,Epic Universe,Fyre Drill,0,False
2026-08-09 08:01:33,Epic Universe,Hiccup's Wing Gliders,0,False
2026-08-09 08:01:33,Epic Universe,Meet Toothless and Friends,15,True
2026-08-09 08:01:33,Epic Universe,Bowser Jr. Challenge,0,False
2026-08-09 08:01:33,Epic Universe,Mario Kart™: Bowser's Challenge,0,False
2026-08-09 08:01:33,Epic Universe,Mario Kart™: Bowser's Challenge Single Rider,0,True
2026-08-09 08:01:33,Epic Universe,Mine-Cart Madness™,0,False
2026-08-09 08:01:33,Epic Universe,Mine-Cart Madness™ Single Rider,0,False
2026-08-09 08:01:33,Epic Universe,Yoshi's Adventure™,0,False
2026-08-09 08:01:33,Epic Universe,Harry Potter and the Battle at the Ministry™,0,False
2026-08-09 08:01:33,Epic Universe,Harry Potter and the Battle at the Ministry™ Single Rider,0,True
2026-08-09 09:02:39,Islands of Adventure,Camp Jurassic™,0,False
2026-08-09 09:02:39,Islands of Adventure,Jurassic Park Discovery Center,0,False
2026-08-09 09:02:39,Islands of Adventure,Jurassic Park River Adventure,0,False
2026-08-09 09:02:39,Islands of Adventure,Jurassic World VelociCoaster,0,False
2026-08-09 09:02:39,Islands of Adventure,Pteranodon Flyers,0,False
2026-08-09 09:02:39,Islands of Adventure,Skull Island: Reign of Kong™,0,False
2026-08-09 09:02:39,Islands of Adventure,Doctor Doom's Fearfall®,0,False
2026-08-09 09:02:39,Islands of Adventure,Doctor Doom's Fearfall® Single Rider,0,False
2026-08-09 09:02:39,Islands of Adventure,Storm Force Accelatron®,0,False
2026-08-09 09:02:39,Islands of Adventure,The Amazing Adventures of Spider-Man®,0,False
2026-08-09 09:02:39,Islands of Adventure,The Incredible Hulk Coaster®,0,False
2026-08-09 09:02:39,Islands of Adventure,The Incredible Hulk Coaster® Single Rider,0,True
2026-08-09 09:02:39,Islands of Adventure,Caro-Seuss-el™,0,False
2026-08-09 09:02:39,Islands of Adventure,If I Ran The Zoo™,0,False
2026-08-09 09:02:39,Islands of Adventure,"One Fish, Two Fish, Red Fish, Blue Fish™",0,False
2026-08-09 09:02:39,Islands of Adventure,The Cat in The Hat™,0,False
2026-08-09 09:02:39,Islands of Adventure,The High in the Sky Seuss Trolley Train Ride!™,0,False
2026-08-09 09:02:39,Islands of Adventure,Flight of the Hippogriff™,0,False
2026-08-09 09:02:39,Islands of Adventure,Hagrid's Magical Creatures Motorbike Adventure™,0,False
2026-08-09 09:02:39,Islands of Adventure,Harry Potter and the Forbidden Journey™,0,False
2026-08-09 09:02:39,Islands of Adventure,Harry Potter and the Forbidden Journey™ Single Rider,0,True
2026-08-09 09:02:39,Islands of Adventure,Hogwarts Express™ - Hogsmeade™ Station,0,False
2026-08-09 09:02:39,Islands of Adventure,Ollivanders™ Experience in Hogsmeade™,15,True
2026-08-09 09:02:39,Islands of Adventure,Dudley Do-Right's Ripsaw Falls®,0,False
2026-08-09 09:02:39,Islands of Adventure,"Me Ship, The Olive®",0,False
2026-08-09 09:02:39,Islands of Adventure,Popeye & Bluto's Bilge-Rat Barges®,0,False
2026-08-09 09:02:39,Universal Studios Florida,Trolls Trollercoaster,0,False
2026-08-09 09:02:39,Universal Studios Florida,E.T. Adventure™,0,False
2026-08-09 09:02:39,Universal Studios Florida,Despicable Me Minion Mayhem™,0,False
2026-08-09 09:02:39,Universal Studios Florida,Illumination's Villain-Con Minion Blast,0,False
2026-08-09 09:02:39,Universal Studios Florida,Race Through New York Starring Jimmy Fallon™,0,False
2026-08-09 09:02:39,Universal Studios Florida,Revenge of the Mummy™,0,False
2026-08-09 09:02:39,Universal Studios Florida,Revenge of the Mummy™ Single Rider,0,True
2026-08-09 09:02:39,Universal Studios Florida,TRANSFORMERS™ The Ride-3D,0,False
2026-08-09 09:02:39,Universal Studios Florida,Fast & Furious - Supercharged™,0,False
2026-08-09 09:02:39,Universal Studios Florida,Fast & Furious - Supercharged™ Single Rider,0,True
2026-08-09 09:02:39,Universal Studios Florida,Harry Potter and the Escape from Gringotts™,0,False
2026-08-09 09:02:39,Universal Studios Florida,Harry Potter and the Escape from Gringotts™ Single Rider,0,True
2026-08-09 09:02:39,Universal Studios Florida,Hogwarts Express™ - King's Cross Station,0,False
2026-08-09 09:02:39,Universal Studios Florida,Hogwarts™ Express - First Train,0,False
2026-08-09 09:02:39,Universal Studios Florida,Hogwarts™ Express - Last Train,0,False
2026-08-09 09:02:39,Universal Studios Florida,Ollivanders™ Experience in Diagon Alley™,5,True
2026-08-09 09:02:39,Universal Studios Florida,Kang & Kodos' Twirl 'n' Hurl,0,False
2026-08-09 09:02:39,Universal Studios Florida,MEN IN BLACK™ Alien Attack!™,0,False
2026-08-09 09:02:39,Universal Studios Florida,MEN IN BLACK™ Alien Attack!™ Single Rider,0,True
2026-08-09 09:02:39,Universal Studios Florida,The Simpsons Ride™,0,False
2026-08-09 09:02:39,Epic Universe,Constellation Carousel,0,False
2026-08-09 09:02:39,Epic Universe,Stardust Racers,0,False
2026-08-09 09:02:39,Epic Universe,Curse of the Werewolf,0,False
2026-08-09 09:02:39,Epic Universe,Curse of the Werewolf Single Rider,0,False
2026-08-09 09:02:39,Epic Universe,Monsters Unchained: The Frankenstein Experiment,0,False
2026-08-09 09:02:39,Epic Universe,Dragon Racer's Rally,0,False
2026-08-09 09:02:39,Epic Universe,Fyre Drill,0,False
2026-08-09 09:02:39,Epic Universe,Hiccup's Wing Gliders,0,False
2026-08-09 09:02:39,Epic Universe,Meet Toothless and Friends,15,True
2026-08-09 09:02:39,Epic Universe,Bowser Jr. Challenge,0,False
2026-08-09 09:02:39,Epic Universe,Mario Kart™: Bowser's Challenge,0,False
2026-08-09 09:02:39,Epic Universe,Mario Kart™: Bowser's Challenge Single Rider,0,True
2026-08-09 09:02:39,Epic Universe,Mine-Cart Madness™,0,False
2026-08-09 09:02:39,Epic Universe,Mine-Cart Madness™ Single Rider,0,False
2026-08-09 09:02:39,Epic Universe,Yoshi's Adventure™,0,False
2026-08-09 09:02:39,Epic Universe,Harry Potter and the Battle at the Ministry™,0,False
2026-08-09 09:02:39,Epic Universe,Harry Potter and the Battle at the Ministry™ Single Rider,0,True
2026-08-09 09:56:50,Islands of Adventure,Camp Jurassic™,0,False
2026-08-09 09:56:50,Islands of Adventure,Jurassic Park Discovery Center,0,False
2026-08-09 09:56:50,Islands of Adventure,Jurassic Park River Adventure,0,False
2026-08-09 09:56:50,Islands of Adventure,Jurassic World VelociCoaster,0,False
2026-08-09 09:56:50,Islands of Adventure,Pteranodon Flyers,0,False
2026-08-09 09:56:50,Islands of Adventure,Skull Island: Reign of Kong™,0,False
2026-08-09 09:56:50,Islands of Adventure,Doctor Doom's Fearfall®,0,False
2026-08-09 09:56:50,Islands of Adventure,Doctor Doom's Fearfall® Single Rider,0,False
2026-08-09 09:56:50,Islands of Adventure,Storm Force Accelatron®,0,False
2026-08-09 09:56:50,Islands of Adventure,The Amazing Adventures of Spider-Man®,0,False
2026-08-09 09:56:50,Islands of Adventure,The Incredible Hulk Coaster®,0,False
2026-08-09 09:56:50,Islands of Adventure,The Incredible Hulk Coaster® Single Rider,0,True
2026-08-09 09:56:50,Islands of Adventure,Caro-Seuss-el™,0,False
2026-08-09 09:56:50,Islands of Adventure,If I Ran The Zoo™,0,False
2026-08-09 09:56:50,Islands of Adventure,"One Fish, Two Fish, Red Fish, Blue Fish™",0,False
2026-08-09 09:56:50,Islands of Adventure,The Cat in The Hat™,0,False
2026-08-09 09:56:50,Islands of Adventure,The High in the Sky Seuss Trolley Train Ride!™,0,False
2026-08-09 09:56:50,Islands of Adventure,Flight of the Hippogriff™,0,False
2026-08-09 09:56:50,Islands of Adventure,Hagrid's Magical Creatures Motorbike Adventure™,0,False
2026-08-09 09:56:50,Islands of Adventure,Harry Potter and the Forbidden Journey™,0,False
2026-08-09 09:56:50,Islands of Adventure,Harry Potter and the Forbidden Journey™ Single Rider,0,True
2026-08-09 09:56:50,Islands of Adventure,Hogwarts Express™ - Hogsmeade™ Station,0,False
2026-08-09 09:56:50,Islands of Adventure,Ollivanders™ Experience in Hogsmeade™,15,True
2026-08-09 09:56:50,Islands of Adventure,Dudley Do-Right's Ripsaw Falls®,0,False
2026-08-09 09:56:50,Islands of Adventure,"Me Ship, The Olive®",0,False
2026-08-09 09:56:50,Islands of Adventure,Popeye & Bluto's Bilge-Rat Barges®,0,False
2026-08-09 09:56:50,Universal Studios Florida,Trolls Trollercoaster,0,False
2026-08-09 09:56:50,Universal Studios Florida,E.T. Adventure™,0,False
2026-08-09 09:56:50,Universal Studios Florida,Despicable Me Minion Mayhem™,0,False
2026-08-09 09:56:50,Universal Studios Florida,Illumination's Villain-Con Minion Blast,0,False
2026-08-09 09:56:50,Universal Studios Florida,Race Through New York Starring Jimmy Fallon™,0,False
2026-08-09 09:56:50,Universal Studios Florida,Revenge of the Mummy™,0,False
2026-08-09 09:56:50,Universal Studios Florida,Revenge of the Mummy™ Single Rider,0,True
2026-08-09 09:56:50,Universal Studios Florida,TRANSFORMERS™ The Ride-3D,0,False
2026-08-09 09:56:50,Universal Studios Florida,Fast & Furious - Supercharged™,0,False
2026-08-09 09:56:50,Universal Studios Florida,Fast & Furious - Supercharged™ Single Rider,0,True
2026-08-09 09:56:50,Universal Studios Florida,Harry Potter and the Escape from Gringotts™,0,False
2026-08-09 09:56:50,Universal Studios Florida,Harry Potter and the Escape from Gringotts™ Single Rider,0,True
2026-08-09 09:56:50,Universal Studios Florida,Hogwarts Express™ - King's Cross Station,0,False
2026-08-09 09:56:50,Universal Studios Florida,Hogwarts™ Express - First Train,0,False
2026-08-09 09:56:50,Universal Studios Florida,Hogwarts™ Express - Last Train,0,False
2026-08-09 09:56:50,Universal Studios Florida,Ollivanders™ Experience in Diagon Alley™,5,True
2026-08-09 09:56:50,Universal Studios Florida,Kang & Kodos' Twirl 'n' Hurl,0,False
2026-08-09 09:56:50,Universal Studios Florida,MEN IN BLACK™ Alien Attack!™,0,False
2026-08-09 09:56:50,Universal Studios Florida,MEN IN BLACK™ Alien Attack!™ Single Rider,0,True
2026-08-09 09:56:50,Universal Studios Florida,The Simpsons Ride™,0,False
2026-08-09 09:56:50,Epic Universe,Constellation Carousel,0,False
2026-08-09 09:56:50,Epic Universe,Stardust Racers,0,False
2026-08-09 09:56:50,Epic Universe,Curse of the Werewolf,0,False
2026-08-09 09:56:50,Epic Universe,Curse of the Werewolf Single Rider,0,False
2026-08-09 09:56:50,Epic Universe,Monsters Unchained: The Frankenstein Experiment,0,False
2026-08-09 09:56:50,Epic Universe,Dragon Racer's Rally,0,False
2026-08-09 09:56:50,Epic Universe,Fyre Drill,0,False
2026-08-09 09:56:50,Epic Universe,Hiccup's Wing Gliders,0,False
2026-08-09 09:56:50,Epic Universe,Meet Toothless and Friends,15,True
2026-08-09 09:56:50,Epic Universe,Bowser Jr. Challenge,0,False
2026-08-09 09:56:50,Epic Universe,Mario Kart™: Bowser's Challenge,0,False
2026-08-09 09:56:50,Epic Universe,Mario Kart™: Bowser's Challenge Single Rider,0,True
2026-08-09 09:56:50,Epic Universe,Mine-Cart Madness™,0,False
2026-08-09 09:56:50,Epic Universe,Mine-Cart Madness™ Single Rider,0,False
2026-08-09 09:56:50,Epic Universe,Yoshi's Adventure™,0,False
2026-08-09 09:56:50,Epic Universe,Harry Potter and the Battle at the Ministry™,0,False
2026-08-09 09:56:50,Epic Universe,Harry Potter and the Battle at the Ministry™ Single Rider,0,True
2026-08-09 10:40:02,Islands of Adventure,Camp Jurassic™,0,False
2026-08-09 10:40:02,Islands of Adventure,Jurassic Park Discovery Center,0,False
2026-08-09 10:40:02,Islands of Adventure,Jurassic Park River Adventure,0,False
2026-08-09 10:40:02,Islands of Adventure,Jurassic World VelociCoaster,0,False
2026-08-09 10:40:02,Islands of Adventure,Pteranodon Flyers,0,False
2026-08-09 10:40:02,Islands of Adventure,Skull Island: Reign of Kong™,0,False
2026-08-09 10:40:02,Islands of Adventure,Doctor Doom's Fearfall®,0,False
2026-08-09 10:40:02,Islands of Adventure,Doctor Doom's Fearfall® Single Rider,0,False
2026-08-09 10:40:02,Islands of Adventure,Storm Force Accelatron®,0,False
2026-08-09 10:40:02,Islands of Adventure,The Amazing Adventures of Spider-Man®,0,False
2026-08-09 10:40:02,Islands of Adventure,The Incredible Hulk Coaster®,0,False
2026-08-09 10:40:02,Islands of Adventure,The Incredible Hulk Coaster® Single Rider,0,True
2026-08-09 10:40:02,Islands of Adventure,Caro-Seuss-el™,0,False
2026-08-09 10:40:02,Islands of Adventure,If I Ran The Zoo™,0,False
2026-08-09 10:40:02,Islands of Adventure,"One Fish, Two Fish, Red Fish, Blue Fish™",0,False
2026-08-09 10:40:02,Islands of Adventure,The Cat in The Hat™,0,False
2026-08-09 10:40:02,Islands of Adventure,The High in the Sky Seuss Trolley Train Ride!™,0,False
2026-08-09 10:40:02,Islands of Adventure,Flight of the Hippogriff™,0,False
2026-08-09 10:40:02,Islands of Adventure,Hagrid's Magical Creatures Motorbike Adventure™,0,False
2026-08-09 10:40:02,Islands of Adventure,Harry Potter and the Forbidden Journey™,0,False
2026-08-09 10:40:02,Islands of Adventure,Harry Potter and the Forbidden Journey™ Single Rider,0,True
2026-08-09 10:40:02,Islands of Adventure,Hogwarts Express™ - Hogsmeade™ Station,0,False
2026-08-09 10:40:02,Islands of Adventure,Ollivanders™ Experience in Hogsmeade™,15,True
2026-08-09 10:40:02,Islands of Adventure,Dudley Do-Right's Ripsaw Falls®,0,False
2026-08-09 10:40:02,Islands of Adventure,"Me Ship, The Olive®",0,False
2026-08-09 10:40:02,Islands of Adventure,Popeye & Bluto's Bilge-Rat Barges®,0,False
2026-08-09 10:40:02,Universal Studios Florida,Trolls Trollercoaster,0,False
2026-08-09 10:40:02,Universal Studios Florida,E.T. Adventure™,0,False
2026-08-09 10:40:02,Universal Studios Florida,Despicable Me Minion Mayhem™,0,False
2026-08-09 10:40:02,Universal Studios Florida,Illumination's Villain-Con Minion Blast,0,False
2026-08-09 10:40:02,Universal Studios Florida,Race Through New York Starring Jimmy Fallon™,0,False
2026-08-09 10:40:02,Universal Studios Florida,Revenge of the Mummy™,0,False
2026-08-09 10:40:02,Universal Studios Florida,Revenge of the Mummy™ Single Rider,0,True
2026-08-09 10:40:02,Universal Studios Florida,TRANSFORMERS™ The Ride-3D,0,False
2026-08-09 10:40:02,Universal Studios Florida,Fast & Furious - Supercharged™,0,False
2026-08-09 10:40:02,Universal Studios Florida,Fast & Furious - Supercharged™ Single Rider,0,True
2026-08-09 10:40:02,Universal Studios Florida,Harry Potter and the Escape from Gringotts™,0,False
2026-08-09 10:40:02,Universal Studios Florida,Harry Potter and the Escape from Gringotts™ Single Rider,0,True
2026-08-09 10:40:02,Universal Studios Florida,Hogwarts Express™ - King's Cross Station,0,False
2026-08-09 10:40:02,Universal Studios Florida,Hogwarts™ Express - First Train,0,False
2026-08-09 10:40:02,Universal Studios Florida,Hogwarts™ Express - Last Train,0,False
2026-08-09 10:40:02,Universal Studios Florida,Ollivanders™ Experience in Diagon Alley™,5,True
2026-08-09 10:40:02,Universal Studios Florida,Kang & Kodos' Twirl 'n' Hurl,0,False
2026-08-09 10:40:02,Universal Studios Florida,MEN IN BLACK™ Alien Attack!™,0,False
2026-08-09 10:40:02,Universal Studios Florida,MEN IN BLACK™ Alien Attack!™ Single Rider,0,True
2026-08-09 10:40:02,Universal Studios Florida,The Simpsons Ride™,0,False
2026-08-09 10:40:02,Epic Universe,Constellation Carousel,0,False
2026-08-09 10:40:02,Epic Universe,Stardust Racers,0,False
2026-08-09 10:40:02,Epic Universe,Curse of the Werewolf,0,False
2026-08-09 10:40:02,Epic Universe,Curse of the Werewolf Single Rider,0,False
2026-08-09 10:40:02,Epic Universe,Monsters Unchained: The Frankenstein Experiment,0,False
2026-08-09 10:40:02,Epic Universe,Dragon Racer's Rally,0,False
2026-08-09 10:40:02,Epic Universe,Fyre Drill,0,False
2026-08-09 10:40:02,Epic Universe,Hiccup's Wing Gliders,0,False
2026-08-09 10:40:02,Epic Universe,Meet Toothless and Friends,15,True
2026-08-09 10:40:02,Epic Universe,Bowser Jr. Challenge,0,False
2026-08-09 10:40:02,Epic Universe,Mario Kart™: Bowser's Challenge,0,False
2026-08-09 10:40:02,Epic Universe,Mario Kart™: Bowser's Challenge Single Rider,0,True
2026-08-09 10:40:02,Epic Universe,Mine-Cart Madness™,0,False
2026-08-09 10:40:02,Epic Universe,Mine-Cart Madness™ Single Rider,0,False
2026-08-09 10:40:02,Epic Universe,Yoshi's Adventure™,0,False
2026-08-09 10:40:02,Epic Universe,Harry Potter and the Battle at the Ministry™,0,False
2026-08-09 10:40:02,Epic Universe,Harry Potter and the Battle at the Ministry™ Single Rider,0,True
2026-08-09 11:12:52,Islands of Adventure,Camp Jurassic™,0,False
2026-08-09 11:12:52,Islands of Adventure,Jurassic Park Discovery Center,0,False
2026-08-09 11:12:52,Islands of Adventure,Jurassic Park River Adventure,0,False
2026-08-09 11:12:52,Islands of Adventure,Jurassic World VelociCoaster,0,False
2026-08-09 11:12:52,Islands of Adventure,Pteranodon Flyers,0,False
2026-08-09 11:12:52,Islands of Adventure,Skull Island: Reign of Kong™,0,False
2026-08-09 11:12:52,Islands of Adventure,Doctor Doom's Fearfall®,0,False
2026-08-09 11:12:52,Islands of Adventure,Doctor Doom's Fearfall® Single Rider,0,False
2026-08-09 11:12:52,Islands of Adventure,Storm Force Accelatron®,0,False
2026-08-09 11:12:52,Islands of Adventure,The Amazing Adventures of Spider-Man®,0,False
2026-08-09 11:12:52,Islands of Adventure,The Incredible Hulk Coaster®,0,False
2026-08-09 11:12:52,Islands of Adventure,The Incredible Hulk Coaster® Single Rider,0,True
2026-08-09 11:12:52,Islands of Adventure,Caro-Seuss-el™,0,False
2026-08-09 11:12:52,Islands of Adventure,If I Ran The Zoo™,0,False
2026-08-09 11:12:52,Islands of Adventure,"One Fish, Two Fish, Red Fish, Blue Fish™",0,False
2026-08-09 11:12:52,Islands of Adventure,The Cat in The Hat™,0,False
2026-08-09 11:12:52,Islands of Adventure,The High in the Sky Seuss Trolley Train Ride!™,0,False
2026-08-09 11:12:52,Islands of Adventure,Flight of the Hippogriff™,0,False
2026-08-09 11:12:52,Islands of Adventure,Hagrid's Magical Creatures Motorbike Adventure™,0,False
2026-08-09 11:12:52,Islands of Adventure,Harry Potter and the Forbidden Journey™,0,False
2026-08-09 11:12:52,Islands of Adventure,Harry Potter and the Forbidden Journey™ Single Rider,0,True
2026-08-09 11:12:52,Islands of Adventure,Hogwarts Express™ - Hogsmeade™ Station,0,False
2026-08-09 11:12:52,Islands of Adventure,Ollivanders™ Experience in Hogsmeade™,15,True
2026-08-09 11:12:52,Islands of Adventure,Dudley Do-Right's Ripsaw Falls®,0,False
2026-08-09 11:12:52,Islands of Adventure,"Me Ship, The Olive®",0,False
2026-08-09 11:12:52,Islands of Adventure,Popeye & Bluto's Bilge-Rat Barges®,0,False
2026-08-09 11:12:52,Universal Studios Florida,Trolls Trollercoaster,0,False
2026-08-09 11:12:52,Universal Studios Florida,E.T. Adventure™,0,False
2026-08-09 11:12:52,Universal Studios Florida,Despicable Me Minion Mayhem™,0,False
2026-08-09 11:12:52,Universal Studios Florida,Illumination's Villain-Con Minion Blast,0,False
2026-08-09 11:12:52,Universal Studios Florida,Race Through New York Starring Jimmy Fallon™,0,False
2026-08-09 11:12:52,Universal Studios Florida,Revenge of the Mummy™,0,False
2026-08-09 11:12:52,Universal Studios Florida,Revenge of the Mummy™ Single Rider,0,True
2026-08-09 11:12:52,Universal Studios Florida,TRANSFORMERS™ The Ride-3D,0,False
2026-08-09 11:12:52,Universal Studios Florida,Fast & Furious - Supercharged™,0,False
2026-08-09 11:12:52,Universal Studios Florida,Fast & Furious - Supercharged™ Single Rider,0,True
2026-08-09 11:12:52,Universal Studios Florida,Harry Potter and the Escape from Gringotts™,0,False
2026-08-09 11:12:52,Universal Studios Florida,Harry Potter and the Escape from Gringotts™ Single Rider,0,True
2026-08-09 11:12:52,Universal Studios Florida,Hogwarts Express™ - King's Cross Station,0,False
2026-08-09 11:12:52,Universal Studios Florida,Hogwarts™ Express - First Train,0,False
2026-08-09 11:12:52,Universal Studios Florida,Hogwarts™ Express - Last Train,0,False
2026-08-09 11:12:52,Universal Studios Florida,Ollivanders™ Experience in Diagon Alley™,5,True
2026-08-09 11:12:52,Universal Studios Florida,Kang & Kodos' Twirl 'n' Hurl,0,False
2026-08-09 11:12:52,Universal Studios Florida,MEN IN BLACK™ Alien Attack!™,0,False
2026-08-09 11:12:52,Universal Studios Florida,MEN IN BLACK™ Alien Attack!™ Single Rider,0,True
2026-08-09 11:12:52,Universal Studios Florida,The Simpsons Ride™,0,False
2026-08-09 11:12:52,Epic Universe,Constellation Carousel,0,False
2026-08-09 11:12:52,Epic Universe,Stardust Racers,0,False
2026-08-09 11:12:52,Epic Universe,Curse of the Werewolf,0,False
2026-08-09 11:12:52,Epic Universe,Curse of the Werewolf Single Rider,0,False
2026-08-09 11:12:52,Epic Universe,Monsters Unchained: The Frankenstein Experiment,0,False
2026-08-09 11:12:52,Epic Universe,Dragon Racer's Rally,0,False
2026-08-09 11:12:52,Epic Universe,Fyre Drill,0,False
2026-08-09 11:12:52,Epic Universe,Hiccup's Wing Gliders,0,False
2026-08-09 11:12:52,Epic Universe,Meet Toothless and Friends,15,True
2026-08-09 11:12:52,Epic Universe,Bowser Jr. Challenge,0,False
2026-08-09 11:12:52,Epic Universe,Mario Kart™: Bowser's Challenge,0,False
2026-08-09 11:12:52,Epic Universe,Mario Kart™: Bowser's Challenge Single Rider,0,True
2026-08-09 11:12:52,Epic Universe,Mine-Cart Madness™,0,False
2026-08-09 11:12:52,Epic Universe,Mine-Cart Madness™ Single Rider,0,False
2026-08-09 11:12:52,Epic Universe,Yoshi's Adventure™,0,False
2026-08-09 11:12:52,Epic Universe,Harry Potter and the Battle at the Ministry™,0,False
2026-08-09 11:12:52,Epic Universe,Harry Potter and the Battle at the Ministry™ Single Rider,0,True
2026-08-09 11:47:03,Islands of Adventure,Camp Jurassic™,0,False
2026-08-09 11:47:03,Islands of Adventure,Jurassic Park Discovery Center,0,False
2026-08-09 11:47:03,Islands of Adventure,Jurassic Park River Adventure,0,False
2026-08-09 11:47:03,Islands of Adventure,Jurassic World VelociCoaster,0,False
2026-08-09 11:47:03,Islands of Adventure,Pteranodon Flyers,0,False
2026-08-09 11:47:03,Islands of Adventure,Skull Island: Reign of Kong™,0,False
2026-08-09 11:47:03,Islands of Adventure,Doctor Doom's Fearfall®,0,False
2026-08-09 11:47:03,Islands of Adventure,Doctor Doom's Fearfall® Single Rider,0,False
2026-08-09 11:47:03,Islands of Adventure,Storm Force Accelatron®,0,False
2026-08-09 11:47:03,Islands of Adventure,The Amazing Adventures of Spider-Man®,0,False
2026-08-09 11:47:03,Islands of Adventure,The Incredible Hulk Coaster®,0,False
2026-08-09 11:47:03,Islands of Adventure,The Incredible Hulk Coaster® Single Rider,0,True
2026-08-09 11:47:03,Islands of Adventure,Caro-Seuss-el™,0,False
2026-08-09 11:47:03,Islands of Adventure,If I Ran The Zoo™,0,False
2026-08-09 11:47:03,Islands of Adventure,"One Fish, Two Fish, Red Fish, Blue Fish™",0,False
2026-08-09 11:47:03,Islands of Adventure,The Cat in The Hat™,0,False
2026-08-09 11:47:03,Islands of Adventure,The High in the Sky Seuss Trolley Train Ride!™,0,False
2026-08-09 11:47:03,Islands of Adventure,Flight of the Hippogriff™,0,False
2026-08-09 11:47:03,Islands of Adventure,Hagrid's Magical Creatures Motorbike Adventure™,0,False
2026-08-09 11:47:03,Islands of Adventure,Harry Potter and the Forbidden Journey™,0,False
2026-08-09 11:47:03,Islands of Adventure,Harry Potter and the Forbidden Journey™ Single Rider,0,True
2026-08-09 11:47:03,Islands of Adventure,Hogwarts Express™ - Hogsmeade™ Station,0,False
2026-08-09 11:47:03,Islands of Adventure,Ollivanders™ Experience in Hogsmeade™,15,True
2026-08-09 11:47:03,Islands of Adventure,Dudley Do-Right's Ripsaw Falls®,0,False
2026-08-09 11:47:03,Islands of Adventure,"Me Ship, The Olive®",0,False
2026-08-09 11:47:03,Islands of Adventure,Popeye & Bluto's Bilge-Rat Barges®,0,False
2026-08-09 11:47:03,Universal Studios Florida,Trolls Trollercoaster,0,False
2026-08-09 11:47:03,Universal Studios Florida,E.T. Adventure™,0,False
2026-08-09 11:47:03,Universal Studios Florida,Despicable Me Minion Mayhem™,0,False
2026-08-09 11:47:03,Universal Studios Florida,Illumination's Villain-Con Minion Blast,0,False
2026-08-09 11:47:03,Universal Studios Florida,Race Through New York Starring Jimmy Fallon™,0,False
2026-08-09 11:47:03,Universal Studios Florida,Revenge of the Mummy™,0,False
2026-08-09 11:47:03,Universal Studios Florida,Revenge of the Mummy™ Single Rider,0,True
2026-08-09 11:47:03,Universal Studios Florida,TRANSFORMERS™ The Ride-3D,0,False
2026-08-09 11:47:03,Universal Studios Florida,Fast & Furious - Supercharged™,0,False
2026-08-09 11:47:03,Universal Studios Florida,Fast & Furious - Supercharged™ Single Rider,0,True
2026-08-09 11:47:03,Universal Studios Florida,Harry Potter and the Escape from Gringotts™,0,False
2026-08-09 11:47:03,Universal Studios Florida,Harry Potter and the Escape from Gringotts™ Single Rider,0,True
2026-08-09 11:47:03,Universal Studios Florida,Hogwarts Express™ - King's Cross Station,0,False
2026-08-09 11:47:03,Universal Studios Florida,Hogwarts™ Express - First Train,0,False
2026-08-09 11:47:03,Universal Studios Florida,Hogwarts™ Express - Last Train,0,False
2026-08-09 11:47:03,Universal Studios Florida,Ollivanders™ Experience in Diagon Alley™,5,True
2026-08-09 11:47:03,Universal Studios Florida,Kang & Kodos' Twirl 'n' Hurl,0,False
2026-08-09 11:47:03,Universal Studios Florida,MEN IN BLACK™ Alien Attack!™,0,False
2026-08-09 11:47:03,Universal Studios Florida,MEN IN BLACK™ Alien Attack!™ Single Rider,0,True
2026-08-09 11:47:03,Universal Studios Florida,The Simpsons Ride™,0,False
2026-08-09 11:47:03,Epic Universe,Constellation Carousel,0,False
2026-08-09 11:47:03,Epic Universe,Stardust Racers,0,False
2026-08-09 11:47:03,Epic Universe,Curse of the Werewolf,0,False
2026-08-09 11:47:03,Epic Universe,Curse of the Werewolf Single Rider,0,False
2026-08-09 11:47:03,Epic Universe,Monsters Unchained: The Frankenstein Experiment,0,False
2026-08-09 11:47:03,Epic Universe,Dragon Racer's Rally,0,False
2026-08-09 11:47:03,Epic Universe,Fyre Drill,0,False
2026-08-09 11:47:03,Epic Universe,Hiccup's Wing Gliders,0,False
2026-08-09 11:47:03,Epic Universe,Meet Toothless and Friends,15,True
2026-08-09 11:47:03,Epic Universe,Bowser Jr. Challenge,0,False
2026-08-09 11:47:03,Epic Universe,Mario Kart™: Bowser's Challenge,0,False
2026-08-09 11:47:03,Epic Universe,Mario Kart™: Bowser's Challenge Single Rider,0,True
2026-08-09 11:47:03,Epic Universe,Mine-Cart Madness™,0,False
2026-08-09 11:47:03,Epic Universe,Mine-Cart Madness™ Single Rider,0,False
2026-08-09 11:47:03,Epic Universe,Yoshi's Adventure™,0,False
2026-08-09 11:47:03,Epic Universe,Harry Potter and the Battle at the Ministry™,0,False
2026-08-09 11:47:03,Epic Universe,Harry Potter and the Battle at the Ministry™ Single Rider,0,True
2026-08-09 12:53:03,Islands of Adventure,Camp Jurassic™,0,False
2026-08-09 12:53:03,Islands of Adventure,Jurassic Park Discovery Center,0,False
2026-08-09 12:53:03,Islands of Adventure,Jurassic Park River Adventure,0,False
2026-08-09 12:53:03,Islands of Adventure,Jurassic World VelociCoaster,15,True
2026-08-09 12:53:03,Islands of Adventure,Pteranodon Flyers,0,False
2026-08-09 12:53:03,Islands of Adventure,Skull Island: Reign of Kong™,0,False
2026-08-09 12:53:03,Islands of Adventure,Doctor Doom's Fearfall®,0,False
2026-08-09 12:53:03,Islands of Adventure,Doctor Doom's Fearfall® Single Rider,0,False
2026-08-09 12:53:03,Islands of Adventure,Storm Force Accelatron®,5,True
2026-08-09 12:53:03,Islands of Adventure,The Amazing Adventures of Spider-Man®,5,True
2026-08-09 12:53:03,Islands of Adventure,The Incredible Hulk Coaster®,5,True
2026-08-09 12:53:03,Islands of Adventure,The Incredible Hulk Coaster® Single Rider,0,True
2026-08-09 12:53:03,Islands of Adventure,Caro-Seuss-el™,5,True
2026-08-09 12:53:03,Islands of Adventure,If I Ran The Zoo™,0,False
2026-08-09 12:53:03,Islands of Adventure,"One Fish, Two Fish, Red Fish, Blue Fish™",5,True
2026-08-09 12:53:03,Islands of Adventure,The Cat in The Hat™,5,True
2026-08-09 12:53:03,Islands of Adventure,The High in the Sky Seuss Trolley Train Ride!™,5,True
2026-08-09 12:53:03,Islands of Adventure,Flight of the Hippogriff™,5,True
2026-08-09 12:53:03,Islands of Adventure,Hagrid's Magical Creatures Motorbike Adventure™,70,True
2026-08-09 12:53:03,Islands of Adventure,Harry Potter and the Forbidden Journey™,10,True
2026-08-09 12:53:03,Islands of Adventure,Harry Potter and the Forbidden Journey™ Single Rider,0,True
2026-08-09 12:53:03,Islands of Adventure,Hogwarts Express™ - Hogsmeade™ Station,0,False
2026-08-09 12:53:03,Islands of Adventure,Ollivanders™ Experience in Hogsmeade™,15,True
2026-08-09 12:53:03,Islands of Adventure,Dudley Do-Right's Ripsaw Falls®,0,False
2026-08-09 12:53:03,Islands of Adventure,"Me Ship, The Olive®",0,False
2026-08-09 12:53:03,Islands of Adventure,Popeye & Bluto's Bilge-Rat Barges®,0,False
2026-08-09 12:53:03,Universal Studios Florida,Trolls Trollercoaster,0,False
2026-08-09 12:53:03,Universal Studios Florida,E.T. Adventure™,0,False
2026-08-09 12:53:03,Universal Studios Florida,Despicable Me Minion Mayhem™,0,False
2026-08-09 12:53:03,Universal Studios Florida,Illumination's Villain-Con Minion Blast,0,False
2026-08-09 12:53:03,Universal Studios Florida,Race Through New York Starring Jimmy Fallon™,0,False
2026-08-09 12:53:03,Universal Studios Florida,Revenge of the Mummy™,0,False
2026-08-09 12:53:03,Universal Studios Florida,Revenge of the Mummy™ Single Rider,0,True
2026-08-09 12:53:03,Universal Studios Florida,TRANSFORMERS™ The Ride-3D,0,False
2026-08-09 12:53:03,Universal Studios Florida,Fast & Furious - Supercharged™,0,False
2026-08-09 12:53:03,Universal Studios Florida,Fast & Furious - Supercharged™ Single Rider,0,True
2026-08-09 12:53:03,Universal Studios Florida,Harry Potter and the Escape from Gringotts™,0,False
2026-08-09 12:53:03,Universal Studios Florida,Harry Potter and the Escape from Gringotts™ Single Rider,0,True
2026-08-09 12:53:03,Universal Studios Florida,Hogwarts Express™ - King's Cross Station,0,False
2026-08-09 12:53:03,Universal Studios Florida,Hogwarts™ Express - First Train,0,False
2026-08-09 12:53:03,Universal Studios Florida,Hogwarts™ Express - Last Train,0,False
2026-08-09 12:53:03,Universal Studios Florida,Ollivanders™ Experience in Diagon Alley™,5,True
2026-08-09 12:53:03,Universal Studios Florida,Kang & Kodos' Twirl 'n' Hurl,0,False
2026-08-09 12:53:03,Universal Studios Florida,MEN IN BLACK™ Alien Attack!™,0,False
2026-08-09 12:53:03,Universal Studios Florida,MEN IN BLACK™ Alien Attack!™ Single Rider,0,True
2026-08-09 12:53:03,Universal Studios Florida,The Simpsons Ride™,0,False
2026-08-09 12:53:03,Epic Universe,Constellation Carousel,0,False
2026-08-09 12:53:03,Epic Universe,Stardust Racers,10,True
2026-08-09 12:53:03,Epic Universe,Curse of the Werewolf,5,True
2026-08-09 12:53:03,Epic Universe,Curse of the Werewolf Single Rider,0,False
2026-08-09 12:53:03,Epic Universe,Monsters Unchained: The Frankenstein Experiment,0,False
2026-08-09 12:53:03,Epic Universe,Dragon Racer's Rally,5,True
2026-08-09 12:53:03,Epic Universe,Fyre Drill,0,False
2026-08-09 12:53:03,Epic Universe,Hiccup's Wing Gliders,5,True
2026-08-09 12:53:03,Epic Universe,Meet Toothless and Friends,20,True
2026-08-09 12:53:03,Epic Universe,Bowser Jr. Challenge,5,True
2026-08-09 12:53:03,Epic Universe,Mario Kart™: Bowser's Challenge,25,True
2026-08-09 12:53:03,Epic Universe,Mario Kart™: Bowser's Challenge Single Rider,0,True
2026-08-09 12:53:03,Epic Universe,Mine-Cart Madness™,0,False
2026-08-09 12:53:03,Epic Universe,Mine-Cart Madness™ Single Rider,0,True
2026-08-09 12:53:03,Epic Universe,Yoshi's Adventure™,5,True
2026-08-09 12:53:03,Epic Universe,Harry Potter and the Battle at the Ministry™,95,True
2026-08-09 12:53:03,Epic Universe,Harry Potter and the Battle at the Ministry™ Single Rider,0,True
2026-08-09 13:50:31,Islands of Adventure,Camp Jurassic™,0,False
2026-08-09 13:50:31,Islands of Adventure,Jurassic Park Discovery Center,0,False
2026-08-09 13:50:31,Islands of Adventure,Jurassic Park River Adventure,0,False
2026-08-09 13:50:31,Islands of Adventure,Jurassic World VelociCoaster,50,True
2026-08-09 13:50:31,Islands of Adventure,Pteranodon Flyers,35,True
2026-08-09 13:50:31,Islands of Adventure,Skull Island: Reign of Kong™,5,True
2026-08-09 13:50:31,Islands of Adventure,Doctor Doom's Fearfall®,25,True
2026-08-09 13:50:31,Islands of Adventure,Doctor Doom's Fearfall® Single Rider,0,False
2026-08-09 13:50:31,Islands of Adventure,Storm Force Accelatron®,5,True
2026-08-09 13:50:31,Islands of Adventure,The Amazing Adventures of Spider-Man®,45,True
2026-08-09 13:50:31,Islands of Adventure,The Incredible Hulk Coaster®,15,True
2026-08-09 13:50:31,Islands of Adventure,The Incredible Hulk Coaster® Single Rider,0,True
2026-08-09 13:50:31,Islands of Adventure,Caro-Seuss-el™,5,True
2026-08-09 13:50:31,Islands of Adventure,If I Ran The Zoo™,0,False
2026-08-09 13:50:31,Islands of Adventure,"One Fish, Two Fish, Red Fish, Blue Fish™",20,True
2026-08-09 13:50:31,Islands of Adventure,The Cat in The Hat™,5,True
2026-08-09 13:50:31,Islands of Adventure,The High in the Sky Seuss Trolley Train Ride!™,0,False
2026-08-09 13:50:31,Islands of Adventure,Flight of the Hippogriff™,25,True
2026-08-09 13:50:31,Islands of Adventure,Hagrid's Magical Creatures Motorbike Adventure™,80,True
2026-08-09 13:50:31,Islands of Adventure,Harry Potter and the Forbidden Journey™,10,True
2026-08-09 13:50:31,Islands of Adventure,Harry Potter and the Forbidden Journey™ Single Rider,0,True
2026-08-09 13:50:31,Islands of Adventure,Hogwarts Express™ - Hogsmeade™ Station,0,False
2026-08-09 13:50:31,Islands of Adventure,Ollivanders™ Experience in Hogsmeade™,15,True
2026-08-09 13:50:31,Islands of Adventure,Dudley Do-Right's Ripsaw Falls®,10,True
2026-08-09 13:50:31,Islands of Adventure,"Me Ship, The Olive®",0,False
2026-08-09 13:50:31,Islands of Adventure,Popeye & Bluto's Bilge-Rat Barges®,0,False
2026-08-09 13:50:31,Universal Studios Florida,Trolls Trollercoaster,0,False
2026-08-09 13:50:31,Universal Studios Florida,E.T. Adventure™,0,False
2026-08-09 13:50:31,Universal Studios Florida,Despicable Me Minion Mayhem™,0,False
2026-08-09 13:50:31,Universal Studios Florida,Illumination's Villain-Con Minion Blast,0,False
2026-08-09 13:50:31,Universal Studios Florida,Race Through New York Starring Jimmy Fallon™,0,False
2026-08-09 13:50:31,Universal Studios Florida,Revenge of the Mummy™,0,False
2026-08-09 13:50:31,Universal Studios Florida,Revenge of the Mummy™ Single Rider,0,True
2026-08-09 13:50:31,Universal Studios Florida,TRANSFORMERS™ The Ride-3D,0,False
2026-08-09 13:50:31,Universal Studios Florida,Fast & Furious - Supercharged™,0,False
2026-08-09 13:50:31,Universal Studios Florida,Fast & Furious - Supercharged™ Single Rider,0,True
2026-08-09 13:50:31,Universal Studios Florida,Harry Potter and the Escape from Gringotts™,0,False
2026-08-09 13:50:31,Universal Studios Florida,Harry Potter and the Escape from Gringotts™ Single Rider,0,True
2026-08-09 13:50:31,Universal Studios Florida,Hogwarts Express™ - King's Cross Station,0,False
2026-08-09 13:50:31,Universal Studios Florida,Hogwarts™ Express - First Train,0,False
2026-08-09 13:50:31,Universal Studios Florida,Hogwarts™ Express - Last Train,0,False
2026-08-09 13:50:31,Universal Studios Florida,Ollivanders™ Experience in Diagon Alley™,5,True
2026-08-09 13:50:31,Universal Studios Florida,Kang & Kodos' Twirl 'n' Hurl,0,False
2026-08-09 13:50:31,Universal Studios Florida,MEN IN BLACK™ Alien Attack!™,0,False
2026-08-09 13:50:31,Universal Studios Florida,MEN IN BLACK™ Alien Attack!™ Single Rider,0,True
2026-08-09 13:50:31,Universal Studios Florida,The Simpsons Ride™,0,False
2026-08-09 13:50:31,Epic Universe,Constellation Carousel,5,True
2026-08-09 13:50:31,Epic Universe,Stardust Racers,25,True
2026-08-09 13:50:31,Epic Universe,Curse of the Werewolf,15,True
2026-08-09 13:50:31,Epic Universe,Curse of the Werewolf Single Rider,0,False
2026-08-09 13:50:31,Epic Universe,Monsters Unchained: The Frankenstein Experiment,10,True
2026-08-09 13:50:31,Epic Universe,Dragon Racer's Rally,35,True
2026-08-09 13:50:31,Epic Universe,Fyre Drill,20,True
2026-08-09 13:50:31,Epic Universe,Hiccup's Wing Gliders,35,True
2026-08-09 13:50:31,Epic Universe,Meet Toothless and Friends,60,True
2026-08-09 13:50:31,Epic Universe,Bowser Jr. Challenge,5,True
2026-08-09 13:50:31,Epic Universe,Mario Kart™: Bowser's Challenge,0,False
2026-08-09 13:50:31,Epic Universe,Mario Kart™: Bowser's Challenge Single Rider,0,True
2026-08-09 13:50:31,Epic Universe,Mine-Cart Madness™,115,True
2026-08-09 13:50:31,Epic Universe,Mine-Cart Madness™ Single Rider,0,True
2026-08-09 13:50:31,Epic Universe,Yoshi's Adventure™,30,True
2026-08-09 13:50:31,Epic Universe,Harry Potter and the Battle at the Ministry™,115,True
2026-08-09 13:50:31,Epic Universe,Harry Potter and the Battle at the Ministry™ Single Rider,0,True
2026-08-09 14:35:29,Islands of Adventure,Camp Jurassic™,0,False
2026-08-09 14:35:29,Islands of Adventure,Jurassic Park Discovery Center,0,False
2026-08-09 14:35:29,Islands of Adventure,Jurassic Park River Adventure,0,False
2026-08-09 14:35:29,Islands of Adventure,Jurassic World VelociCoaster,60,True
2026-08-09 14:35:29,Islands of Adventure,Pteranodon Flyers,30,True
2026-08-09 14:35:29,Islands of Adventure,Skull Island: Reign of Kong™,25,True
2026-08-09 14:35:29,Islands of Adventure,Doctor Doom's Fearfall®,10,True
2026-08-09 14:35:29,Islands of Adventure,Doctor Doom's Fearfall® Single Rider,0,False
2026-08-09 14:35:29,Islands of Adventure,Storm Force Accelatron®,5,True
2026-08-09 14:35:29,Islands of Adventure,The Amazing Adventures of Spider-Man®,45,True
2026-08-09 14:35:29,Islands of Adventure,The Incredible Hulk Coaster®,35,True
2026-08-09 14:35:29,Islands of Adventure,The Incredible Hulk Coaster® Single Rider,0,True
2026-08-09 14:35:29,Islands of Adventure,Caro-Seuss-el™,5,True
2026-08-09 14:35:29,Islands of Adventure,If I Ran The Zoo™,0,False
2026-08-09 14:35:29,Islands of Adventure,"One Fish, Two Fish, Red Fish, Blue Fish™",10,True
2026-08-09 14:35:29,Islands of Adventure,The Cat in The Hat™,5,True
2026-08-09 14:35:29,Islands of Adventure,The High in the Sky Seuss Trolley Train Ride!™,5,True
2026-08-09 14:35:29,Islands of Adventure,Flight of the Hippogriff™,40,True
2026-08-09 14:35:29,Islands of Adventure,Hagrid's Magical Creatures Motorbike Adventure™,55,True
2026-08-09 14:35:29,Islands of Adventure,Harry Potter and the Forbidden Journey™,15,True
2026-08-09 14:35:29,Islands of Adventure,Harry Potter and the Forbidden Journey™ Single Rider,0,True
2026-08-09 14:35:29,Islands of Adventure,Hogwarts Express™ - Hogsmeade™ Station,10,True
2026-08-09 14:35:29,Islands of Adventure,Ollivanders™ Experience in Hogsmeade™,15,True
2026-08-09 14:35:29,Islands of Adventure,Dudley Do-Right's Ripsaw Falls®,45,True
2026-08-09 14:35:29,Islands of Adventure,"Me Ship, The Olive®",0,False
2026-08-09 14:35:29,Islands of Adventure,Popeye & Bluto's Bilge-Rat Barges®,10,True
2026-08-09 14:35:29,Universal Studios Florida,Trolls Trollercoaster,0,False
2026-08-09 14:35:29,Universal Studios Florida,E.T. Adventure™,0,False
2026-08-09 14:35:29,Universal Studios Florida,Despicable Me Minion Mayhem™,40,True
2026-08-09 14:35:29,Universal Studios Florida,Illumination's Villain-Con Minion Blast,5,True
2026-08-09 14:35:29,Universal Studios Florida,Race Through New York Starring Jimmy Fallon™,5,True
2026-08-09 14:35:29,Universal Studios Florida,Revenge of the Mummy™,15,True
2026-08-09 14:35:29,Universal Studios Florida,Revenge of the Mummy™ Single Rider,0,True
2026-08-09 14:35:29,Universal Studios Florida,TRANSFORMERS™ The Ride-3D,5,True
2026-08-09 14:35:29,Universal Studios Florida,Fast & Furious - Supercharged™,10,True
2026-08-09 14:35:29,Universal Studios Florida,Fast & Furious - Supercharged™ Single Rider,0,True
2026-08-09 14:35:29,Universal Studios Florida,Harry Potter and the Escape from Gringotts™,15,True
2026-08-09 14:35:29,Universal Studios Florida,Harry Potter and the Escape from Gringotts™ Single Rider,0,True
2026-08-09 14:35:29,Universal Studios Florida,Hogwarts Express™ - King's Cross Station,10,True
2026-08-09 14:35:29,Universal Studios Florida,Hogwarts™ Express - First Train,0,False
2026-08-09 14:35:29,Universal Studios Florida,Hogwarts™ Express - Last Train,0,False
2026-08-09 14:35:29,Universal Studios Florida,Ollivanders™ Experience in Diagon Alley™,5,True
2026-08-09 14:35:29,Universal Studios Florida,Kang & Kodos' Twirl 'n' Hurl,0,False
2026-08-09 14:35:29,Universal Studios Florida,MEN IN BLACK™ Alien Attack!™,10,True
2026-08-09 14:35:29,Universal Studios Florida,MEN IN BLACK™ Alien Attack!™ Single Rider,0,True
2026-08-09 14:35:29,Universal Studios Florida,The Simpsons Ride™,10,True
2026-08-09 14:35:29,Epic Universe,Constellation Carousel,10,True
2026-08-09 14:35:29,Epic Universe,Stardust Racers,55,True
2026-08-09 14:35:29,Epic Universe,Curse of the Werewolf,45,True
2026-08-09 14:35:29,Epic Universe,Curse of the Werewolf Single Rider,0,True
2026-08-09 14:35:29,Epic Universe,Monsters Unchained: The Frankenstein Experiment,10,True
2026-08-09 14:35:29,Epic Universe,Dragon Racer's Rally,65,True
2026-08-09 14:35:29,Epic Universe,Fyre Drill,25,True
2026-08-09 14:35:29,Epic Universe,Hiccup's Wing Gliders,60,True
2026-08-09 14:35:29,Epic Universe,Meet Toothless and Friends,60,True
2026-08-09 14:35:29,Epic Universe,Bowser Jr. Challenge,5,True
2026-08-09 14:35:29,Epic Universe,Mario Kart™: Bowser's Challenge,90,True
2026-08-09 14:35:29,Epic Universe,Mario Kart™: Bowser's Challenge Single Rider,0,True
2026-08-09 14:35:29,Epic Universe,Mine-Cart Madness™,115,True
2026-08-09 14:35:29,Epic Universe,Mine-Cart Madness™ Single Rider,0,True
2026-08-09 14:35:29,Epic Universe,Yoshi's Adventure™,40,True
2026-08-09 14:35:29,Epic Universe,Harry Potter and the Battle at the Ministry™,60,True
2026-08-09 14:35:29,Epic Universe,Harry Potter and the Battle at the Ministry™ Single Rider,0,True
2026-08-09 15:12:32,Islands of Adventure,Camp Jurassic™,0,False
2026-08-09 15:12:32,Islands of Adventure,Jurassic Park Discovery Center,0,False
2026-08-09 15:12:32,Islands of Adventure,Jurassic Park River Adventure,0,False
2026-08-09 15:12:32,Islands of Adventure,Jurassic World VelociCoaster,60,True
2026-08-09 15:12:32,Islands of Adventure,Pteranodon Flyers,40,True
2026-08-09 15:12:32,Islands of Adventure,Skull Island: Reign of Kong™,45,True
2026-08-09 15:12:32,Islands of Adventure,Doctor Doom's Fearfall®,20,True
2026-08-09 15:12:32,Islands of Adventure,Doctor Doom's Fearfall® Single Rider,0,False
2026-08-09 15:12:32,Islands of Adventure,Storm Force Accelatron®,5,True
2026-08-09 15:12:32,Islands of Adventure,The Amazing Adventures of Spider-Man®,60,True
2026-08-09 15:12:32,Islands of Adventure,The Incredible Hulk Coaster®,45,True
2026-08-09 15:12:32,Islands of Adventure,The Incredible Hulk Coaster® Single Rider,0,True
2026-08-09 15:12:32,Islands of Adventure,Caro-Seuss-el™,5,True
2026-08-09 15:12:32,Islands of Adventure,If I Ran The Zoo™,0,False
2026-08-09 15:12:32,Islands of Adventure,"One Fish, Two Fish, Red Fish, Blue Fish™",15,True
2026-08-09 15:12:32,Islands of Adventure,The Cat in The Hat™,5,True
2026-08-09 15:12:32,Islands of Adventure,The High in the Sky Seuss Trolley Train Ride!™,5,True
2026-08-09 15:12:32,Islands of Adventure,Flight of the Hippogriff™,25,True
2026-08-09 15:12:32,Islands of Adventure,Hagrid's Magical Creatures Motorbike Adventure™,65,True
2026-08-09 15:12:32,Islands of Adventure,Harry Potter and the Forbidden Journey™,15,True
2026-08-09 15:12:32,Islands of Adventure,Harry Potter and the Forbidden Journey™ Single Rider,0,True
2026-08-09 15:12:32,Islands of Adventure,Hogwarts Express™ - Hogsmeade™ Station,10,True
2026-08-09 15:12:32,Islands of Adventure,Ollivanders™ Experience in Hogsmeade™,25,True
2026-08-09 15:12:32,Islands of Adventure,Dudley Do-Right's Ripsaw Falls®,45,True
2026-08-09 15:12:32,Islands of Adventure,"Me Ship, The Olive®",0,False
2026-08-09 15:12:32,Islands of Adventure,Popeye & Bluto's Bilge-Rat Barges®,5,True
2026-08-09 15:12:32,Universal Studios Florida,Trolls Trollercoaster,5,True
2026-08-09 15:12:32,Universal Studios Florida,E.T. Adventure™,15,True
2026-08-09 15:12:32,Universal Studios Florida,Despicable Me Minion Mayhem™,40,True
2026-08-09 15:12:32,Universal Studios Florida,Illumination's Villain-Con Minion Blast,5,True
2026-08-09 15:12:32,Universal Studios Florida,Race Through New York Starring Jimmy Fallon™,40,True
2026-08-09 15:12:32,Universal Studios Florida,Revenge of the Mummy™,15,True
2026-08-09 15:12:32,Universal Studios Florida,Revenge of the Mummy™ Single Rider,0,True
2026-08-09 15:12:32,Universal Studios Florida,TRANSFORMERS™ The Ride-3D,10,True
2026-08-09 15:12:32,Universal Studios Florida,Fast & Furious - Supercharged™,10,True
2026-08-09 15:12:32,Universal Studios Florida,Fast & Furious - Supercharged™ Single Rider,0,True
2026-08-09 15:12:32,Universal Studios Florida,Harry Potter and the Escape from Gringotts™,35,True
2026-08-09 15:12:32,Universal Studios Florida,Harry Potter and the Escape from Gringotts™ Single Rider,0,True
2026-08-09 15:12:32,Universal Studios Florida,Hogwarts Express™ - King's Cross Station,10,True
2026-08-09 15:12:32,Universal Studios Florida,Hogwarts™ Express - First Train,0,False
2026-08-09 15:12:32,Universal Studios Florida,Hogwarts™ Express - Last Train,0,False
2026-08-09 15:12:32,Universal Studios Florida,Ollivanders™ Experience in Diagon Alley™,5,True
2026-08-09 15:12:32,Universal Studios Florida,Kang & Kodos' Twirl 'n' Hurl,5,True
2026-08-09 15:12:32,Universal Studios Florida,MEN IN BLACK™ Alien Attack!™,10,True
2026-08-09 15:12:32,Universal Studios Florida,MEN IN BLACK™ Alien Attack!™ Single Rider,0,True
2026-08-09 15:12:32,Universal Studios Florida,The Simpsons Ride™,10,True
2026-08-09 15:12:32,Epic Universe,Constellation Carousel,10,True
2026-08-09 15:12:32,Epic Universe,Stardust Racers,50,True
2026-08-09 15:12:32,Epic Universe,Curse of the Werewolf,45,True
2026-08-09 15:12:32,Epic Universe,Curse of the Werewolf Single Rider,0,True
2026-08-09 15:12:32,Epic Universe,Monsters Unchained: The Frankenstein Experiment,10,True
2026-08-09 15:12:32,Epic Universe,Dragon Racer's Rally,65,True
2026-08-09 15:12:32,Epic Universe,Fyre Drill,60,True
2026-08-09 15:12:32,Epic Universe,Hiccup's Wing Gliders,60,True
2026-08-09 15:12:32,Epic Universe,Meet Toothless and Friends,45,True
2026-08-09 15:12:32,Epic Universe,Bowser Jr. Challenge,10,True
2026-08-09 15:12:32,Epic Universe,Mario Kart™: Bowser's Challenge,120,True
2026-08-09 15:12:32,Epic Universe,Mario Kart™: Bowser's Challenge Single Rider,0,True
2026-08-09 15:12:32,Epic Universe,Mine-Cart Madness™,115,True
2026-08-09 15:12:32,Epic Universe,Mine-Cart Madness™ Single Rider,0,True
2026-08-09 15:12:32,Epic Universe,Yoshi's Adventure™,50,True
2026-08-09 15:12:32,Epic Universe,Harry Potter and the Battle at the Ministry™,80,True
2026-08-09 15:12:32,Epic Universe,Harry Potter and the Battle at the Ministry™ Single Rider,0,True
2026-08-09 15:48:52,Islands of Adventure,Camp Jurassic™,0,False
2026-08-09 15:48:52,Islands of Adventure,Jurassic Park Discovery Center,0,False
2026-08-09 15:48:52,Islands of Adventure,Jurassic Park River Adventure,0,False
2026-08-09 15:48:52,Islands of Adventure,Jurassic World VelociCoaster,60,True
2026-08-09 15:48:52,Islands of Adventure,Pteranodon Flyers,30,True
2026-08-09 15:48:52,Islands of Adventure,Skull Island: Reign of Kong™,45,True
2026-08-09 15:48:52,Islands of Adventure,Doctor Doom's Fearfall®,20,True
2026-08-09 15:48:52,Islands of Adventure,Doctor Doom's Fearfall® Single Rider,0,True
2026-08-09 15:48:52,Islands of Adventure,Storm Force Accelatron®,5,True
2026-08-09 15:48:52,Islands of Adventure,The Amazing Adventures of Spider-Man®,60,True
2026-08-09 15:48:52,Islands of Adventure,The Incredible Hulk Coaster®,25,True
2026-08-09 15:48:52,Islands of Adventure,The Incredible Hulk Coaster® Single Rider,0,True
2026-08-09 15:48:52,Islands of Adventure,Caro-Seuss-el™,5,True
2026-08-09 15:48:52,Islands of Adventure,If I Ran The Zoo™,0,False
2026-08-09 15:48:52,Islands of Adventure,"One Fish, Two Fish, Red Fish, Blue Fish™",5,True
2026-08-09 15:48:52,Islands of Adventure,The Cat in The Hat™,5,True
2026-08-09 15:48:52,Islands of Adventure,The High in the Sky Seuss Trolley Train Ride!™,5,True
2026-08-09 15:48:52,Islands of Adventure,Flight of the Hippogriff™,25,True
2026-08-09 15:48:52,Islands of Adventure,Hagrid's Magical Creatures Motorbike Adventure™,65,True
2026-08-09 15:48:52,Islands of Adventure,Harry Potter and the Forbidden Journey™,15,True
2026-08-09 15:48:52,Islands of Adventure,Harry Potter and the Forbidden Journey™ Single Rider,0,True
2026-08-09 15:48:52,Islands of Adventure,Hogwarts Express™ - Hogsmeade™ Station,10,True
2026-08-09 15:48:52,Islands of Adventure,Ollivanders™ Experience in Hogsmeade™,25,True
2026-08-09 15:48:52,Islands of Adventure,Dudley Do-Right's Ripsaw Falls®,60,True
2026-08-09 15:48:52,Islands of Adventure,"Me Ship, The Olive®",0,False
2026-08-09 15:48:52,Islands of Adventure,Popeye & Bluto's Bilge-Rat Barges®,15,True
2026-08-09 15:48:52,Universal Studios Florida,Trolls Trollercoaster,5,True
2026-08-09 15:48:52,Universal Studios Florida,E.T. Adventure™,25,True
2026-08-09 15:48:52,Universal Studios Florida,Despicable Me Minion Mayhem™,45,True
2026-08-09 15:48:52,Universal Studios Florida,Illumination's Villain-Con Minion Blast,5,True
2026-08-09 15:48:52,Universal Studios Florida,Race Through New York Starring Jimmy Fallon™,30,True
2026-08-09 15:48:52,Universal Studios Florida,Revenge of the Mummy™,15,True
2026-08-09 15:48:52,Universal Studios Florida,Revenge of the Mummy™ Single Rider,0,True
2026-08-09 15:48:52,Universal Studios Florida,TRANSFORMERS™ The Ride-3D,35,True
2026-08-09 15:48:52,Universal Studios Florida,Fast & Furious - Supercharged™,10,True
2026-08-09 15:48:52,Universal Studios Florida,Fast & Furious - Supercharged™ Single Rider,0,True
2026-08-09 15:48:52,Universal Studios Florida,Harry Potter and the Escape from Gringotts™,25,True
2026-08-09 15:48:52,Universal Studios Florida,Harry Potter and the Escape from Gringotts™ Single Rider,0,True
2026-08-09 15:48:52,Universal Studios Florida,Hogwarts Express™ - King's Cross Station,10,True
2026-08-09 15:48:52,Universal Studios Florida,Hogwarts™ Express - First Train,0,False
2026-08-09 15:48:52,Universal Studios Florida,Hogwarts™ Express - Last Train,0,False
2026-08-09 15:48:52,Universal Studios Florida,Ollivanders™ Experience in Diagon Alley™,5,True
2026-08-09 15:48:52,Universal Studios Florida,Kang & Kodos' Twirl 'n' Hurl,5,True
2026-08-09 15:48:52,Universal Studios Florida,MEN IN BLACK™ Alien Attack!™,10,True
2026-08-09 15:48:52,Universal Studios Florida,MEN IN BLACK™ Alien Attack!™ Single Rider,0,True
2026-08-09 15:48:52,Universal Studios Florida,The Simpsons Ride™,15,True
2026-08-09 15:48:52,Epic Universe,Constellation Carousel,10,True
2026-08-09 15:48:52,Epic Universe,Stardust Racers,50,True
2026-08-09 15:48:52,Epic Universe,Curse of the Werewolf,50,True
2026-08-09 15:48:52,Epic Universe,Curse of the Werewolf Single Rider,0,True
2026-08-09 15:48:52,Epic Universe,Monsters Unchained: The Frankenstein Experiment,25,True
2026-08-09 15:48:52,Epic Universe,Dragon Racer's Rally,45,True
2026-08-09 15:48:52,Epic Universe,Fyre Drill,55,True
2026-08-09 15:48:52,Epic Universe,Hiccup's Wing Gliders,60,True
2026-08-09 15:48:52,Epic Universe,Meet Toothless and Friends,70,True
2026-08-09 15:48:52,Epic Universe,Bowser Jr. Challenge,10,True
2026-08-09 15:48:52,Epic Universe,Mario Kart™: Bowser's Challenge,120,True
2026-08-09 15:48:52,Epic Universe,Mario Kart™: Bowser's Challenge Single Rider,0,True
2026-08-09 15:48:52,Epic Universe,Mine-Cart Madness™,150,True
2026-08-09 15:48:52,Epic Universe,Mine-Cart Madness™ Single Rider,0,True
2026-08-09 15:48:52,Epic Universe,Yoshi's Adventure™,35,True
2026-08-09 15:48:52,Epic Universe,Harry Potter and the Battle at the Ministry™,125,True
2026-08-09 15:48:52,Epic Universe,Harry Potter and the Battle at the Ministry™ Single Rider,0,True
2026-08-09 16:35:52,Islands of Adventure,Camp Jurassic™,0,False
2026-08-09 16:35:52,Islands of Adventure,Jurassic Park Discovery Center,0,False
2026-08-09 16:35:52,Islands of Adventure,Jurassic Park River Adventure,0,False
2026-08-09 16:35:52,Islands of Adventure,Jurassic World VelociCoaster,60,True
2026-08-09 16:35:52,Islands of Adventure,Pteranodon Flyers,25,True
2026-08-09 16:35:52,Islands of Adventure,Skull Island: Reign of Kong™,60,True
2026-08-09 16:35:52,Islands of Adventure,Doctor Doom's Fearfall®,30,True
2026-08-09 16:35:52,Islands of Adventure,Doctor Doom's Fearfall® Single Rider,0,True
2026-08-09 16:35:52,Islands of Adventure,Storm Force Accelatron®,5,True
2026-08-09 16:35:52,Islands of Adventure,The Amazing Adventures of Spider-Man®,40,True
2026-08-09 16:35:52,Islands of Adventure,The Incredible Hulk Coaster®,30,True
2026-08-09 16:35:52,Islands of Adventure,The Incredible Hulk Coaster® Single Rider,0,True
2026-08-09 16:35:52,Islands of Adventure,Caro-Seuss-el™,5,True
2026-08-09 16:35:52,Islands of Adventure,If I Ran The Zoo™,0,False
2026-08-09 16:35:52,Islands of Adventure,"One Fish, Two Fish, Red Fish, Blue Fish™",5,True
2026-08-09 16:35:52,Islands of Adventure,The Cat in The Hat™,5,True
2026-08-09 16:35:52,Islands of Adventure,The High in the Sky Seuss Trolley Train Ride!™,5,True
2026-08-09 16:35:52,Islands of Adventure,Flight of the Hippogriff™,25,True
2026-08-09 16:35:52,Islands of Adventure,Hagrid's Magical Creatures Motorbike Adventure™,80,True
2026-08-09 16:35:52,Islands of Adventure,Harry Potter and the Forbidden Journey™,15,True
2026-08-09 16:35:52,Islands of Adventure,Harry Potter and the Forbidden Journey™ Single Rider,0,True
2026-08-09 16:35:52,Islands of Adventure,Hogwarts Express™ - Hogsmeade™ Station,10,True
2026-08-09 16:35:52,Islands of Adventure,Ollivanders™ Experience in Hogsmeade™,25,True
2026-08-09 16:35:52,Islands of Adventure,Dudley Do-Right's Ripsaw Falls®,50,True
2026-08-09 16:35:52,Islands of Adventure,"Me Ship, The Olive®",0,False
2026-08-09 16:35:52,Islands of Adventure,Popeye & Bluto's Bilge-Rat Barges®,15,True
2026-08-09 16:35:52,Universal Studios Florida,Trolls Trollercoaster,15,True
2026-08-09 16:35:52,Universal Studios Florida,E.T. Adventure™,35,True
2026-08-09 16:35:52,Universal Studios Florida,Despicable Me Minion Mayhem™,40,True
2026-08-09 16:35:52,Universal Studios Florida,Illumination's Villain-Con Minion Blast,5,True
2026-08-09 16:35:52,Universal Studios Florida,Race Through New York Starring Jimmy Fallon™,45,True
2026-08-09 16:35:52,Universal Studios Florida,Revenge of the Mummy™,25,True
2026-08-09 16:35:52,Universal Studios Florida,Revenge of the Mummy™ Single Rider,0,True
2026-08-09 16:35:52,Universal Studios Florida,TRANSFORMERS™ The Ride-3D,25,True
2026-08-09 16:35:52,Universal Studios Florida,Fast & Furious - Supercharged™,10,True
2026-08-09 16:35:52,Universal Studios Florida,Fast & Furious - Supercharged™ Single Rider,0,True
2026-08-09 16:35:52,Universal Studios Florida,Harry Potter and the Escape from Gringotts™,40,True
2026-08-09 16:35:52,Universal Studios Florida,Harry Potter and the Escape from Gringotts™ Single Rider,0,True
2026-08-09 16:35:52,Universal Studios Florida,Hogwarts Express™ - King's Cross Station,10,True
2026-08-09 16:35:52,Universal Studios Florida,Hogwarts™ Express - First Train,0,False
2026-08-09 16:35:52,Universal Studios Florida,Hogwarts™ Express - Last Train,0,False
2026-08-09 16:35:52,Universal Studios Florida,Ollivanders™ Experience in Diagon Alley™,5,True
2026-08-09 16:35:52,Universal Studios Florida,Kang & Kodos' Twirl 'n' Hurl,5,True
2026-08-09 16:35:52,Universal Studios Florida,MEN IN BLACK™ Alien Attack!™,0,False
2026-08-09 16:35:52,Universal Studios Florida,MEN IN BLACK™ Alien Attack!™ Single Rider,0,False
2026-08-09 16:35:52,Universal Studios Florida,The Simpsons Ride™,15,True
2026-08-09 16:35:52,Epic Universe,Constellation Carousel,15,True
2026-08-09 16:35:52,Epic Universe,Stardust Racers,45,True
2026-08-09 16:35:52,Epic Universe,Curse of the Werewolf,60,True
2026-08-09 16:35:52,Epic Universe,Curse of the Werewolf Single Rider,0,True
2026-08-09 16:35:52,Epic Universe,Monsters Unchained: The Frankenstein Experiment,20,True
2026-08-09 16:35:52,Epic Universe,Dragon Racer's Rally,45,True
2026-08-09 16:35:52,Epic Universe,Fyre Drill,65,True
2026-08-09 16:35:52,Epic Universe,Hiccup's Wing Gliders,40,True
2026-08-09 16:35:52,Epic Universe,Meet Toothless and Friends,80,True
2026-08-09 16:35:52,Epic Universe,Bowser Jr. Challenge,10,True
2026-08-09 16:35:52,Epic Universe,Mario Kart™: Bowser's Challenge,110,True
2026-08-09 16:35:52,Epic Universe,Mario Kart™: Bowser's Challenge Single Rider,0,True
2026-08-09 16:35:52,Epic Universe,Mine-Cart Madness™,150,True
2026-08-09 16:35:52,Epic Universe,Mine-Cart Madness™ Single Rider,0,True
2026-08-09 16:35:52,Epic Universe,Yoshi's Adventure™,60,True
2026-08-09 16:35:52,Epic Universe,Harry Potter and the Battle at the Ministry™,135,True
2026-08-09 16:35:52,Epic Universe,Harry Potter and the Battle at the Ministry™ Single Rider,0,True
2026-08-09 17:15:03,Islands of Adventure,Camp Jurassic™,0,False
2026-08-09 17:15:03,Islands of Adventure,Jurassic Park Discovery Center,0,False
2026-08-09 17:15:03,Islands of Adventure,Jurassic Park River Adventure,0,False
2026-08-09 17:15:03,Islands of Adventure,Jurassic World VelociCoaster,50,True
2026-08-09 17:15:03,Islands of Adventure,Pteranodon Flyers,30,True
2026-08-09 17:15:03,Islands of Adventure,Skull Island: Reign of Kong™,35,True
2026-08-09 17:15:03,Islands of Adventure,Doctor Doom's Fearfall®,35,True
2026-08-09 17:15:03,Islands of Adventure,Doctor Doom's Fearfall® Single Rider,0,True
2026-08-09 17:15:03,Islands of Adventure,Storm Force Accelatron®,5,True
2026-08-09 17:15:03,Islands of Adventure,The Amazing Adventures of Spider-Man®,70,True
2026-08-09 17:15:03,Islands of Adventure,The Incredible Hulk Coaster®,35,True
2026-08-09 17:15:03,Islands of Adventure,The Incredible Hulk Coaster® Single Rider,0,True
2026-08-09 17:15:03,Islands of Adventure,Caro-Seuss-el™,5,True
2026-08-09 17:15:03,Islands of Adventure,If I Ran The Zoo™,0,False
2026-08-09 17:15:03,Islands of Adventure,"One Fish, Two Fish, Red Fish, Blue Fish™",15,True
2026-08-09 17:15:03,Islands of Adventure,The Cat in The Hat™,20,True
2026-08-09 17:15:03,Islands of Adventure,The High in the Sky Seuss Trolley Train Ride!™,5,True
2026-08-09 17:15:03,Islands of Adventure,Flight of the Hippogriff™,15,True
2026-08-09 17:15:03,Islands of Adventure,Hagrid's Magical Creatures Motorbike Adventure™,60,True
2026-08-09 17:15:03,Islands of Adventure,Harry Potter and the Forbidden Journey™,15,True
2026-08-09 17:15:03,Islands of Adventure,Harry Potter and the Forbidden Journey™ Single Rider,0,True
2026-08-09 17:15:03,Islands of Adventure,Hogwarts Express™ - Hogsmeade™ Station,30,True
2026-08-09 17:15:03,Islands of Adventure,Ollivanders™ Experience in Hogsmeade™,10,True
2026-08-09 17:15:03,Islands of Adventure,Dudley Do-Right's Ripsaw Falls®,50,True
2026-08-09 17:15:03,Islands of Adventure,"Me Ship, The Olive®",0,False
2026-08-09 17:15:03,Islands of Adventure,Popeye & Bluto's Bilge-Rat Barges®,10,True
2026-08-09 17:15:03,Universal Studios Florida,Trolls Trollercoaster,10,True
2026-08-09 17:15:03,Universal Studios Florida,E.T. Adventure™,35,True
2026-08-09 17:15:03,Universal Studios Florida,Despicable Me Minion Mayhem™,0,False
2026-08-09 17:15:03,Universal Studios Florida,Illumination's Villain-Con Minion Blast,5,True
2026-08-09 17:15:03,Universal Studios Florida,Race Through New York Starring Jimmy Fallon™,10,True
2026-08-09 17:15:03,Universal Studios Florida,Revenge of the Mummy™,25,True
2026-08-09 17:15:03,Universal Studios Florida,Revenge of the Mummy™ Single Rider,0,True
2026-08-09 17:15:03,Universal Studios Florida,TRANSFORMERS™ The Ride-3D,20,True
2026-08-09 17:15:03,Universal Studios Florida,Fast & Furious - Supercharged™,15,True
2026-08-09 17:15:03,Universal Studios Florida,Fast & Furious - Supercharged™ Single Rider,0,True
2026-08-09 17:15:03,Universal Studios Florida,Harry Potter and the Escape from Gringotts™,40,True
2026-08-09 17:15:03,Universal Studios Florida,Harry Potter and the Escape from Gringotts™ Single Rider,0,True
2026-08-09 17:15:03,Universal Studios Florida,Hogwarts Express™ - King's Cross Station,10,True
2026-08-09 17:15:03,Universal Studios Florida,Hogwarts™ Express - First Train,0,False
2026-08-09 17:15:03,Universal Studios Florida,Hogwarts™ Express - Last Train,0,False
2026-08-09 17:15:03,Universal Studios Florida,Ollivanders™ Experience in Diagon Alley™,5,True
2026-08-09 17:15:03,Universal Studios Florida,Kang & Kodos' Twirl 'n' Hurl,10,True
2026-08-09 17:15:03,Universal Studios Florida,MEN IN BLACK™ Alien Attack!™,15,True
2026-08-09 17:15:03,Universal Studios Florida,MEN IN BLACK™ Alien Attack!™ Single Rider,0,True
2026-08-09 17:15:03,Universal Studios Florida,The Simpsons Ride™,25,True
2026-08-09 17:15:03,Epic Universe,Constellation Carousel,20,True
2026-08-09 17:15:03,Epic Universe,Stardust Racers,40,True
2026-08-09 17:15:03,Epic Universe,Curse of the Werewolf,50,True
2026-08-09 17:15:03,Epic Universe,Curse of the Werewolf Single Rider,0,True
2026-08-09 17:15:03,Epic Universe,Monsters Unchained: The Frankenstein Experiment,35,True
2026-08-09 17:15:03,Epic Universe,Dragon Racer's Rally,25,True
2026-08-09 17:15:03,Epic Universe,Fyre Drill,65,True
2026-08-09 17:15:03,Epic Universe,Hiccup's Wing Gliders,50,True
2026-08-09 17:15:03,Epic Universe,Meet Toothless and Friends,80,True
2026-08-09 17:15:03,Epic Universe,Bowser Jr. Challenge,10,True
2026-08-09 17:15:03,Epic Universe,Mario Kart™: Bowser's Challenge,110,True
2026-08-09 17:15:03,Epic Universe,Mario Kart™: Bowser's Challenge Single Rider,0,True
2026-08-09 17:15:03,Epic Universe,Mine-Cart Madness™,120,True
2026-08-09 17:15:03,Epic Universe,Mine-Cart Madness™ Single Rider,0,True
2026-08-09 17:15:03,Epic Universe,Yoshi's Adventure™,50,True
2026-08-09 17:15:03,Epic Universe,Harry Potter and the Battle at the Ministry™,125,True
2026-08-09 17:15:03,Epic Universe,Harry Potter and the Battle at the Ministry™ Single Rider,0,True
2026-08-09 17:51:05,Islands of Adventure,Camp Jurassic™,0,False
2026-08-09 17:51:05,Islands of Adventure,Jurassic Park Discovery Center,0,False
2026-08-09 17:51:05,Islands of Adventure,Jurassic Park River Adventure,0,False
2026-08-09 17:51:05,Islands of Adventure,Jurassic World VelociCoaster,50,True
2026-08-09 17:51:05,Islands of Adventure,Pteranodon Flyers,50,True
2026-08-09 17:51:05,Islands of Adventure,Skull Island: Reign of Kong™,35,True
2026-08-09 17:51:05,Islands of Adventure,Doctor Doom's Fearfall®,50,True
2026-08-09 17:51:05,Islands of Adventure,Doctor Doom's Fearfall® Single Rider,0,True
2026-08-09 17:51:05,Islands of Adventure,Storm Force Accelatron®,5,True
2026-08-09 17:51:05,Islands of Adventure,The Amazing Adventures of Spider-Man®,45,True
2026-08-09 17:51:05,Islands of Adventure,The Incredible Hulk Coaster®,0,False
2026-08-09 17:51:05,Islands of Adventure,The Incredible Hulk Coaster® Single Rider,0,False
2026-08-09 17:51:05,Islands of Adventure,Caro-Seuss-el™,5,True
2026-08-09 17:51:05,Islands of Adventure,If I Ran The Zoo™,0,False
2026-08-09 17:51:05,Islands of Adventure,"One Fish, Two Fish, Red Fish, Blue Fish™",15,True
2026-08-09 17:51:05,Islands of Adventure,The Cat in The Hat™,20,True
2026-08-09 17:51:05,Islands of Adventure,The High in the Sky Seuss Trolley Train Ride!™,5,True
2026-08-09 17:51:05,Islands of Adventure,Flight of the Hippogriff™,15,True
2026-08-09 17:51:05,Islands of Adventure,Hagrid's Magical Creatures Motorbike Adventure™,60,True
2026-08-09 17:51:05,Islands of Adventure,Harry Potter and the Forbidden Journey™,20,True
2026-08-09 17:51:05,Islands of Adventure,Harry Potter and the Forbidden Journey™ Single Rider,0,True
2026-08-09 17:51:05,Islands of Adventure,Hogwarts Express™ - Hogsmeade™ Station,30,True
2026-08-09 17:51:05,Islands of Adventure,Ollivanders™ Experience in Hogsmeade™,10,True
2026-08-09 17:51:05,Islands of Adventure,Dudley Do-Right's Ripsaw Falls®,50,True
2026-08-09 17:51:05,Islands of Adventure,"Me Ship, The Olive®",0,False
2026-08-09 17:51:05,Islands of Adventure,Popeye & Bluto's Bilge-Rat Barges®,10,True
2026-08-09 17:51:05,Universal Studios Florida,Trolls Trollercoaster,20,True
2026-08-09 17:51:05,Universal Studios Florida,E.T. Adventure™,0,False
2026-08-09 17:51:05,Universal Studios Florida,Despicable Me Minion Mayhem™,40,True
2026-08-09 17:51:05,Universal Studios Florida,Illumination's Villain-Con Minion Blast,5,True
2026-08-09 17:51:05,Universal Studios Florida,Race Through New York Starring Jimmy Fallon™,10,True
2026-08-09 17:51:05,Universal Studios Florida,Revenge of the Mummy™,25,True
2026-08-09 17:51:05,Universal Studios Florida,Revenge of the Mummy™ Single Rider,0,True
2026-08-09 17:51:05,Universal Studios Florida,TRANSFORMERS™ The Ride-3D,30,True
2026-08-09 17:51:05,Universal Studios Florida,Fast & Furious - Supercharged™,20,True
2026-08-09 17:51:05,Universal Studios Florida,Fast & Furious - Supercharged™ Single Rider,0,True
2026-08-09 17:51:05,Universal Studios Florida,Harry Potter and the Escape from Gringotts™,25,True
2026-08-09 17:51:05,Universal Studios Florida,Harry Potter and the Escape from Gringotts™ Single Rider,0,True
2026-08-09 17:51:05,Universal Studios Florida,Hogwarts Express™ - King's Cross Station,25,True
2026-08-09 17:51:05,Universal Studios Florida,Hogwarts™ Express - First Train,0,False
2026-08-09 17:51:05,Universal Studios Florida,Hogwarts™ Express - Last Train,0,False
2026-08-09 17:51:05,Universal Studios Florida,Ollivanders™ Experience in Diagon Alley™,5,True
2026-08-09 17:51:05,Universal Studios Florida,Kang & Kodos' Twirl 'n' Hurl,15,True
2026-08-09 17:51:05,Universal Studios Florida,MEN IN BLACK™ Alien Attack!™,35,True
2026-08-09 17:51:05,Universal Studios Florida,MEN IN BLACK™ Alien Attack!™ Single Rider,0,True
2026-08-09 17:51:05,Universal Studios Florida,The Simpsons Ride™,25,True
2026-08-09 17:51:05,Epic Universe,Constellation Carousel,25,True
2026-08-09 17:51:05,Epic Universe,Stardust Racers,35,True
2026-08-09 17:51:05,Epic Universe,Curse of the Werewolf,65,True
2026-08-09 17:51:05,Epic Universe,Curse of the Werewolf Single Rider,0,True
2026-08-09 17:51:05,Epic Universe,Monsters Unchained: The Frankenstein Experiment,0,False
2026-08-09 17:51:05,Epic Universe,Dragon Racer's Rally,40,True
2026-08-09 17:51:05,Epic Universe,Fyre Drill,35,True
2026-08-09 17:51:05,Epic Universe,Hiccup's Wing Gliders,40,True
2026-08-09 17:51:05,Epic Universe,Meet Toothless and Friends,35,True
2026-08-09 17:51:05,Epic Universe,Bowser Jr. Challenge,10,True
2026-08-09 17:51:05,Epic Universe,Mario Kart™: Bowser's Challenge,120,True
2026-08-09 17:51:05,Epic Universe,Mario Kart™: Bowser's Challenge Single Rider,0,True
2026-08-09 17:51:05,Epic Universe,Mine-Cart Madness™,90,True
2026-08-09 17:51:05,Epic Universe,Mine-Cart Madness™ Single Rider,0,True
2026-08-09 17:51:05,Epic Universe,Yoshi's Adventure™,45,True
2026-08-09 17:51:05,Epic Universe,Harry Potter and the Battle at the Ministry™,125,True
2026-08-09 17:51:05,Epic Universe,Harry Potter and the Battle at the Ministry™ Single Rider,0,True
2026-08-09 18:41:44,Islands of Adventure,Camp Jurassic™,0,False
2026-08-09 18:41:44,Islands of Adventure,Jurassic Park Discovery Center,0,False
2026-08-09 18:41:44,Islands of Adventure,Jurassic Park River Adventure,0,False
2026-08-09 18:41:44,Islands of Adventure,Jurassic World VelociCoaster,0,False
2026-08-09 18:41:44,Islands of Adventure,Pteranodon Flyers,0,False
2026-08-09 18:41:44,Islands of Adventure,Skull Island: Reign of Kong™,45,True
2026-08-09 18:41:44,Islands of Adventure,Doctor Doom's Fearfall®,0,False
2026-08-09 18:41:44,Islands of Adventure,Doctor Doom's Fearfall® Single Rider,0,False
2026-08-09 18:41:44,Islands of Adventure,Storm Force Accelatron®,5,True
2026-08-09 18:41:44,Islands of Adventure,The Amazing Adventures of Spider-Man®,30,True
2026-08-09 18:41:44,Islands of Adventure,The Incredible Hulk Coaster®,0,False
2026-08-09 18:41:44,Islands of Adventure,The Incredible Hulk Coaster® Single Rider,0,True
2026-08-09 18:41:44,Islands of Adventure,Caro-Seuss-el™,5,True
2026-08-09 18:41:44,Islands of Adventure,If I Ran The Zoo™,0,False
2026-08-09 18:41:44,Islands of Adventure,"One Fish, Two Fish, Red Fish, Blue Fish™",0,False
2026-08-09 18:41:44,Islands of Adventure,The Cat in The Hat™,20,True
2026-08-09 18:41:44,Islands of Adventure,The High in the Sky Seuss Trolley Train Ride!™,0,False
2026-08-09 18:41:44,Islands of Adventure,Flight of the Hippogriff™,0,False
2026-08-09 18:41:44,Islands of Adventure,Hagrid's Magical Creatures Motorbike Adventure™,60,True
2026-08-09 18:41:44,Islands of Adventure,Harry Potter and the Forbidden Journey™,20,True
2026-08-09 18:41:44,Islands of Adventure,Harry Potter and the Forbidden Journey™ Single Rider,0,True
2026-08-09 18:41:44,Islands of Adventure,Hogwarts Express™ - Hogsmeade™ Station,30,True
2026-08-09 18:41:44,Islands of Adventure,Ollivanders™ Experience in Hogsmeade™,10,True
2026-08-09 18:41:44,Islands of Adventure,Dudley Do-Right's Ripsaw Falls®,0,False
2026-08-09 18:41:44,Islands of Adventure,"Me Ship, The Olive®",0,False
2026-08-09 18:41:44,Islands of Adventure,Popeye & Bluto's Bilge-Rat Barges®,0,False
2026-08-09 18:41:44,Universal Studios Florida,Trolls Trollercoaster,0,False
2026-08-09 18:41:44,Universal Studios Florida,E.T. Adventure™,20,True
2026-08-09 18:41:44,Universal Studios Florida,Despicable Me Minion Mayhem™,20,True
2026-08-09 18:41:44,Universal Studios Florida,Illumination's Villain-Con Minion Blast,5,True
2026-08-09 18:41:44,Universal Studios Florida,Race Through New York Starring Jimmy Fallon™,10,True
2026-08-09 18:41:44,Universal Studios Florida,Revenge of the Mummy™,35,True
2026-08-09 18:41:44,Universal Studios Florida,Revenge of the Mummy™ Single Rider,0,True
2026-08-09 18:41:44,Universal Studios Florida,TRANSFORMERS™ The Ride-3D,20,True
2026-08-09 18:41:44,Universal Studios Florida,Fast & Furious - Supercharged™,20,True
2026-08-09 18:41:44,Universal Studios Florida,Fast & Furious - Supercharged™ Single Rider,0,True
2026-08-09 18:41:44,Universal Studios Florida,Harry Potter and the Escape from Gringotts™,55,True
2026-08-09 18:41:44,Universal Studios Florida,Harry Potter and the Escape from Gringotts™ Single Rider,0,True
2026-08-09 18:41:44,Universal Studios Florida,Hogwarts Express™ - King's Cross Station,10,True
2026-08-09 18:41:44,Universal Studios Florida,Hogwarts™ Express - First Train,0,False
2026-08-09 18:41:44,Universal Studios Florida,Hogwarts™ Express - Last Train,0,False
2026-08-09 18:41:44,Universal Studios Florida,Ollivanders™ Experience in Diagon Alley™,5,True
2026-08-09 18:41:44,Universal Studios Florida,Kang & Kodos' Twirl 'n' Hurl,0,False
2026-08-09 18:41:44,Universal Studios Florida,MEN IN BLACK™ Alien Attack!™,35,True
2026-08-09 18:41:44,Universal Studios Florida,MEN IN BLACK™ Alien Attack!™ Single Rider,0,True
2026-08-09 18:41:44,Universal Studios Florida,The Simpsons Ride™,25,True
2026-08-09 18:41:44,Epic Universe,Constellation Carousel,25,True
2026-08-09 18:41:44,Epic Universe,Stardust Racers,0,False
2026-08-09 18:41:44,Epic Universe,Curse of the Werewolf,0,False
2026-08-09 18:41:44,Epic Universe,Curse of the Werewolf Single Rider,0,True
2026-08-09 18:41:44,Epic Universe,Monsters Unchained: The Frankenstein Experiment,0,False
2026-08-09 18:41:44,Epic Universe,Dragon Racer's Rally,30,True
2026-08-09 18:41:44,Epic Universe,Fyre Drill,0,False
2026-08-09 18:41:44,Epic Universe,Hiccup's Wing Gliders,0,False
2026-08-09 18:41:44,Epic Universe,Meet Toothless and Friends,70,True
2026-08-09 18:41:44,Epic Universe,Bowser Jr. Challenge,10,True
2026-08-09 18:41:44,Epic Universe,Mario Kart™: Bowser's Challenge,160,True
2026-08-09 18:41:44,Epic Universe,Mario Kart™: Bowser's Challenge Single Rider,0,True
2026-08-09 18:41:44,Epic Universe,Mine-Cart Madness™,0,False
2026-08-09 18:41:44,Epic Universe,Mine-Cart Madness™ Single Rider,0,True
2026-08-09 18:41:44,Epic Universe,Yoshi's Adventure™,40,True
2026-08-09 18:41:44,Epic Universe,Harry Potter and the Battle at the Ministry™,120,True
2026-08-09 18:41:44,Epic Universe,Harry Potter and the Battle at the Ministry™ Single Rider,0,True
2026-08-09 19:20:55,Islands of Adventure,Camp Jurassic™,0,False
2026-08-09 19:20:55,Islands of Adventure,Jurassic Park Discovery Center,0,False
2026-08-09 19:20:55,Islands of Adventure,Jurassic Park River Adventure,0,False
2026-08-09 19:20:55,Islands of Adventure,Jurassic World VelociCoaster,0,False
2026-08-09 19:20:55,Islands of Adventure,Pteranodon Flyers,0,False
2026-08-09 19:20:55,Islands of Adventure,Skull Island: Reign of Kong™,40,True
2026-08-09 19:20:55,Islands of Adventure,Doctor Doom's Fearfall®,0,False
2026-08-09 19:20:55,Islands of Adventure,Doctor Doom's Fearfall® Single Rider,0,False
2026-08-09 19:20:55,Islands of Adventure,Storm Force Accelatron®,5,True
2026-08-09 19:20:55,Islands of Adventure,The Amazing Adventures of Spider-Man®,55,True
2026-08-09 19:20:55,Islands of Adventure,The Incredible Hulk Coaster®,0,False
2026-08-09 19:20:55,Islands of Adventure,The Incredible Hulk Coaster® Single Rider,0,True
2026-08-09 19:20:55,Islands of Adventure,Caro-Seuss-el™,5,True
2026-08-09 19:20:55,Islands of Adventure,If I Ran The Zoo™,0,False
2026-08-09 19:20:55,Islands of Adventure,"One Fish, Two Fish, Red Fish, Blue Fish™",0,False
2026-08-09 19:20:55,Islands of Adventure,The Cat in The Hat™,20,True
2026-08-09 19:20:55,Islands of Adventure,The High in the Sky Seuss Trolley Train Ride!™,0,False
2026-08-09 19:20:55,Islands of Adventure,Flight of the Hippogriff™,0,False
2026-08-09 19:20:55,Islands of Adventure,Hagrid's Magical Creatures Motorbike Adventure™,0,False
2026-08-09 19:20:55,Islands of Adventure,Harry Potter and the Forbidden Journey™,35,True
2026-08-09 19:20:55,Islands of Adventure,Harry Potter and the Forbidden Journey™ Single Rider,0,True
2026-08-09 19:20:55,Islands of Adventure,Hogwarts Express™ - Hogsmeade™ Station,45,True
2026-08-09 19:20:55,Islands of Adventure,Ollivanders™ Experience in Hogsmeade™,10,True
2026-08-09 19:20:55,Islands of Adventure,Dudley Do-Right's Ripsaw Falls®,0,False
2026-08-09 19:20:55,Islands of Adventure,"Me Ship, The Olive®",0,False
2026-08-09 19:20:55,Islands of Adventure,Popeye & Bluto's Bilge-Rat Barges®,0,False
2026-08-09 19:20:55,Universal Studios Florida,Trolls Trollercoaster,0,False
2026-08-09 19:20:55,Universal Studios Florida,E.T. Adventure™,40,True
2026-08-09 19:20:55,Universal Studios Florida,Despicable Me Minion Mayhem™,25,True
2026-08-09 19:20:55,Universal Studios Florida,Illumination's Villain-Con Minion Blast,5,True
2026-08-09 19:20:55,Universal Studios Florida,Race Through New York Starring Jimmy Fallon™,10,True
2026-08-09 19:20:55,Universal Studios Florida,Revenge of the Mummy™,25,True
2026-08-09 19:20:55,Universal Studios Florida,Revenge of the Mummy™ Single Rider,0,True
2026-08-09 19:20:55,Universal Studios Florida,TRANSFORMERS™ The Ride-3D,20,True
2026-08-09 19:20:55,Universal Studios Florida,Fast & Furious - Supercharged™,20,True
2026-08-09 19:20:55,Universal Studios Florida,Fast & Furious - Supercharged™ Single Rider,0,True
2026-08-09 19:20:55,Universal Studios Florida,Harry Potter and the Escape from Gringotts™,55,True
2026-08-09 19:20:55,Universal Studios Florida,Harry Potter and the Escape from Gringotts™ Single Rider,0,True
2026-08-09 19:20:55,Universal Studios Florida,Hogwarts Express™ - King's Cross Station,20,True
2026-08-09 19:20:55,Universal Studios Florida,Hogwarts™ Express - First Train,0,False
2026-08-09 19:20:55,Universal Studios Florida,Hogwarts™ Express - Last Train,0,False
2026-08-09 19:20:55,Universal Studios Florida,Ollivanders™ Experience in Diagon Alley™,5,True
2026-08-09 19:20:55,Universal Studios Florida,Kang & Kodos' Twirl 'n' Hurl,0,False
2026-08-09 19:20:55,Universal Studios Florida,MEN IN BLACK™ Alien Attack!™,20,True
2026-08-09 19:20:55,Universal Studios Florida,MEN IN BLACK™ Alien Attack!™ Single Rider,0,True
2026-08-09 19:20:55,Universal Studios Florida,The Simpsons Ride™,25,True
2026-08-09 19:20:55,Epic Universe,Constellation Carousel,35,True
2026-08-09 19:20:55,Epic Universe,Stardust Racers,0,False
2026-08-09 19:20:55,Epic Universe,Curse of the Werewolf,0,False
2026-08-09 19:20:55,Epic Universe,Curse of the Werewolf Single Rider,0,True
2026-08-09 19:20:55,Epic Universe,Monsters Unchained: The Frankenstein Experiment,0,False
2026-08-09 19:20:55,Epic Universe,Dragon Racer's Rally,15,True
2026-08-09 19:20:55,Epic Universe,Fyre Drill,0,False
2026-08-09 19:20:55,Epic Universe,Hiccup's Wing Gliders,0,False
2026-08-09 19:20:55,Epic Universe,Meet Toothless and Friends,70,True
2026-08-09 19:20:55,Epic Universe,Bowser Jr. Challenge,10,True
2026-08-09 19:20:55,Epic Universe,Mario Kart™: Bowser's Challenge,160,True
2026-08-09 19:20:55,Epic Universe,Mario Kart™: Bowser's Challenge Single Rider,0,True
2026-08-09 19:20:55,Epic Universe,Mine-Cart Madness™,0,False
2026-08-09 19:20:55,Epic Universe,Mine-Cart Madness™ Single Rider,0,False
2026-08-09 19:20:55,Epic Universe,Yoshi's Adventure™,0,False
2026-08-09 19:20:55,Epic Universe,Harry Potter and the Battle at the Ministry™,180,True
2026-08-09 19:20:55,Epic Universe,Harry Potter and the Battle at the Ministry™ Single Rider,0,True
2026-08-09 19:57:53,Islands of Adventure,Camp Jurassic™,0,False
2026-08-09 19:57:53,Islands of Adventure,Jurassic Park Discovery Center,0,False
2026-08-09 19:57:53,Islands of Adventure,Jurassic Park River Adventure,0,False
2026-08-09 19:57:53,Islands of Adventure,Jurassic World VelociCoaster,30,True
2026-08-09 19:57:53,Islands of Adventure,Pteranodon Flyers,15,True
2026-08-09 19:57:53,Islands of Adventure,Skull Island: Reign of Kong™,25,True
2026-08-09 19:57:53,Islands of Adventure,Doctor Doom's Fearfall®,5,True
2026-08-09 19:57:53,Islands of Adventure,Doctor Doom's Fearfall® Single Rider,0,True
2026-08-09 19:57:53,Islands of Adventure,Storm Force Accelatron®,5,True
2026-08-09 19:57:53,Islands of Adventure,The Amazing Adventures of Spider-Man®,40,True
2026-08-09 19:57:53,Islands of Adventure,The Incredible Hulk Coaster®,40,True
2026-08-09 19:57:53,Islands of Adventure,The Incredible Hulk Coaster® Single Rider,0,True
2026-08-09 19:57:53,Islands of Adventure,Caro-Seuss-el™,10,True
2026-08-09 19:57:53,Islands of Adventure,If I Ran The Zoo™,0,False
2026-08-09 19:57:53,Islands of Adventure,"One Fish, Two Fish, Red Fish, Blue Fish™",15,True
2026-08-09 19:57:53,Islands of Adventure,The Cat in The Hat™,20,True
2026-08-09 19:57:53,Islands of Adventure,The High in the Sky Seuss Trolley Train Ride!™,10,True
2026-08-09 19:57:53,Islands of Adventure,Flight of the Hippogriff™,35,True
2026-08-09 19:57:53,Islands of Adventure,Hagrid's Magical Creatures Motorbike Adventure™,55,True
2026-08-09 19:57:53,Islands of Adventure,Harry Potter and the Forbidden Journey™,50,True
2026-08-09 19:57:53,Islands of Adventure,Harry Potter and the Forbidden Journey™ Single Rider,0,True
2026-08-09 19:57:53,Islands of Adventure,Hogwarts Express™ - Hogsmeade™ Station,35,True
2026-08-09 19:57:53,Islands of Adventure,Ollivanders™ Experience in Hogsmeade™,15,True
2026-08-09 19:57:53,Islands of Adventure,Dudley Do-Right's Ripsaw Falls®,20,True
2026-08-09 19:57:53,Islands of Adventure,"Me Ship, The Olive®",0,False
2026-08-09 19:57:53,Islands of Adventure,Popeye & Bluto's Bilge-Rat Barges®,10,True
2026-08-09 19:57:53,Universal Studios Florida,Trolls Trollercoaster,15,True
2026-08-09 19:57:53,Universal Studios Florida,E.T. Adventure™,40,True
2026-08-09 19:57:53,Universal Studios Florida,Despicable Me Minion Mayhem™,25,True
2026-08-09 19:57:53,Universal Studios Florida,Illumination's Villain-Con Minion Blast,5,True
2026-08-09 19:57:53,Universal Studios Florida,Race Through New York Starring Jimmy Fallon™,10,True
2026-08-09 19:57:53,Universal Studios Florida,Revenge of the Mummy™,35,True
2026-08-09 19:57:53,Universal Studios Florida,Revenge of the Mummy™ Single Rider,0,True
2026-08-09 19:57:53,Universal Studios Florida,TRANSFORMERS™ The Ride-3D,20,True
2026-08-09 19:57:53,Universal Studios Florida,Fast & Furious - Supercharged™,15,True
2026-08-09 19:57:53,Universal Studios Florida,Fast & Furious - Supercharged™ Single Rider,0,True
2026-08-09 19:57:53,Universal Studios Florida,Harry Potter and the Escape from Gringotts™,55,True
2026-08-09 19:57:53,Universal Studios Florida,Harry Potter and the Escape from Gringotts™ Single Rider,0,True
2026-08-09 19:57:53,Universal Studios Florida,Hogwarts Express™ - King's Cross Station,20,True
2026-08-09 19:57:53,Universal Studios Florida,Hogwarts™ Express - First Train,0,False
2026-08-09 19:57:53,Universal Studios Florida,Hogwarts™ Express - Last Train,0,False
2026-08-09 19:57:53,Universal Studios Florida,Ollivanders™ Experience in Diagon Alley™,5,True
2026-08-09 19:57:53,Universal Studios Florida,Kang & Kodos' Twirl 'n' Hurl,25,True
2026-08-09 19:57:53,Universal Studios Florida,MEN IN BLACK™ Alien Attack!™,35,True
2026-08-09 19:57:53,Universal Studios Florida,MEN IN BLACK™ Alien Attack!™ Single Rider,0,True
2026-08-09 19:57:53,Universal Studios Florida,The Simpsons Ride™,35,True
2026-08-09 19:57:53,Epic Universe,Constellation Carousel,40,True
2026-08-09 19:57:53,Epic Universe,Stardust Racers,25,True
2026-08-09 19:57:53,Epic Universe,Curse of the Werewolf,30,True
2026-08-09 19:57:53,Epic Universe,Curse of the Werewolf Single Rider,0,True
2026-08-09 19:57:53,Epic Universe,Monsters Unchained: The Frankenstein Experiment,0,False
2026-08-09 19:57:53,Epic Universe,Dragon Racer's Rally,20,True
2026-08-09 19:57:53,Epic Universe,Fyre Drill,0,False
2026-08-09 19:57:53,Epic Universe,Hiccup's Wing Gliders,35,True
2026-08-09 19:57:53,Epic Universe,Meet Toothless and Friends,70,True
2026-08-09 19:57:53,Epic Universe,Bowser Jr. Challenge,10,True
2026-08-09 19:57:53,Epic Universe,Mario Kart™: Bowser's Challenge,80,True
2026-08-09 19:57:53,Epic Universe,Mario Kart™: Bowser's Challenge Single Rider,0,True
2026-08-09 19:57:53,Epic Universe,Mine-Cart Madness™,80,True
2026-08-09 19:57:53,Epic Universe,Mine-Cart Madness™ Single Rider,0,True
2026-08-09 19:57:53,Epic Universe,Yoshi's Adventure™,35,True
2026-08-09 19:57:53,Epic Universe,Harry Potter and the Battle at the Ministry™,135,True
2026-08-09 19:57:53,Epic Universe,Harry Potter and the Battle at the Ministry™ Single Rider,0,True
2026-08-09 20:43:04,Islands of Adventure,Camp Jurassic™,0,False
2026-08-09 20:43:04,Islands of Adventure,Jurassic Park Discovery Center,0,False
2026-08-09 20:43:04,Islands of Adventure,Jurassic Park River Adventure,0,False
2026-08-09 20:43:04,Islands of Adventure,Jurassic World VelociCoaster,45,True
2026-08-09 20:43:04,Islands of Adventure,Pteranodon Flyers,45,True
2026-08-09 20:43:04,Islands of Adventure,Skull Island: Reign of Kong™,5,True
2026-08-09 20:43:04,Islands of Adventure,Doctor Doom's Fearfall®,20,True
2026-08-09 20:43:04,Islands of Adventure,Doctor Doom's Fearfall® Single Rider,0,True
2026-08-09 20:43:04,Islands of Adventure,Storm Force Accelatron®,5,True
2026-08-09 20:43:04,Islands of Adventure,The Amazing Adventures of Spider-Man®,20,True
2026-08-09 20:43:04,Islands of Adventure,The Incredible Hulk Coaster®,30,True
2026-08-09 20:43:04,Islands of Adventure,The Incredible Hulk Coaster® Single Rider,0,True
2026-08-09 20:43:04,Islands of Adventure,Caro-Seuss-el™,10,True
2026-08-09 20:43:04,Islands of Adventure,If I Ran The Zoo™,0,False
2026-08-09 20:43:04,Islands of Adventure,"One Fish, Two Fish, Red Fish, Blue Fish™",20,True
2026-08-09 20:43:04,Islands of Adventure,The Cat in The Hat™,20,True
2026-08-09 20:43:04,Islands of Adventure,The High in the Sky Seuss Trolley Train Ride!™,10,True
2026-08-09 20:43:04,Islands of Adventure,Flight of the Hippogriff™,10,True
2026-08-09 20:43:04,Islands of Adventure,Hagrid's Magical Creatures Motorbike Adventure™,60,True
2026-08-09 20:43:04,Islands of Adventure,Harry Potter and the Forbidden Journey™,15,True
2026-08-09 20:43:04,Islands of Adventure,Harry Potter and the Forbidden Journey™ Single Rider,0,True
2026-08-09 20:43:04,Islands of Adventure,Hogwarts Express™ - Hogsmeade™ Station,15,True
2026-08-09 20:43:04,Islands of Adventure,Ollivanders™ Experience in Hogsmeade™,15,True
2026-08-09 20:43:04,Islands of Adventure,Dudley Do-Right's Ripsaw Falls®,10,True
2026-08-09 20:43:04,Islands of Adventure,"Me Ship, The Olive®",0,False
2026-08-09 20:43:04,Islands of Adventure,Popeye & Bluto's Bilge-Rat Barges®,10,True
2026-08-09 20:43:04,Universal Studios Florida,Trolls Trollercoaster,30,True
2026-08-09 20:43:04,Universal Studios Florida,E.T. Adventure™,0,False
2026-08-09 20:43:04,Universal Studios Florida,Despicable Me Minion Mayhem™,30,True
2026-08-09 20:43:04,Universal Studios Florida,Illumination's Villain-Con Minion Blast,5,True
2026-08-09 20:43:04,Universal Studios Florida,Race Through New York Starring Jimmy Fallon™,10,True
2026-08-09 20:43:04,Universal Studios Florida,Revenge of the Mummy™,30,True
2026-08-09 20:43:04,Universal Studios Florida,Revenge of the Mummy™ Single Rider,0,True
2026-08-09 20:43:04,Universal Studios Florida,TRANSFORMERS™ The Ride-3D,10,True
2026-08-09 20:43:04,Universal Studios Florida,Fast & Furious - Supercharged™,15,True
2026-08-09 20:43:04,Universal Studios Florida,Fast & Furious - Supercharged™ Single Rider,0,True
2026-08-09 20:43:04,Universal Studios Florida,Harry Potter and the Escape from Gringotts™,25,True
2026-08-09 20:43:04,Universal Studios Florida,Harry Potter and the Escape from Gringotts™ Single Rider,0,True
2026-08-09 20:43:04,Universal Studios Florida,Hogwarts Express™ - King's Cross Station,35,True
2026-08-09 20:43:04,Universal Studios Florida,Hogwarts™ Express - First Train,0,False
2026-08-09 20:43:04,Universal Studios Florida,Hogwarts™ Express - Last Train,0,False
2026-08-09 20:43:04,Universal Studios Florida,Ollivanders™ Experience in Diagon Alley™,5,True
2026-08-09 20:43:04,Universal Studios Florida,Kang & Kodos' Twirl 'n' Hurl,20,True
2026-08-09 20:43:04,Universal Studios Florida,MEN IN BLACK™ Alien Attack!™,35,True
2026-08-09 20:43:04,Universal Studios Florida,MEN IN BLACK™ Alien Attack!™ Single Rider,0,True
2026-08-09 20:43:04,Universal Studios Florida,The Simpsons Ride™,25,True
2026-08-09 20:43:04,Epic Universe,Constellation Carousel,5,True
2026-08-09 20:43:04,Epic Universe,Stardust Racers,25,True
2026-08-09 20:43:04,Epic Universe,Curse of the Werewolf,45,True
2026-08-09 20:43:04,Epic Universe,Curse of the Werewolf Single Rider,0,True
2026-08-09 20:43:04,Epic Universe,Monsters Unchained: The Frankenstein Experiment,45,True
2026-08-09 20:43:04,Epic Universe,Dragon Racer's Rally,40,True
2026-08-09 20:43:04,Epic Universe,Fyre Drill,25,True
2026-08-09 20:43:04,Epic Universe,Hiccup's Wing Gliders,45,True
2026-08-09 20:43:04,Epic Universe,Meet Toothless and Friends,30,True
2026-08-09 20:43:04,Epic Universe,Bowser Jr. Challenge,10,True
2026-08-09 20:43:04,Epic Universe,Mario Kart™: Bowser's Challenge,130,True
2026-08-09 20:43:04,Epic Universe,Mario Kart™: Bowser's Challenge Single Rider,0,True
2026-08-09 20:43:04,Epic Universe,Mine-Cart Madness™,150,True
2026-08-09 20:43:04,Epic Universe,Mine-Cart Madness™ Single Rider,0,True
2026-08-09 20:43:04,Epic Universe,Yoshi's Adventure™,30,True
2026-08-09 20:43:04,Epic Universe,Harry Potter and the Battle at the Ministry™,120,True
2026-08-09 20:43:04,Epic Universe,Harry Potter and the Battle at the Ministry™ Single Rider,0,True
2026-08-09 21:15:04,Islands of Adventure,Camp Jurassic™,0,False
2026-08-09 21:15:04,Islands of Adventure,Jurassic Park Discovery Center,0,False
2026-08-09 21:15:04,Islands of Adventure,Jurassic Park River Adventure,0,False
2026-08-09 21:15:04,Islands of Adventure,Jurassic World VelociCoaster,0,False
2026-08-09 21:15:04,Islands of Adventure,Pteranodon Flyers,45,True
2026-08-09 21:15:04,Islands of Adventure,Skull Island: Reign of Kong™,5,True
2026-08-09 21:15:04,Islands of Adventure,Doctor Doom's Fearfall®,10,True
2026-08-09 21:15:04,Islands of Adventure,Doctor Doom's Fearfall® Single Rider,0,True
2026-08-09 21:15:04,Islands of Adventure,Storm Force Accelatron®,5,True
2026-08-09 21:15:04,Islands of Adventure,The Amazing Adventures of Spider-Man®,25,True
2026-08-09 21:15:04,Islands of Adventure,The Incredible Hulk Coaster®,35,True
2026-08-09 21:15:04,Islands of Adventure,The Incredible Hulk Coaster® Single Rider,0,True
2026-08-09 21:15:04,Islands of Adventure,Caro-Seuss-el™,10,True
2026-08-09 21:15:04,Islands of Adventure,If I Ran The Zoo™,0,False
2026-08-09 21:15:04,Islands of Adventure,"One Fish, Two Fish, Red Fish, Blue Fish™",20,True
2026-08-09 21:15:04,Islands of Adventure,The Cat in The Hat™,20,True
2026-08-09 21:15:04,Islands of Adventure,The High in the Sky Seuss Trolley Train Ride!™,5,True
2026-08-09 21:15:04,Islands of Adventure,Flight of the Hippogriff™,25,True
2026-08-09 21:15:04,Islands of Adventure,Hagrid's Magical Creatures Motorbike Adventure™,60,True
2026-08-09 21:15:04,Islands of Adventure,Harry Potter and the Forbidden Journey™,15,True
2026-08-09 21:15:04,Islands of Adventure,Harry Potter and the Forbidden Journey™ Single Rider,0,True
2026-08-09 21:15:04,Islands of Adventure,Hogwarts Express™ - Hogsmeade™ Station,15,True
2026-08-09 21:15:04,Islands of Adventure,Ollivanders™ Experience in Hogsmeade™,15,True
2026-08-09 21:15:04,Islands of Adventure,Dudley Do-Right's Ripsaw Falls®,30,True
2026-08-09 21:15:04,Islands of Adventure,"Me Ship, The Olive®",0,False
2026-08-09 21:15:04,Islands of Adventure,Popeye & Bluto's Bilge-Rat Barges®,10,True
2026-08-09 21:15:04,Universal Studios Florida,Trolls Trollercoaster,10,True
2026-08-09 21:15:04,Universal Studios Florida,E.T. Adventure™,15,True
2026-08-09 21:15:04,Universal Studios Florida,Despicable Me Minion Mayhem™,25,True
2026-08-09 21:15:04,Universal Studios Florida,Illumination's Villain-Con Minion Blast,5,True
2026-08-09 21:15:04,Universal Studios Florida,Race Through New York Starring Jimmy Fallon™,10,True
2026-08-09 21:15:04,Universal Studios Florida,Revenge of the Mummy™,25,True
2026-08-09 21:15:04,Universal Studios Florida,Revenge of the Mummy™ Single Rider,0,True
2026-08-09 21:15:04,Universal Studios Florida,TRANSFORMERS™ The Ride-3D,5,True
2026-08-09 21:15:04,Universal Studios Florida,Fast & Furious - Supercharged™,15,True
2026-08-09 21:15:04,Universal Studios Florida,Fast & Furious - Supercharged™ Single Rider,0,True
2026-08-09 21:15:04,Universal Studios Florida,Harry Potter and the Escape from Gringotts™,35,True
2026-08-09 21:15:04,Universal Studios Florida,Harry Potter and the Escape from Gringotts™ Single Rider,0,True
2026-08-09 21:15:04,Universal Studios Florida,Hogwarts Express™ - King's Cross Station,35,True
2026-08-09 21:15:04,Universal Studios Florida,Hogwarts™ Express - First Train,0,False
2026-08-09 21:15:04,Universal Studios Florida,Hogwarts™ Express - Last Train,0,False
2026-08-09 21:15:04,Universal Studios Florida,Ollivanders™ Experience in Diagon Alley™,5,True
2026-08-09 21:15:04,Universal Studios Florida,Kang & Kodos' Twirl 'n' Hurl,5,True
2026-08-09 21:15:04,Universal Studios Florida,MEN IN BLACK™ Alien Attack!™,35,True
2026-08-09 21:15:04,Universal Studios Florida,MEN IN BLACK™ Alien Attack!™ Single Rider,0,True
2026-08-09 21:15:04,Universal Studios Florida,The Simpsons Ride™,25,True
2026-08-09 21:15:04,Epic Universe,Constellation Carousel,10,True
2026-08-09 21:15:04,Epic Universe,Stardust Racers,30,True
2026-08-09 21:15:04,Epic Universe,Curse of the Werewolf,45,True
2026-08-09 21:15:04,Epic Universe,Curse of the Werewolf Single Rider,0,True
2026-08-09 21:15:04,Epic Universe,Monsters Unchained: The Frankenstein Experiment,45,True
2026-08-09 21:15:04,Epic Universe,Dragon Racer's Rally,40,True
2026-08-09 21:15:04,Epic Universe,Fyre Drill,45,True
2026-08-09 21:15:04,Epic Universe,Hiccup's Wing Gliders,60,True
2026-08-09 21:15:04,Epic Universe,Meet Toothless and Friends,30,True
2026-08-09 21:15:04,Epic Universe,Bowser Jr. Challenge,10,True
2026-08-09 21:15:04,Epic Universe,Mario Kart™: Bowser's Challenge,65,True
2026-08-09 21:15:04,Epic Universe,Mario Kart™: Bowser's Challenge Single Rider,0,True
2026-08-09 21:15:04,Epic Universe,Mine-Cart Madness™,150,True
2026-08-09 21:15:04,Epic Universe,Mine-Cart Madness™ Single Rider,0,True
2026-08-09 21:15:04,Epic Universe,Yoshi's Adventure™,30,True
2026-08-09 21:15:04,Epic Universe,Harry Potter and the Battle at the Ministry™,105,True
2026-08-09 21:15:04,Epic Universe,Harry Potter and the Battle at the Ministry™ Single Rider,0,True
2026-08-09 21:51:24,Islands of Adventure,Camp Jurassic™,0,False
2026-08-09 21:51:24,Islands of Adventure,Jurassic Park Discovery Center,0,False
2026-08-09 21:51:24,Islands of Adventure,Jurassic Park River Adventure,0,False
2026-08-09 21:51:24,Islands of Adventure,Jurassic World VelociCoaster,45,True
2026-08-09 21:51:24,Islands of Adventure,Pteranodon Flyers,35,True
2026-08-09 21:51:24,Islands of Adventure,Skull Island: Reign of Kong™,5,True
2026-08-09 21:51:24,Islands of Adventure,Doctor Doom's Fearfall®,15,True
2026-08-09 21:51:24,Islands of Adventure,Doctor Doom's Fearfall® Single Rider,0,True
2026-08-09 21:51:24,Islands of Adventure,Storm Force Accelatron®,5,True
2026-08-09 21:51:24,Islands of Adventure,The Amazing Adventures of Spider-Man®,30,True
2026-08-09 21:51:24,Islands of Adventure,The Incredible Hulk Coaster®,50,True
2026-08-09 21:51:24,Islands of Adventure,The Incredible Hulk Coaster® Single Rider,0,True
2026-08-09 21:51:24,Islands of Adventure,Caro-Seuss-el™,10,True
2026-08-09 21:51:24,Islands of Adventure,If I Ran The Zoo™,0,False
2026-08-09 21:51:24,Islands of Adventure,"One Fish, Two Fish, Red Fish, Blue Fish™",20,True
2026-08-09 21:51:24,Islands of Adventure,The Cat in The Hat™,20,True
2026-08-09 21:51:24,Islands of Adventure,The High in the Sky Seuss Trolley Train Ride!™,5,True
2026-08-09 21:51:24,Islands of Adventure,Flight of the Hippogriff™,35,True
2026-08-09 21:51:24,Islands of Adventure,Hagrid's Magical Creatures Motorbike Adventure™,60,True
2026-08-09 21:51:24,Islands of Adventure,Harry Potter and the Forbidden Journey™,25,True
2026-08-09 21:51:24,Islands of Adventure,Harry Potter and the Forbidden Journey™ Single Rider,0,True
2026-08-09 21:51:24,Islands of Adventure,Hogwarts Express™ - Hogsmeade™ Station,15,True
2026-08-09 21:51:24,Islands of Adventure,Ollivanders™ Experience in Hogsmeade™,15,True
2026-08-09 21:51:24,Islands of Adventure,Dudley Do-Right's Ripsaw Falls®,50,True
2026-08-09 21:51:24,Islands of Adventure,"Me Ship, The Olive®",0,False
2026-08-09 21:51:24,Islands of Adventure,Popeye & Bluto's Bilge-Rat Barges®,10,True
2026-08-09 21:51:24,Universal Studios Florida,Trolls Trollercoaster,30,True
2026-08-09 21:51:24,Universal Studios Florida,E.T. Adventure™,30,True
2026-08-09 21:51:24,Universal Studios Florida,Despicable Me Minion Mayhem™,25,True
2026-08-09 21:51:24,Universal Studios Florida,Illumination's Villain-Con Minion Blast,5,True
2026-08-09 21:51:24,Universal Studios Florida,Race Through New York Starring Jimmy Fallon™,10,True
2026-08-09 21:51:24,Universal Studios Florida,Revenge of the Mummy™,15,True
2026-08-09 21:51:24,Universal Studios Florida,Revenge of the Mummy™ Single Rider,0,True
2026-08-09 21:51:24,Universal Studios Florida,TRANSFORMERS™ The Ride-3D,5,True
2026-08-09 21:51:24,Universal Studios Florida,Fast & Furious - Supercharged™,15,True
2026-08-09 21:51:24,Universal Studios Florida,Fast & Furious - Supercharged™ Single Rider,0,True
2026-08-09 21:51:24,Universal Studios Florida,Harry Potter and the Escape from Gringotts™,45,True
2026-08-09 21:51:24,Universal Studios Florida,Harry Potter and the Escape from Gringotts™ Single Rider,0,True
2026-08-09 21:51:24,Universal Studios Florida,Hogwarts Express™ - King's Cross Station,15,True
2026-08-09 21:51:24,Universal Studios Florida,Hogwarts™ Express - First Train,0,False
2026-08-09 21:51:24,Universal Studios Florida,Hogwarts™ Express - Last Train,0,False
2026-08-09 21:51:24,Universal Studios Florida,Ollivanders™ Experience in Diagon Alley™,5,True
2026-08-09 21:51:24,Universal Studios Florida,Kang & Kodos' Twirl 'n' Hurl,15,True
2026-08-09 21:51:24,Universal Studios Florida,MEN IN BLACK™ Alien Attack!™,35,True
2026-08-09 21:51:24,Universal Studios Florida,MEN IN BLACK™ Alien Attack!™ Single Rider,0,True
2026-08-09 21:51:24,Universal Studios Florida,The Simpsons Ride™,15,True
2026-08-09 21:51:24,Epic Universe,Constellation Carousel,35,True
2026-08-09 21:51:24,Epic Universe,Stardust Racers,35,True
2026-08-09 21:51:24,Epic Universe,Curse of the Werewolf,55,True
2026-08-09 21:51:24,Epic Universe,Curse of the Werewolf Single Rider,0,True
2026-08-09 21:51:24,Epic Universe,Monsters Unchained: The Frankenstein Experiment,45,True
2026-08-09 21:51:24,Epic Universe,Dragon Racer's Rally,40,True
2026-08-09 21:51:24,Epic Universe,Fyre Drill,45,True
2026-08-09 21:51:24,Epic Universe,Hiccup's Wing Gliders,125,True
2026-08-09 21:51:24,Epic Universe,Meet Toothless and Friends,70,True
2026-08-09 21:51:24,Epic Universe,Bowser Jr. Challenge,10,True
2026-08-09 21:51:24,Epic Universe,Mario Kart™: Bowser's Challenge,70,True
2026-08-09 21:51:24,Epic Universe,Mario Kart™: Bowser's Challenge Single Rider,0,True
2026-08-09 21:51:24,Epic Universe,Mine-Cart Madness™,120,True
2026-08-09 21:51:24,Epic Universe,Mine-Cart Madness™ Single Rider,0,True
2026-08-09 21:51:24,Epic Universe,Yoshi's Adventure™,30,True
2026-08-09 21:51:24,Epic Universe,Harry Potter and the Battle at the Ministry™,95,True
2026-08-09 21:51:24,Epic Universe,Harry Potter and the Battle at the Ministry™ Single Rider,0,True
2026-08-09 22:32:12,Islands of Adventure,Camp Jurassic™,0,False
2026-08-09 22:32:12,Islands of Adventure,Jurassic Park Discovery Center,0,False
2026-08-09 22:32:12,Islands of Adventure,Jurassic Park River Adventure,0,False
2026-08-09 22:32:12,Islands of Adventure,Jurassic World VelociCoaster,70,True
2026-08-09 22:32:12,Islands of Adventure,Pteranodon Flyers,25,True
2026-08-09 22:32:12,Islands of Adventure,Skull Island: Reign of Kong™,0,False
2026-08-09 22:32:12,Islands of Adventure,Doctor Doom's Fearfall®,5,True
2026-08-09 22:32:12,Islands of Adventure,Doctor Doom's Fearfall® Single Rider,0,True
2026-08-09 22:32:12,Islands of Adventure,Storm Force Accelatron®,5,True
2026-08-09 22:32:12,Islands of Adventure,The Amazing Adventures of Spider-Man®,30,True
2026-08-09 22:32:12,Islands of Adventure,The Incredible Hulk Coaster®,30,True
2026-08-09 22:32:12,Islands of Adventure,The Incredible Hulk Coaster® Single Rider,0,True
2026-08-09 22:32:12,Islands of Adventure,Caro-Seuss-el™,10,True
2026-08-09 22:32:12,Islands of Adventure,If I Ran The Zoo™,0,False
2026-08-09 22:32:12,Islands of Adventure,"One Fish, Two Fish, Red Fish, Blue Fish™",15,True
2026-08-09 22:32:12,Islands of Adventure,The Cat in The Hat™,20,True
2026-08-09 22:32:12,Islands of Adventure,The High in the Sky Seuss Trolley Train Ride!™,5,True
2026-08-09 22:32:12,Islands of Adventure,Flight of the Hippogriff™,5,True
2026-08-09 22:32:12,Islands of Adventure,Hagrid's Magical Creatures Motorbike Adventure™,60,True
2026-08-09 22:32:12,Islands of Adventure,Harry Potter and the Forbidden Journey™,25,True
2026-08-09 22:32:12,Islands of Adventure,Harry Potter and the Forbidden Journey™ Single Rider,0,True
2026-08-09 22:32:12,Islands of Adventure,Hogwarts Express™ - Hogsmeade™ Station,10,True
2026-08-09 22:32:12,Islands of Adventure,Ollivanders™ Experience in Hogsmeade™,15,True
2026-08-09 22:32:12,Islands of Adventure,Dudley Do-Right's Ripsaw Falls®,15,True
2026-08-09 22:32:12,Islands of Adventure,"Me Ship, The Olive®",0,False
2026-08-09 22:32:12,Islands of Adventure,Popeye & Bluto's Bilge-Rat Barges®,10,True
2026-08-09 22:32:12,Universal Studios Florida,Trolls Trollercoaster,20,True
2026-08-09 22:32:12,Universal Studios Florida,E.T. Adventure™,30,True
2026-08-09 22:32:12,Universal Studios Florida,Despicable Me Minion Mayhem™,35,True
2026-08-09 22:32:12,Universal Studios Florida,Illumination's Villain-Con Minion Blast,5,True
2026-08-09 22:32:12,Universal Studios Florida,Race Through New York Starring Jimmy Fallon™,25,True
2026-08-09 22:32:12,Universal Studios Florida,Revenge of the Mummy™,25,True
2026-08-09 22:32:12,Universal Studios Florida,Revenge of the Mummy™ Single Rider,0,True
2026-08-09 22:32:12,Universal Studios Florida,TRANSFORMERS™ The Ride-3D,5,True
2026-08-09 22:32:12,Universal Studios Florida,Fast & Furious - Supercharged™,0,False
2026-08-09 22:32:12,Universal Studios Florida,Fast & Furious - Supercharged™ Single Rider,0,True
2026-08-09 22:32:12,Universal Studios Florida,Harry Potter and the Escape from Gringotts™,35,True
2026-08-09 22:32:12,Universal Studios Florida,Harry Potter and the Escape from Gringotts™ Single Rider,0,True
2026-08-09 22:32:12,Universal Studios Florida,Hogwarts Express™ - King's Cross Station,30,True
2026-08-09 22:32:12,Universal Studios Florida,Hogwarts™ Express - First Train,0,False
2026-08-09 22:32:12,Universal Studios Florida,Hogwarts™ Express - Last Train,0,False
2026-08-09 22:32:12,Universal Studios Florida,Ollivanders™ Experience in Diagon Alley™,5,True
2026-08-09 22:32:12,Universal Studios Florida,Kang & Kodos' Twirl 'n' Hurl,15,True
2026-08-09 22:32:12,Universal Studios Florida,MEN IN BLACK™ Alien Attack!™,15,True
2026-08-09 22:32:12,Universal Studios Florida,MEN IN BLACK™ Alien Attack!™ Single Rider,0,True
2026-08-09 22:32:12,Universal Studios Florida,The Simpsons Ride™,15,True
2026-08-09 22:32:12,Epic Universe,Constellation Carousel,20,True
2026-08-09 22:32:12,Epic Universe,Stardust Racers,35,True
2026-08-09 22:32:12,Epic Universe,Curse of the Werewolf,45,True
2026-08-09 22:32:12,Epic Universe,Curse of the Werewolf Single Rider,0,True
2026-08-09 22:32:12,Epic Universe,Monsters Unchained: The Frankenstein Experiment,20,True
2026-08-09 22:32:12,Epic Universe,Dragon Racer's Rally,25,True
2026-08-09 22:32:12,Epic Universe,Fyre Drill,10,True
2026-08-09 22:32:12,Epic Universe,Hiccup's Wing Gliders,40,True
2026-08-09 22:32:12,Epic Universe,Meet Toothless and Friends,45,True
2026-08-09 22:32:12,Epic Universe,Bowser Jr. Challenge,10,True
2026-08-09 22:32:12,Epic Universe,Mario Kart™: Bowser's Challenge,0,False
2026-08-09 22:32:12,Epic Universe,Mario Kart™: Bowser's Challenge Single Rider,0,True
2026-08-09 22:32:12,Epic Universe,Mine-Cart Madness™,75,True
2026-08-09 22:32:12,Epic Universe,Mine-Cart Madness™ Single Rider,0,True
2026-08-09 22:32:12,Epic Universe,Yoshi's Adventure™,40,True
2026-08-09 22:32:12,Epic Universe,Harry Potter and the Battle at the Ministry™,80,True
2026-08-09 22:32:12,Epic Universe,Harry Potter and the Battle at the Ministry™ Single Rider,0,True
2026-08-09 23:05:15,Islands of Adventure,Camp Jurassic™,0,False
2026-08-09 23:05:15,Islands of Adventure,Jurassic Park Discovery Center,0,False
2026-08-09 23:05:15,Islands of Adventure,Jurassic Park River Adventure,0,False
2026-08-09 23:05:15,Islands of Adventure,Jurassic World VelociCoaster,0,False
2026-08-09 23:05:15,Islands of Adventure,Pteranodon Flyers,25,True
2026-08-09 23:05:15,Islands of Adventure,Skull Island: Reign of Kong™,0,False
2026-08-09 23:05:15,Islands of Adventure,Doctor Doom's Fearfall®,5,True
2026-08-09 23:05:15,Islands of Adventure,Doctor Doom's Fearfall® Single Rider,0,True
2026-08-09 23:05:15,Islands of Adventure,Storm Force Accelatron®,5,True
2026-08-09 23:05:15,Islands of Adventure,The Amazing Adventures of Spider-Man®,35,True
2026-08-09 23:05:15,Islands of Adventure,The Incredible Hulk Coaster®,15,True
2026-08-09 23:05:15,Islands of Adventure,The Incredible Hulk Coaster® Single Rider,0,True
2026-08-09 23:05:15,Islands of Adventure,Caro-Seuss-el™,10,True
2026-08-09 23:05:15,Islands of Adventure,If I Ran The Zoo™,0,False
2026-08-09 23:05:15,Islands of Adventure,"One Fish, Two Fish, Red Fish, Blue Fish™",15,True
2026-08-09 23:05:15,Islands of Adventure,The Cat in The Hat™,20,True
2026-08-09 23:05:15,Islands of Adventure,The High in the Sky Seuss Trolley Train Ride!™,5,True
2026-08-09 23:05:15,Islands of Adventure,Flight of the Hippogriff™,25,True
2026-08-09 23:05:15,Islands of Adventure,Hagrid's Magical Creatures Motorbike Adventure™,60,True
2026-08-09 23:05:15,Islands of Adventure,Harry Potter and the Forbidden Journey™,25,True
2026-08-09 23:05:15,Islands of Adventure,Harry Potter and the Forbidden Journey™ Single Rider,0,True
2026-08-09 23:05:15,Islands of Adventure,Hogwarts Express™ - Hogsmeade™ Station,10,True
2026-08-09 23:05:15,Islands of Adventure,Ollivanders™ Experience in Hogsmeade™,15,True
2026-08-09 23:05:15,Islands of Adventure,Dudley Do-Right's Ripsaw Falls®,15,True
2026-08-09 23:05:15,Islands of Adventure,"Me Ship, The Olive®",0,False
2026-08-09 23:05:15,Islands of Adventure,Popeye & Bluto's Bilge-Rat Barges®,10,True
2026-08-09 23:05:15,Universal Studios Florida,Trolls Trollercoaster,0,False
2026-08-09 23:05:15,Universal Studios Florida,E.T. Adventure™,25,True
2026-08-09 23:05:15,Universal Studios Florida,Despicable Me Minion Mayhem™,25,True
2026-08-09 23:05:15,Universal Studios Florida,Illumination's Villain-Con Minion Blast,5,True
2026-08-09 23:05:15,Universal Studios Florida,Race Through New York Starring Jimmy Fallon™,25,True
2026-08-09 23:05:15,Universal Studios Florida,Revenge of the Mummy™,25,True
2026-08-09 23:05:15,Universal Studios Florida,Revenge of the Mummy™ Single Rider,0,True
2026-08-09 23:05:15,Universal Studios Florida,TRANSFORMERS™ The Ride-3D,5,True
2026-08-09 23:05:15,Universal Studios Florida,Fast & Furious - Supercharged™,0,False
2026-08-09 23:05:15,Universal Studios Florida,Fast & Furious - Supercharged™ Single Rider,0,True
2026-08-09 23:05:15,Universal Studios Florida,Harry Potter and the Escape from Gringotts™,25,True
2026-08-09 23:05:15,Universal Studios Florida,Harry Potter and the Escape from Gringotts™ Single Rider,0,True
2026-08-09 23:05:15,Universal Studios Florida,Hogwarts Express™ - King's Cross Station,30,True
2026-08-09 23:05:15,Universal Studios Florida,Hogwarts™ Express - First Train,0,False
2026-08-09 23:05:15,Universal Studios Florida,Hogwarts™ Express - Last Train,0,False
2026-08-09 23:05:15,Universal Studios Florida,Ollivanders™ Experience in Diagon Alley™,5,True
2026-08-09 23:05:15,Universal Studios Florida,Kang & Kodos' Twirl 'n' Hurl,5,True
2026-08-09 23:05:15,Universal Studios Florida,MEN IN BLACK™ Alien Attack!™,15,True
2026-08-09 23:05:15,Universal Studios Florida,MEN IN BLACK™ Alien Attack!™ Single Rider,0,True
2026-08-09 23:05:15,Universal Studios Florida,The Simpsons Ride™,15,True
2026-08-09 23:05:15,Epic Universe,Constellation Carousel,20,True
2026-08-09 23:05:15,Epic Universe,Stardust Racers,35,True
2026-08-09 23:05:15,Epic Universe,Curse of the Werewolf,55,True
2026-08-09 23:05:15,Epic Universe,Curse of the Werewolf Single Rider,0,True
2026-08-09 23:05:15,Epic Universe,Monsters Unchained: The Frankenstein Experiment,15,True
2026-08-09 23:05:15,Epic Universe,Dragon Racer's Rally,25,True
2026-08-09 23:05:15,Epic Universe,Fyre Drill,15,True
2026-08-09 23:05:15,Epic Universe,Hiccup's Wing Gliders,25,True
2026-08-09 23:05:15,Epic Universe,Meet Toothless and Friends,75,True
2026-08-09 23:05:15,Epic Universe,Bowser Jr. Challenge,15,True
2026-08-09 23:05:15,Epic Universe,Mario Kart™: Bowser's Challenge,70,True
2026-08-09 23:05:15,Epic Universe,Mario Kart™: Bowser's Challenge Single Rider,0,True
2026-08-09 23:05:15,Epic Universe,Mine-Cart Madness™,0,False
2026-08-09 23:05:15,Epic Universe,Mine-Cart Madness™ Single Rider,0,True
2026-08-09 23:05:15,Epic Universe,Yoshi's Adventure™,25,True
2026-08-09 23:05:15,Epic Universe,Harry Potter and the Battle at the Ministry™,80,True
2026-08-09 23:05:15,Epic Universe,Harry Potter and the Battle at the Ministry™ Single Rider,0,True
2026-08-09 23:47:07,Islands of Adventure,Camp Jurassic™,0,False
2026-08-09 23:47:07,Islands of Adventure,Jurassic Park Discovery Center,0,False
2026-08-09 23:47:07,Islands of Adventure,Jurassic Park River Adventure,0,False
2026-08-09 23:47:07,Islands of Adventure,Jurassic World VelociCoaster,45,True
2026-08-09 23:47:07,Islands of Adventure,Pteranodon Flyers,35,True
2026-08-09 23:47:07,Islands of Adventure,Skull Island: Reign of Kong™,0,False
2026-08-09 23:47:07,Islands of Adventure,Doctor Doom's Fearfall®,5,True
2026-08-09 23:47:07,Islands of Adventure,Doctor Doom's Fearfall® Single Rider,0,True
2026-08-09 23:47:07,Islands of Adventure,Storm Force Accelatron®,5,True
2026-08-09 23:47:07,Islands of Adventure,The Amazing Adventures of Spider-Man®,15,True
2026-08-09 23:47:07,Islands of Adventure,The Incredible Hulk Coaster®,25,True
2026-08-09 23:47:07,Islands of Adventure,The Incredible Hulk Coaster® Single Rider,0,True
2026-08-09 23:47:07,Islands of Adventure,Caro-Seuss-el™,10,True
2026-08-09 23:47:07,Islands of Adventure,If I Ran The Zoo™,0,False
2026-08-09 23:47:07,Islands of Adventure,"One Fish, Two Fish, Red Fish, Blue Fish™",15,True
2026-08-09 23:47:07,Islands of Adventure,The Cat in The Hat™,20,True
2026-08-09 23:47:07,Islands of Adventure,The High in the Sky Seuss Trolley Train Ride!™,5,True
2026-08-09 23:47:07,Islands of Adventure,Flight of the Hippogriff™,5,True
2026-08-09 23:47:07,Islands of Adventure,Hagrid's Magical Creatures Motorbike Adventure™,60,True
2026-08-09 23:47:07,Islands of Adventure,Harry Potter and the Forbidden Journey™,10,True
2026-08-09 23:47:07,Islands of Adventure,Harry Potter and the Forbidden Journey™ Single Rider,0,True
2026-08-09 23:47:07,Islands of Adventure,Hogwarts Express™ - Hogsmeade™ Station,10,True
2026-08-09 23:47:07,Islands of Adventure,Ollivanders™ Experience in Hogsmeade™,15,True
2026-08-09 23:47:07,Islands of Adventure,Dudley Do-Right's Ripsaw Falls®,15,True
2026-08-09 23:47:07,Islands of Adventure,"Me Ship, The Olive®",0,False
2026-08-09 23:47:07,Islands of Adventure,Popeye & Bluto's Bilge-Rat Barges®,5,True
2026-08-09 23:47:07,Universal Studios Florida,Trolls Trollercoaster,5,True
2026-08-09 23:47:07,Universal Studios Florida,E.T. Adventure™,25,True
2026-08-09 23:47:07,Universal Studios Florida,Despicable Me Minion Mayhem™,20,True
2026-08-09 23:47:07,Universal Studios Florida,Illumination's Villain-Con Minion Blast,5,True
2026-08-09 23:47:07,Universal Studios Florida,Race Through New York Starring Jimmy Fallon™,15,True
2026-08-09 23:47:07,Universal Studios Florida,Revenge of the Mummy™,25,True
2026-08-09 23:47:07,Universal Studios Florida,Revenge of the Mummy™ Single Rider,0,True
2026-08-09 23:47:07,Universal Studios Florida,TRANSFORMERS™ The Ride-3D,0,False
2026-08-09 23:47:07,Universal Studios Florida,Fast & Furious - Supercharged™,0,False
2026-08-09 23:47:07,Universal Studios Florida,Fast & Furious - Supercharged™ Single Rider,0,True
2026-08-09 23:47:07,Universal Studios Florida,Harry Potter and the Escape from Gringotts™,20,True
2026-08-09 23:47:07,Universal Studios Florida,Harry Potter and the Escape from Gringotts™ Single Rider,0,True
2026-08-09 23:47:07,Universal Studios Florida,Hogwarts Express™ - King's Cross Station,30,True
2026-08-09 23:47:07,Universal Studios Florida,Hogwarts™ Express - First Train,0,False
2026-08-09 23:47:07,Universal Studios Florida,Hogwarts™ Express - Last Train,0,False
2026-08-09 23:47:07,Universal Studios Florida,Ollivanders™ Experience in Diagon Alley™,5,True
2026-08-09 23:47:07,Universal Studios Florida,Kang & Kodos' Twirl 'n' Hurl,0,False
2026-08-09 23:47:07,Universal Studios Florida,MEN IN BLACK™ Alien Attack!™,15,True
2026-08-09 23:47:07,Universal Studios Florida,MEN IN BLACK™ Alien Attack!™ Single Rider,0,True
2026-08-09 23:47:07,Universal Studios Florida,The Simpsons Ride™,15,True
2026-08-09 23:47:07,Epic Universe,Constellation Carousel,20,True
2026-08-09 23:47:07,Epic Universe,Stardust Racers,30,True
2026-08-09 23:47:07,Epic Universe,Curse of the Werewolf,40,True
2026-08-09 23:47:07,Epic Universe,Curse of the Werewolf Single Rider,0,True
2026-08-09 23:47:07,Epic Universe,Monsters Unchained: The Frankenstein Experiment,15,True
2026-08-09 23:47:07,Epic Universe,Dragon Racer's Rally,45,True
2026-08-09 23:47:07,Epic Universe,Fyre Drill,10,True
2026-08-09 23:47:07,Epic Universe,Hiccup's Wing Gliders,30,True
2026-08-09 23:47:07,Epic Universe,Meet Toothless and Friends,45,True
2026-08-09 23:47:07,Epic Universe,Bowser Jr. Challenge,15,True
2026-08-09 23:47:07,Epic Universe,Mario Kart™: Bowser's Challenge,70,True
2026-08-09 23:47:07,Epic Universe,Mario Kart™: Bowser's Challenge Single Rider,0,True
2026-08-09 23:47:07,Epic Universe,Mine-Cart Madness™,0,False
2026-08-09 23:47:07,Epic Universe,Mine-Cart Madness™ Single Rider,0,True
2026-08-09 23:47:07,Epic Universe,Yoshi's Adventure™,25,True
2026-08-09 23:47:07,Epic Universe,Harry Potter and the Battle at the Ministry™,65,True
2026-08-09 23:47:07,Epic Universe,Harry Potter and the Battle at the Ministry™ Single Rider,0,True
