timestamp,park,ride,wait_time,is_open
2026-08-16 01:52:12,Islands of Adventure,Camp Jurassic™,0,False
2026-08-16 01:52:12,Islands of Adventure,Jurassic Park Discovery Center,0,False
2026-08-16 01:52:12,Islands of Adventure,Jurassic Park River Adventure,0,False
2026-08-16 01:52:12,Islands of Adventure,Jurassic World VelociCoaster,0,False
2026-08-16 01:52:12,Islands of Adventure,Pteranodon Flyers,0,False
2026-08-16 01:52:12,Islands of Adventure,Skull Island: Reign of Kong,0,False
2026-08-16 01:52:12,Islands of Adventure,Doctor Doom's Fearfall®,0,False
2026-08-16 01:52:12,Islands of Adventure,Doctor Doom's Fearfall® Single Rider,0,True
2026-08-16 01:52:12,Islands of Adventure,Storm Force Accelatron®,0,False
2026-08-16 01:52:12,Islands of Adventure,The Amazing Adventures of Spider-Man®,0,False
2026-08-16 01:52:12,Islands of Adventure,The Incredible Hulk Coaster®,0,False
2026-08-16 01:52:12,Islands of Adventure,The Incredible Hulk Coaster® Single Rider,0,True
2026-08-16 01:52:12,Islands of Adventure,Caro-Seuss-el™,0,False
2026-08-16 01:52:12,Islands of Adventure,If I Ran The Zoo™,0,False
2026-08-16 01:52:12,Islands of Adventure,"One Fish, Two Fish, Red Fish, Blue Fish™",0,False
2026-08-16 01:52:12,Islands of Adventure,The Cat in The Hat™,0,False
2026-08-16 01:52:12,Islands of Adventure,The High in the Sky Seuss Trolley Train Ride!™,0,False
2026-08-16 01:52:12,Islands of Adventure,Flight of the Hippogriff™,0,False
2026-08-16 01:52:12,Islands of Adventure,Hagrid's Magical Creatures Motorbike Adventure™,0,False
2026-08-16 01:52:12,Islands of Adventure,Hagrid's Magical Creatures Motorbike Adventure™ Single Rider,0,False
2026-08-16 01:52:12,Islands of Adventure,Harry Potter and the Forbidden Journey™,0,False
2026-08-16 01:52:12,Islands of Adventure,Harry Potter and the Forbidden Journey™ Single Rider,0,True
2026-08-16 01:52:12,Islands of Adventure,Hogwarts Express™ - Hogsmeade™ Station,0,False
2026-08-16 01:52:12,Islands of Adventure,Ollivanders™ Experience in Hogsmeade™,10,True
2026-08-16 01:52:12,Islands of Adventure,Dudley Do-Right's Ripsaw Falls®,0,False
2026-08-16 01:52:12,Islands of Adventure,"Me Ship, The Olive®",0,False
2026-08-16 01:52:12,Islands of Adventure,Popeye & Bluto's Bilge-Rat Barges®,0,False
2026-08-16 01:52:12,Universal Studios Florida,Trolls Trollercoaster,5,True
2026-08-16 01:52:12,Universal Studios Florida,E.T. Adventure,20,True
2026-08-16 01:52:12,Universal Studios Florida,Despicable Me Minion Mayhem™,5,True
2026-08-16 01:52:12,Universal Studios Florida,Illumination's Villain-Con Minion Blast,5,True
2026-08-16 01:52:12,Universal Studios Florida,Race Through New York Starring Jimmy Fallon™,10,True
2026-08-16 01:52:12,Universal Studios Florida,Revenge of the Mummy™,15,True
2026-08-16 01:52:12,Universal Studios Florida,Revenge of the Mummy™ Single Rider,0,True
2026-08-16 01:52:12,Universal Studios Florida,TRANSFORMERS™ The Ride-3D,10,True
2026-08-16 01:52:12,Universal Studios Florida,Fast & Furious - Supercharged™,10,True
2026-08-16 01:52:12,Universal Studios Florida,Fast & Furious - Supercharged™ Single Rider,0,True
2026-08-16 01:52:12,Universal Studios Florida,Harry Potter and the Escape from Gringotts™,30,True
2026-08-16 01:52:12,Universal Studios Florida,Harry Potter and the Escape from Gringotts™ Single Rider,0,True
2026-08-16 01:52:12,Universal Studios Florida,Hogwarts Express™ - King's Cross Station,0,False
2026-08-16 01:52:12,Universal Studios Florida,Hogwarts™ Express - First Train,0,False
2026-08-16 01:52:12,Universal Studios Florida,Hogwarts™ Express - Last Train,0,False
2026-08-16 01:52:12,Universal Studios Florida,Ollivanders™ Experience in Diagon Alley™,5,True
2026-08-16 01:52:12,Universal Studios Florida,Kang & Kodos' Twirl 'n' Hurl,10,True
2026-08-16 01:52:12,Universal Studios Florida,MEN IN BLACK™ Alien Attack!,15,True
2026-08-16 01:52:12,Universal Studios Florida,MEN IN BLACK™ Alien Attack!™ Single Rider,0,True
2026-08-16 01:52:12,Universal Studios Florida,The Simpsons Ride™,20,True
2026-08-16 01:52:12,Epic Universe,Constellation Carousel,0,False
2026-08-16 01:52:12,Epic Universe,Stardust Racers,0,False
2026-08-16 01:52:12,Epic Universe,Curse of the Werewolf,0,False
2026-08-16 01:52:12,Epic Universe,Curse of the Werewolf Single Rider,0,True
2026-08-16 01:52:12,Epic Universe,Monsters Unchained: The Frankenstein Experiment,0,False
2026-08-16 01:52:12,Epic Universe,Monsters Unchained: The Frankenstein Experiment Single Rider,0,True
2026-08-16 01:52:12,Epic Universe,Dragon Racer's Rally,0,False
2026-08-16 01:52:12,Epic Universe,Fyre Drill,0,False
2026-08-16 01:52:12,Epic Universe,Hiccup's Wing Gliders,0,False
2026-08-16 01:52:12,Epic Universe,Meet Toothless and Friends,45,True
2026-08-16 01:52:12,Epic Universe,Bowser Jr. Challenge,0,False
2026-08-16 01:52:12,Epic Universe,Mario Kart™: Bowser's Challenge,0,False
2026-08-16 01:52:12,Epic Universe,Mario Kart™: Bowser's Challenge Single Rider,0,True
2026-08-16 01:52:12,Epic Universe,Mine-Cart Madness™,0,False
2026-08-16 01:52:12,Epic Universe,Mine-Cart Madness™ Single Rider,0,True
2026-08-16 01:52:12,Epic Universe,Yoshi's Adventure™,0,False
2026-08-16 01:52:12,Epic Universe,Harry Potter and the Battle at the Ministry™,0,False
2026-08-16 01:52:12,Epic Universe,Harry Potter and the Battle at the Ministry™ Single Rider,0,True
2026-08-16 03:00:53,Islands of Adventure,Camp Jurassic™,0,False
2026-08-16 03:00:53,Islands of Adventure,Jurassic Park Discovery Center,0,False
2026-08-16 03:00:53,Islands of Adventure,Jurassic Park River Adventure,0,False
2026-08-16 03:00:53,Islands of Adventure,Jurassic World VelociCoaster,0,False
2026-08-16 03:00:53,Islands of Adventure,Pteranodon Flyers,0,False
2026-08-16 03:00:53,Islands of Adventure,Skull Island: Reign of Kong,0,False
2026-08-16 03:00:53,Islands of Adventure,Doctor Doom's Fearfall®,0,False
2026-08-16 03:00:53,Islands of Adventure,Doctor Doom's Fearfall® Single Rider,0,True
2026-08-16 03:00:53,Islands of Adventure,Storm Force Accelatron®,0,False
2026-08-16 03:00:53,Islands of Adventure,The Amazing Adventures of Spider-Man®,0,False
2026-08-16 03:00:53,Islands of Adventure,The Incredible Hulk Coaster®,0,False
2026-08-16 03:00:53,Islands of Adventure,The Incredible Hulk Coaster® Single Rider,0,True
2026-08-16 03:00:53,Islands of Adventure,Caro-Seuss-el™,0,False
2026-08-16 03:00:53,Islands of Adventure,If I Ran The Zoo™,0,False
2026-08-16 03:00:53,Islands of Adventure,"One Fish, Two Fish, Red Fish, Blue Fish™",0,False
2026-08-16 03:00:53,Islands of Adventure,The Cat in The Hat™,0,False
2026-08-16 03:00:53,Islands of Adventure,The High in the Sky Seuss Trolley Train Ride!™,0,False
2026-08-16 03:00:53,Islands of Adventure,Flight of the Hippogriff™,0,False
2026-08-16 03:00:53,Islands of Adventure,Hagrid's Magical Creatures Motorbike Adventure™,0,False
2026-08-16 03:00:53,Islands of Adventure,Hagrid's Magical Creatures Motorbike Adventure™ Single Rider,0,False
2026-08-16 03:00:53,Islands of Adventure,Harry Potter and the Forbidden Journey™,0,False
2026-08-16 03:00:53,Islands of Adventure,Harry Potter and the Forbidden Journey™ Single Rider,0,True
2026-08-16 03:00:53,Islands of Adventure,Hogwarts Express™ - Hogsmeade™ Station,0,False
2026-08-16 03:00:53,Islands of Adventure,Ollivanders™ Experience in Hogsmeade™,10,True
2026-08-16 03:00:53,Islands of Adventure,Dudley Do-Right's Ripsaw Falls®,0,False
2026-08-16 03:00:53,Islands of Adventure,"Me Ship, The Olive®",0,False
2026-08-16 03:00:53,Islands of Adventure,Popeye & Bluto's Bilge-Rat Barges®,0,False
2026-08-16 03:00:53,Universal Studios Florida,Trolls Trollercoaster,5,True
2026-08-16 03:00:53,Universal Studios Florida,E.T. Adventure,0,False
2026-08-16 03:00:53,Universal Studios Florida,Despicable Me Minion Mayhem™,0,False
2026-08-16 03:00:53,Universal Studios Florida,Illumination's Villain-Con Minion Blast,5,True
2026-08-16 03:00:53,Universal Studios Florida,Race Through New York Starring Jimmy Fallon™,10,True
2026-08-16 03:00:53,Universal Studios Florida,Revenge of the Mummy™,0,True
2026-08-16 03:00:53,Universal Studios Florida,Revenge of the Mummy™ Single Rider,0,True
2026-08-16 03:00:53,Universal Studios Florida,TRANSFORMERS™ The Ride-3D,0,False
2026-08-16 03:00:53,Universal Studios Florida,Fast & Furious - Supercharged™,0,False
2026-08-16 03:00:53,Universal Studios Florida,Fast & Furious - Supercharged™ Single Rider,0,True
2026-08-16 03:00:53,Universal Studios Florida,Harry Potter and the Escape from Gringotts™,20,True
2026-08-16 03:00:53,Universal Studios Florida,Harry Potter and the Escape from Gringotts™ Single Rider,0,True
2026-08-16 03:00:53,Universal Studios Florida,Hogwarts Express™ - King's Cross Station,0,False
2026-08-16 03:00:53,Universal Studios Florida,Hogwarts™ Express - First Train,0,False
2026-08-16 03:00:53,Universal Studios Florida,Hogwarts™ Express - Last Train,0,False
2026-08-16 03:00:53,Universal Studios Florida,Ollivanders™ Experience in Diagon Alley™,5,True
2026-08-16 03:00:53,Universal Studios Florida,Kang & Kodos' Twirl 'n' Hurl,10,True
2026-08-16 03:00:53,Universal Studios Florida,MEN IN BLACK™ Alien Attack!,0,False
2026-08-16 03:00:53,Universal Studios Florida,MEN IN BLACK™ Alien Attack!™ Single Rider,0,True
2026-08-16 03:00:53,Universal Studios Florida,The Simpsons Ride™,0,False
2026-08-16 03:00:53,Epic Universe,Constellation Carousel,0,False
2026-08-16 03:00:53,Epic Universe,Stardust Racers,0,False
2026-08-16 03:00:53,Epic Universe,Curse of the Werewolf,0,False
2026-08-16 03:00:53,Epic Universe,Curse of the Werewolf Single Rider,0,True
2026-08-16 03:00:53,Epic Universe,Monsters Unchained: The Frankenstein Experiment,0,False
2026-08-16 03:00:53,Epic Universe,Monsters Unchained: The Frankenstein Experiment Single Rider,0,True
2026-08-16 03:00:53,Epic Universe,Dragon Racer's Rally,0,False
2026-08-16 03:00:53,Epic Universe,Fyre Drill,0,False
2026-08-16 03:00:53,Epic Universe,Hiccup's Wing Gliders,0,False
2026-08-16 03:00:53,Epic Universe,Meet Toothless and Friends,45,True
2026-08-16 03:00:53,Epic Universe,Bowser Jr. Challenge,0,False
2026-08-16 03:00:53,Epic Universe,Mario Kart™: Bowser's Challenge,0,False
2026-08-16 03:00:53,Epic Universe,Mario Kart™: Bowser's Challenge Single Rider,0,True
2026-08-16 03:00:53,Epic Universe,Mine-Cart Madness™,0,False
2026-08-16 03:00:53,Epic Universe,Mine-Cart Madness™ Single Rider,0,True
2026-08-16 03:00:53,Epic Universe,Yoshi's Adventure™,0,False
2026-08-16 03:00:53,Epic Universe,Harry Potter and the Battle at the Ministry™,0,False
2026-08-16 03:00:53,Epic Universe,Harry Potter and the Battle at the Ministry™ Single Rider,0,True
2026-08-16 03:59:21,Islands of Adventure,Camp Jurassic™,0,False
2026-08-16 03:59:21,Islands of Adventure,Jurassic Park Discovery Center,0,False
2026-08-16 03:59:21,Islands of Adventure,Jurassic Park River Adventure,0,False
2026-08-16 03:59:21,Islands of Adventure,Jurassic World VelociCoaster,0,False
2026-08-16 03:59:21,Islands of Adventure,Pteranodon Flyers,0,False
2026-08-16 03:59:21,Islands of Adventure,Skull Island: Reign of Kong,0,False
2026-08-16 03:59:21,Islands of Adventure,Doctor Doom's Fearfall®,0,False
2026-08-16 03:59:21,Islands of Adventure,Doctor Doom's Fearfall® Single Rider,0,True
2026-08-16 03:59:21,Islands of Adventure,Storm Force Accelatron®,0,False
2026-08-16 03:59:21,Islands of Adventure,The Amazing Adventures of Spider-Man®,0,False
2026-08-16 03:59:21,Islands of Adventure,The Incredible Hulk Coaster®,0,False
2026-08-16 03:59:21,Islands of Adventure,The Incredible Hulk Coaster® Single Rider,0,True
2026-08-16 03:59:21,Islands of Adventure,Caro-Seuss-el™,0,False
2026-08-16 03:59:21,Islands of Adventure,If I Ran The Zoo™,0,False
2026-08-16 03:59:21,Islands of Adventure,"One Fish, Two Fish, Red Fish, Blue Fish™",0,False
2026-08-16 03:59:21,Islands of Adventure,The Cat in The Hat™,0,False
2026-08-16 03:59:21,Islands of Adventure,The High in the Sky Seuss Trolley Train Ride!™,0,False
2026-08-16 03:59:21,Islands of Adventure,Flight of the Hippogriff™,0,False
2026-08-16 03:59:21,Islands of Adventure,Hagrid's Magical Creatures Motorbike Adventure™,0,False
2026-08-16 03:59:21,Islands of Adventure,Hagrid's Magical Creatures Motorbike Adventure™ Single Rider,0,False
2026-08-16 03:59:21,Islands of Adventure,Harry Potter and the Forbidden Journey™,0,False
2026-08-16 03:59:21,Islands of Adventure,Harry Potter and the Forbidden Journey™ Single Rider,0,True
2026-08-16 03:59:21,Islands of Adventure,Hogwarts Express™ - Hogsmeade™ Station,0,False
2026-08-16 03:59:21,Islands of Adventure,Ollivanders™ Experience in Hogsmeade™,10,True
2026-08-16 03:59:21,Islands of Adventure,Dudley Do-Right's Ripsaw Falls®,0,False
2026-08-16 03:59:21,Islands of Adventure,"Me Ship, The Olive®",0,False
2026-08-16 03:59:21,Islands of Adventure,Popeye & Bluto's Bilge-Rat Barges®,0,False
2026-08-16 03:59:21,Universal Studios Florida,Trolls Trollercoaster,0,False
2026-08-16 03:59:21,Universal Studios Florida,E.T. Adventure,0,False
2026-08-16 03:59:21,Universal Studios Florida,Despicable Me Minion Mayhem™,0,False
2026-08-16 03:59:21,Universal Studios Florida,Illumination's Villain-Con Minion Blast,0,False
2026-08-16 03:59:21,Universal Studios Florida,Race Through New York Starring Jimmy Fallon™,0,False
2026-08-16 03:59:21,Universal Studios Florida,Revenge of the Mummy™,0,False
2026-08-16 03:59:21,Universal Studios Florida,Revenge of the Mummy™ Single Rider,0,True
2026-08-16 03:59:21,Universal Studios Florida,TRANSFORMERS™ The Ride-3D,0,False
2026-08-16 03:59:21,Universal Studios Florida,Fast & Furious - Supercharged™,0,False
2026-08-16 03:59:21,Universal Studios Florida,Fast & Furious - Supercharged™ Single Rider,0,True
2026-08-16 03:59:21,Universal Studios Florida,Harry Potter and the Escape from Gringotts™,0,False
2026-08-16 03:59:21,Universal Studios Florida,Harry Potter and the Escape from Gringotts™ Single Rider,0,True
2026-08-16 03:59:21,Universal Studios Florida,Hogwarts Express™ - King's Cross Station,0,False
2026-08-16 03:59:21,Universal Studios Florida,Hogwarts™ Express - First Train,0,False
2026-08-16 03:59:21,Universal Studios Florida,Hogwarts™ Express - Last Train,0,False
2026-08-16 03:59:21,Universal Studios Florida,Ollivanders™ Experience in Diagon Alley™,5,True
2026-08-16 03:59:21,Universal Studios Florida,Kang & Kodos' Twirl 'n' Hurl,0,False
2026-08-16 03:59:21,Universal Studios Florida,MEN IN BLACK™ Alien Attack!,0,False
2026-08-16 03:59:21,Universal Studios Florida,MEN IN BLACK™ Alien Attack!™ Single Rider,0,True
2026-08-16 03:59:21,Universal Studios Florida,The Simpsons Ride™,0,False
2026-08-16 03:59:21,Epic Universe,Constellation Carousel,0,False
2026-08-16 03:59:21,Epic Universe,Stardust Racers,0,False
2026-08-16 03:59:21,Epic Universe,Curse of the Werewolf,0,False
2026-08-16 03:59:21,Epic Universe,Curse of the Werewolf Single Rider,0,True
2026-08-16 03:59:21,Epic Universe,Monsters Unchained: The Frankenstein Experiment,0,False
2026-08-16 03:59:21,Epic Universe,Monsters Unchained: The Frankenstein Experiment Single Rider,0,True
2026-08-16 03:59:21,Epic Universe,Dragon Racer's Rally,0,False
2026-08-16 03:59:21,Epic Universe,Fyre Drill,0,False
2026-08-16 03:59:21,Epic Universe,Hiccup's Wing Gliders,0,False
2026-08-16 03:59:21,Epic Universe,Meet Toothless and Friends,45,True
2026-08-16 03:59:21,Epic Universe,Bowser Jr. Challenge,0,False
2026-08-16 03:59:21,Epic Universe,Mario Kart™: Bowser's Challenge,0,False
2026-08-16 03:59:21,Epic Universe,Mario Kart™: Bowser's Challenge Single Rider,0,True
2026-08-16 03:59:21,Epic Universe,Mine-Cart Madness™,0,False
2026-08-16 03:59:21,Epic Universe,Mine-Cart Madness™ Single Rider,0,True
2026-08-16 03:59:21,Epic Universe,Yoshi's Adventure™,0,False
2026-08-16 03:59:21,Epic Universe,Harry Potter and the Battle at the Ministry™,0,False
2026-08-16 03:59:21,Epic Universe,Harry Potter and the Battle at the Ministry™ Single Rider,0,True
2026-08-16 04:43:56,Islands of Adventure,Camp Jurassic™,0,False
2026-08-16 04:43:56,Islands of Adventure,Jurassic Park Discovery Center,0,False
2026-08-16 04:43:56,Islands of Adventure,Jurassic Park River Adventure,0,False
2026-08-16 04:43:56,Islands of Adventure,Jurassic World VelociCoaster,0,False
2026-08-16 04:43:56,Islands of Adventure,Pteranodon Flyers,0,False
2026-08-16 04:43:56,Islands of Adventure,Skull Island: Reign of Kong,0,False
2026-08-16 04:43:56,Islands of Adventure,Doctor Doom's Fearfall®,0,False
2026-08-16 04:43:56,Islands of Adventure,Doctor Doom's Fearfall® Single Rider,0,True
2026-08-16 04:43:56,Islands of Adventure,Storm Force Accelatron®,0,False
2026-08-16 04:43:56,Islands of Adventure,The Amazing Adventures of Spider-Man®,0,False
2026-08-16 04:43:56,Islands of Adventure,The Incredible Hulk Coaster®,0,False
2026-08-16 04:43:56,Islands of Adventure,The Incredible Hulk Coaster® Single Rider,0,True
2026-08-16 04:43:56,Islands of Adventure,Caro-Seuss-el™,0,False
2026-08-16 04:43:56,Islands of Adventure,If I Ran The Zoo™,0,False
2026-08-16 04:43:56,Islands of Adventure,"One Fish, Two Fish, Red Fish, Blue Fish™",0,False
2026-08-16 04:43:56,Islands of Adventure,The Cat in The Hat™,0,False
2026-08-16 04:43:56,Islands of Adventure,The High in the Sky Seuss Trolley Train Ride!™,0,False
2026-08-16 04:43:56,Islands of Adventure,Flight of the Hippogriff™,0,False
2026-08-16 04:43:56,Islands of Adventure,Hagrid's Magical Creatures Motorbike Adventure™,0,False
2026-08-16 04:43:56,Islands of Adventure,Hagrid's Magical Creatures Motorbike Adventure™ Single Rider,0,False
2026-08-16 04:43:56,Islands of Adventure,Harry Potter and the Forbidden Journey™,0,False
2026-08-16 04:43:56,Islands of Adventure,Harry Potter and the Forbidden Journey™ Single Rider,0,True
2026-08-16 04:43:56,Islands of Adventure,Hogwarts Express™ - Hogsmeade™ Station,0,False
2026-08-16 04:43:56,Islands of Adventure,Ollivanders™ Experience in Hogsmeade™,10,True
2026-08-16 04:43:56,Islands of Adventure,Dudley Do-Right's Ripsaw Falls®,0,False
2026-08-16 04:43:56,Islands of Adventure,"Me Ship, The Olive®",0,False
2026-08-16 04:43:56,Islands of Adventure,Popeye & Bluto's Bilge-Rat Barges®,0,False
2026-08-16 04:43:56,Universal Studios Florida,Trolls Trollercoaster,0,False
2026-08-16 04:43:56,Universal Studios Florida,E.T. Adventure,0,False
2026-08-16 04:43:56,Universal Studios Florida,Despicable Me Minion Mayhem™,0,False
2026-08-16 04:43:56,Universal Studios Florida,Illumination's Villain-Con Minion Blast,0,False
2026-08-16 04:43:56,Universal Studios Florida,Race Through New York Starring Jimmy Fallon™,0,False
2026-08-16 04:43:56,Universal Studios Florida,Revenge of the Mummy™,0,False
2026-08-16 04:43:56,Universal Studios Florida,Revenge of the Mummy™ Single Rider,0,True
2026-08-16 04:43:56,Universal Studios Florida,TRANSFORMERS™ The Ride-3D,0,False
2026-08-16 04:43:56,Universal Studios Florida,Fast & Furious - Supercharged™,0,False
2026-08-16 04:43:56,Universal Studios Florida,Fast & Furious - Supercharged™ Single Rider,0,True
2026-08-16 04:43:56,Universal Studios Florida,Harry Potter and the Escape from Gringotts™,0,False
2026-08-16 04:43:56,Universal Studios Florida,Harry Potter and the Escape from Gringotts™ Single Rider,0,True
2026-08-16 04:43:56,Universal Studios Florida,Hogwarts Express™ - King's Cross Station,0,False
2026-08-16 04:43:56,Universal Studios Florida,Hogwarts™ Express - First Train,0,False
2026-08-16 04:43:56,Universal Studios Florida,Hogwarts™ Express - Last Train,0,False
2026-08-16 04:43:56,Universal Studios Florida,Ollivanders™ Experience in Diagon Alley™,5,True
2026-08-16 04:43:56,Universal Studios Florida,Kang & Kodos' Twirl 'n' Hurl,0,False
2026-08-16 04:43:56,Universal Studios Florida,MEN IN BLACK™ Alien Attack!,0,False
2026-08-16 04:43:56,Universal Studios Florida,MEN IN BLACK™ Alien Attack!™ Single Rider,0,True
2026-08-16 04:43:56,Universal Studios Florida,The Simpsons Ride™,0,False
2026-08-16 04:43:56,Epic Universe,Constellation Carousel,0,False
2026-08-16 04:43:56,Epic Universe,Stardust Racers,0,False
2026-08-16 04:43:56,Epic Universe,Curse of the Werewolf,0,False
2026-08-16 04:43:56,Epic Universe,Curse of the Werewolf Single Rider,0,True
2026-08-16 04:43:56,Epic Universe,Monsters Unchained: The Frankenstein Experiment,0,False
2026-08-16 04:43:56,Epic Universe,Monsters Unchained: The Frankenstein Experiment Single Rider,0,True
2026-08-16 04:43:56,Epic Universe,Dragon Racer's Rally,0,False
2026-08-16 04:43:56,Epic Universe,Fyre Drill,0,False
2026-08-16 04:43:56,Epic Universe,Hiccup's Wing Gliders,0,False
2026-08-16 04:43:56,Epic Universe,Meet Toothless and Friends,45,True
2026-08-16 04:43:56,Epic Universe,Bowser Jr. Challenge,0,False
2026-08-16 04:43:56,Epic Universe,Mario Kart™: Bowser's Challenge,0,False
2026-08-16 04:43:56,Epic Universe,Mario Kart™: Bowser's Challenge Single Rider,0,True
2026-08-16 04:43:56,Epic Universe,Mine-Cart Madness™,0,False
2026-08-16 04:43:56,Epic Universe,Mine-Cart Madness™ Single Rider,0,True
2026-08-16 04:43:56,Epic Universe,Yoshi's Adventure™,0,False
2026-08-16 04:43:56,Epic Universe,Harry Potter and the Battle at the Ministry™,0,False
2026-08-16 04:43:56,Epic Universe,Harry Potter and the Battle at the Ministry™ Single Rider,0,True
2026-08-16 05:13:20,Islands of Adventure,Camp Jurassic™,0,False
2026-08-16 05:13:20,Islands of Adventure,Jurassic Park Discovery Center,0,False
2026-08-16 05:13:20,Islands of Adventure,Jurassic Park River Adventure,0,False
2026-08-16 05:13:20,Islands of Adventure,Jurassic World VelociCoaster,0,False
2026-08-16 05:13:20,Islands of Adventure,Pteranodon Flyers,0,False
2026-08-16 05:13:20,Islands of Adventure,Skull Island: Reign of Kong,0,False
2026-08-16 05:13:20,Islands of Adventure,Doctor Doom's Fearfall®,0,False
2026-08-16 05:13:20,Islands of Adventure,Doctor Doom's Fearfall® Single Rider,0,True
2026-08-16 05:13:20,Islands of Adventure,Storm Force Accelatron®,0,False
2026-08-16 05:13:20,Islands of Adventure,The Amazing Adventures of Spider-Man®,0,False
2026-08-16 05:13:20,Islands of Adventure,The Incredible Hulk Coaster®,0,False
2026-08-16 05:13:20,Islands of Adventure,The Incredible Hulk Coaster® Single Rider,0,True
2026-08-16 05:13:20,Islands of Adventure,Caro-Seuss-el™,0,False
2026-08-16 05:13:20,Islands of Adventure,If I Ran The Zoo™,0,False
2026-08-16 05:13:20,Islands of Adventure,"One Fish, Two Fish, Red Fish, Blue Fish™",0,False
2026-08-16 05:13:20,Islands of Adventure,The Cat in The Hat™,0,False
2026-08-16 05:13:20,Islands of Adventure,The High in the Sky Seuss Trolley Train Ride!™,0,False
2026-08-16 05:13:20,Islands of Adventure,Flight of the Hippogriff™,0,False
2026-08-16 05:13:20,Islands of Adventure,Hagrid's Magical Creatures Motorbike Adventure™,0,False
2026-08-16 05:13:20,Islands of Adventure,Hagrid's Magical Creatures Motorbike Adventure™ Single Rider,0,False
2026-08-16 05:13:20,Islands of Adventure,Harry Potter and the Forbidden Journey™,0,False
2026-08-16 05:13:20,Islands of Adventure,Harry Potter and the Forbidden Journey™ Single Rider,0,True
2026-08-16 05:13:20,Islands of Adventure,Hogwarts Express™ - Hogsmeade™ Station,0,False
2026-08-16 05:13:20,Islands of Adventure,Ollivanders™ Experience in Hogsmeade™,10,True
2026-08-16 05:13:20,Islands of Adventure,Dudley Do-Right's Ripsaw Falls®,0,False
2026-08-16 05:13:20,Islands of Adventure,"Me Ship, The Olive®",0,False
2026-08-16 05:13:20,Islands of Adventure,Popeye & Bluto's Bilge-Rat Barges®,0,False
2026-08-16 05:13:20,Universal Studios Florida,Trolls Trollercoaster,0,False
2026-08-16 05:13:20,Universal Studios Florida,E.T. Adventure,0,False
2026-08-16 05:13:20,Universal Studios Florida,Despicable Me Minion Mayhem™,0,False
2026-08-16 05:13:20,Universal Studios Florida,Illumination's Villain-Con Minion Blast,0,False
2026-08-16 05:13:20,Universal Studios Florida,Race Through New York Starring Jimmy Fallon™,0,False
2026-08-16 05:13:20,Universal Studios Florida,Revenge of the Mummy™,0,False
2026-08-16 05:13:20,Universal Studios Florida,Revenge of the Mummy™ Single Rider,0,True
2026-08-16 05:13:20,Universal Studios Florida,TRANSFORMERS™ The Ride-3D,0,False
2026-08-16 05:13:20,Universal Studios Florida,Fast & Furious - Supercharged™,0,False
2026-08-16 05:13:20,Universal Studios Florida,Fast & Furious - Supercharged™ Single Rider,0,True
2026-08-16 05:13:20,Universal Studios Florida,Harry Potter and the Escape from Gringotts™,0,False
2026-08-16 05:13:20,Universal Studios Florida,Harry Potter and the Escape from Gringotts™ Single Rider,0,True
2026-08-16 05:13:20,Universal Studios Florida,Hogwarts Express™ - King's Cross Station,0,False
2026-08-16 05:13:20,Universal Studios Florida,Hogwarts™ Express - First Train,0,False
2026-08-16 05:13:20,Universal Studios Florida,Hogwarts™ Express - Last Train,0,False
2026-08-16 05:13:20,Universal Studios Florida,Ollivanders™ Experience in Diagon Alley™,5,True
2026-08-16 05:13:20,Universal Studios Florida,Kang & Kodos' Twirl 'n' Hurl,0,False
2026-08-16 05:13:20,Universal Studios Florida,MEN IN BLACK™ Alien Attack!,0,False
2026-08-16 05:13:20,Universal Studios Florida,MEN IN BLACK™ Alien Attack!™ Single Rider,0,True
2026-08-16 05:13:20,Universal Studios Florida,The Simpsons Ride™,0,False
2026-08-16 05:13:20,Epic Universe,Constellation Carousel,0,False
2026-08-16 05:13:20,Epic Universe,Stardust Racers,0,False
2026-08-16 05:13:20,Epic Universe,Curse of the Werewolf,0,False
2026-08-16 05:13:20,Epic Universe,Curse of the Werewolf Single Rider,0,True
2026-08-16 05:13:20,Epic Universe,Monsters Unchained: The Frankenstein Experiment,0,False
2026-08-16 05:13:20,Epic Universe,Monsters Unchained: The Frankenstein Experiment Single Rider,0,True
2026-08-16 05:13:20,Epic Universe,Dragon Racer's Rally,0,False
2026-08-16 05:13:20,Epic Universe,Fyre Drill,0,False
2026-08-16 05:13:20,Epic Universe,Hiccup's Wing Gliders,0,False
2026-08-16 05:13:20,Epic Universe,Meet Toothless and Friends,45,True
2026-08-16 05:13:20,Epic Universe,Bowser Jr. Challenge,0,False
2026-08-16 05:13:20,Epic Universe,Mario Kart™: Bowser's Challenge,0,False
2026-08-16 05:13:20,Epic Universe,Mario Kart™: Bowser's Challenge Single Rider,0,True
2026-08-16 05:13:20,Epic Universe,Mine-Cart Madness™,0,False
2026-08-16 05:13:20,Epic Universe,Mine-Cart Madness™ Single Rider,0,True
2026-08-16 05:13:20,Epic Universe,Yoshi's Adventure™,0,False
2026-08-16 05:13:20,Epic Universe,Harry Potter and the Battle at the Ministry™,0,False
2026-08-16 05:13:20,Epic Universe,Harry Potter and the Battle at the Ministry™ Single Rider,0,True
2026-08-16 05:46:07,Islands of Adventure,Camp Jurassic™,0,False
2026-08-16 05:46:07,Islands of Adventure,Jurassic Park Discovery Center,0,False
2026-08-16 05:46:07,Islands of Adventure,Jurassic Park River Adventure,0,False
2026-08-16 05:46:07,Islands of Adventure,Jurassic World VelociCoaster,0,False
2026-08-16 05:46:07,Islands of Adventure,Pteranodon Flyers,0,False
2026-08-16 05:46:07,Islands of Adventure,Skull Island: Reign of Kong,0,False
2026-08-16 05:46:07,Islands of Adventure,Doctor Doom's Fearfall®,0,False
2026-08-16 05:46:07,Islands of Adventure,Doctor Doom's Fearfall® Single Rider,0,True
2026-08-16 05:46:07,Islands of Adventure,Storm Force Accelatron®,0,False
2026-08-16 05:46:07,Islands of Adventure,The Amazing Adventures of Spider-Man®,0,False
2026-08-16 05:46:07,Islands of Adventure,The Incredible Hulk Coaster®,0,False
2026-08-16 05:46:07,Islands of Adventure,The Incredible Hulk Coaster® Single Rider,0,True
2026-08-16 05:46:07,Islands of Adventure,Caro-Seuss-el™,0,False
2026-08-16 05:46:07,Islands of Adventure,If I Ran The Zoo™,0,False
2026-08-16 05:46:07,Islands of Adventure,"One Fish, Two Fish, Red Fish, Blue Fish™",0,False
2026-08-16 05:46:07,Islands of Adventure,The Cat in The Hat™,0,False
2026-08-16 05:46:07,Islands of Adventure,The High in the Sky Seuss Trolley Train Ride!™,0,False
2026-08-16 05:46:07,Islands of Adventure,Flight of the Hippogriff™,0,False
2026-08-16 05:46:07,Islands of Adventure,Hagrid's Magical Creatures Motorbike Adventure™,0,False
2026-08-16 05:46:07,Islands of Adventure,Hagrid's Magical Creatures Motorbike Adventure™ Single Rider,0,False
2026-08-16 05:46:07,Islands of Adventure,Harry Potter and the Forbidden Journey™,0,False
2026-08-16 05:46:07,Islands of Adventure,Harry Potter and the Forbidden Journey™ Single Rider,0,True
2026-08-16 05:46:07,Islands of Adventure,Hogwarts Express™ - Hogsmeade™ Station,0,False
2026-08-16 05:46:07,Islands of Adventure,Ollivanders™ Experience in Hogsmeade™,10,True
2026-08-16 05:46:07,Islands of Adventure,Dudley Do-Right's Ripsaw Falls®,0,False
2026-08-16 05:46:07,Islands of Adventure,"Me Ship, The Olive®",0,False
2026-08-16 05:46:07,Islands of Adventure,Popeye & Bluto's Bilge-Rat Barges®,0,False
2026-08-16 05:46:07,Universal Studios Florida,Trolls Trollercoaster,0,False
2026-08-16 05:46:07,Universal Studios Florida,E.T. Adventure,0,False
2026-08-16 05:46:07,Universal Studios Florida,Despicable Me Minion Mayhem™,0,False
2026-08-16 05:46:07,Universal Studios Florida,Illumination's Villain-Con Minion Blast,0,False
2026-08-16 05:46:07,Universal Studios Florida,Race Through New York Starring Jimmy Fallon™,0,False
2026-08-16 05:46:07,Universal Studios Florida,Revenge of the Mummy™,0,False
2026-08-16 05:46:07,Universal Studios Florida,Revenge of the Mummy™ Single Rider,0,True
2026-08-16 05:46:07,Universal Studios Florida,TRANSFORMERS™ The Ride-3D,0,False
2026-08-16 05:46:07,Universal Studios Florida,Fast & Furious - Supercharged™,0,False
2026-08-16 05:46:07,Universal Studios Florida,Fast & Furious - Supercharged™ Single Rider,0,True
2026-08-16 05:46:07,Universal Studios Florida,Harry Potter and the Escape from Gringotts™,0,False
2026-08-16 05:46:07,Universal Studios Florida,Harry Potter and the Escape from Gringotts™ Single Rider,0,True
2026-08-16 05:46:07,Universal Studios Florida,Hogwarts Express™ - King's Cross Station,0,False
2026-08-16 05:46:07,Universal Studios Florida,Hogwarts™ Express - First Train,0,False
2026-08-16 05:46:07,Universal Studios Florida,Hogwarts™ Express - Last Train,0,False
2026-08-16 05:46:07,Universal Studios Florida,Ollivanders™ Experience in Diagon Alley™,5,True
2026-08-16 05:46:07,Universal Studios Florida,Kang & Kodos' Twirl 'n' Hurl,0,False
2026-08-16 05:46:07,Universal Studios Florida,MEN IN BLACK™ Alien Attack!,0,False
2026-08-16 05:46:07,Universal Studios Florida,MEN IN BLACK™ Alien Attack!™ Single Rider,0,True
2026-08-16 05:46:07,Universal Studios Florida,The Simpsons Ride™,0,False
2026-08-16 05:46:07,Epic Universe,Constellation Carousel,0,False
2026-08-16 05:46:07,Epic Universe,Stardust Racers,0,False
2026-08-16 05:46:07,Epic Universe,Curse of the Werewolf,0,False
2026-08-16 05:46:07,Epic Universe,Curse of the Werewolf Single Rider,0,True
2026-08-16 05:46:07,Epic Universe,Monsters Unchained: The Frankenstein Experiment,0,False
2026-08-16 05:46:07,Epic Universe,Monsters Unchained: The Frankenstein Experiment Single Rider,0,True
2026-08-16 05:46:07,Epic Universe,Dragon Racer's Rally,0,False
2026-08-16 05:46:07,Epic Universe,Fyre Drill,0,False
2026-08-16 05:46:07,Epic Universe,Hiccup's Wing Gliders,0,False
2026-08-16 05:46:07,Epic Universe,Meet Toothless and Friends,45,True
2026-08-16 05:46:07,Epic Universe,Bowser Jr. Challenge,0,False
2026-08-16 05:46:07,Epic Universe,Mario Kart™: Bowser's Challenge,0,False
2026-08-16 05:46:07,Epic Universe,Mario Kart™: Bowser's Challenge Single Rider,0,True
2026-08-16 05:46:07,Epic Universe,Mine-Cart Madness™,0,False
2026-08-16 05:46:07,Epic Universe,Mine-Cart Madness™ Single Rider,0,True
2026-08-16 05:46:07,Epic Universe,Yoshi's Adventure™,0,False
2026-08-16 05:46:07,Epic Universe,Harry Potter and the Battle at the Ministry™,0,False
2026-08-16 05:46:07,Epic Universe,Harry Potter and the Battle at the Ministry™ Single Rider,0,True
2026-08-16 06:40:48,Islands of Adventure,Camp Jurassic™,0,False
2026-08-16 06:40:48,Islands of Adventure,Jurassic Park Discovery Center,0,False
2026-08-16 06:40:48,Islands of Adventure,Jurassic Park River Adventure,0,False
2026-08-16 06:40:48,Islands of Adventure,Jurassic World VelociCoaster,0,False
2026-08-16 06:40:48,Islands of Adventure,Pteranodon Flyers,0,False
2026-08-16 06:40:48,Islands of Adventure,Skull Island: Reign of Kong,0,False
2026-08-16 06:40:48,Islands of Adventure,Doctor Doom's Fearfall®,0,False
2026-08-16 06:40:48,Islands of Adventure,Doctor Doom's Fearfall® Single Rider,0,True
2026-08-16 06:40:48,Islands of Adventure,Storm Force Accelatron®,0,False
2026-08-16 06:40:48,Islands of Adventure,The Amazing Adventures of Spider-Man®,0,False
2026-08-16 06:40:48,Islands of Adventure,The Incredible Hulk Coaster®,0,False
2026-08-16 06:40:48,Islands of Adventure,The Incredible Hulk Coaster® Single Rider,0,True
2026-08-16 06:40:48,Islands of Adventure,Caro-Seuss-el™,0,False
2026-08-16 06:40:48,Islands of Adventure,If I Ran The Zoo™,0,False
2026-08-16 06:40:48,Islands of Adventure,"One Fish, Two Fish, Red Fish, Blue Fish™",0,False
2026-08-16 06:40:48,Islands of Adventure,The Cat in The Hat™,0,False
2026-08-16 06:40:48,Islands of Adventure,The High in the Sky Seuss Trolley Train Ride!™,0,False
2026-08-16 06:40:48,Islands of Adventure,Flight of the Hippogriff™,0,False
2026-08-16 06:40:48,Islands of Adventure,Hagrid's Magical Creatures Motorbike Adventure™,0,False
2026-08-16 06:40:48,Islands of Adventure,Hagrid's Magical Creatures Motorbike Adventure™ Single Rider,0,False
2026-08-16 06:40:48,Islands of Adventure,Harry Potter and the Forbidden Journey™,0,False
2026-08-16 06:40:48,Islands of Adventure,Harry Potter and the Forbidden Journey™ Single Rider,0,True
2026-08-16 06:40:48,Islands of Adventure,Hogwarts Express™ - Hogsmeade™ Station,0,False
2026-08-16 06:40:48,Islands of Adventure,Ollivanders™ Experience in Hogsmeade™,10,True
2026-08-16 06:40:48,Islands of Adventure,Dudley Do-Right's Ripsaw Falls®,0,False
2026-08-16 06:40:48,Islands of Adventure,"Me Ship, The Olive®",0,False
2026-08-16 06:40:48,Islands of Adventure,Popeye & Bluto's Bilge-Rat Barges®,0,False
2026-08-16 06:40:48,Universal Studios Florida,Trolls Trollercoaster,0,False
2026-08-16 06:40:48,Universal Studios Florida,E.T. Adventure,0,False
2026-08-16 06:40:48,Universal Studios Florida,Despicable Me Minion Mayhem™,0,False
2026-08-16 06:40:48,Universal Studios Florida,Illumination's Villain-Con Minion Blast,0,False
2026-08-16 06:40:48,Universal Studios Florida,Race Through New York Starring Jimmy Fallon™,0,False
2026-08-16 06:40:48,Universal Studios Florida,Revenge of the Mummy™,0,False
2026-08-16 06:40:48,Universal Studios Florida,Revenge of the Mummy™ Single Rider,0,True
2026-08-16 06:40:48,Universal Studios Florida,TRANSFORMERS™ The Ride-3D,0,False
2026-08-16 06:40:48,Universal Studios Florida,Fast & Furious - Supercharged™,0,False
2026-08-16 06:40:48,Universal Studios Florida,Fast & Furious - Supercharged™ Single Rider,0,True
2026-08-16 06:40:48,Universal Studios Florida,Harry Potter and the Escape from Gringotts™,0,False
2026-08-16 06:40:48,Universal Studios Florida,Harry Potter and the Escape from Gringotts™ Single Rider,0,True
2026-08-16 06:40:48,Universal Studios Florida,Hogwarts Express™ - King's Cross Station,0,False
2026-08-16 06:40:48,Universal Studios Florida,Hogwarts™ Express - First Train,0,False
2026-08-16 06:40:48,Universal Studios Florida,Hogwarts™ Express - Last Train,0,False
2026-08-16 06:40:48,Universal Studios Florida,Ollivanders™ Experience in Diagon Alley™,5,True
2026-08-16 06:40:48,Universal Studios Florida,Kang & Kodos' Twirl 'n' Hurl,0,False
2026-08-16 06:40:48,Universal Studios Florida,MEN IN BLACK™ Alien Attack!,0,False
2026-08-16 06:40:48,Universal Studios Florida,MEN IN BLACK™ Alien Attack!™ Single Rider,0,True
2026-08-16 06:40:48,Universal Studios Florida,The Simpsons Ride™,0,False
2026-08-16 06:40:48,Epic Universe,Constellation Carousel,0,False
2026-08-16 06:40:48,Epic Universe,Stardust Racers,0,False
2026-08-16 06:40:48,Epic Universe,Curse of the Werewolf,0,False
2026-08-16 06:40:48,Epic Universe,Curse of the Werewolf Single Rider,0,True
2026-08-16 06:40:48,Epic Universe,Monsters Unchained: The Frankenstein Experiment,0,False
2026-08-16 06:40:48,Epic Universe,Monsters Unchained: The Frankenstein Experiment Single Rider,0,True
2026-08-16 06:40:48,Epic Universe,Dragon Racer's Rally,0,False
2026-08-16 06:40:48,Epic Universe,Fyre Drill,0,False
2026-08-16 06:40:48,Epic Universe,Hiccup's Wing Gliders,0,False
2026-08-16 06:40:48,Epic Universe,Meet Toothless and Friends,45,True
2026-08-16 06:40:48,Epic Universe,Bowser Jr. Challenge,0,False
2026-08-16 06:40:48,Epic Universe,Mario Kart™: Bowser's Challenge,0,False
2026-08-16 06:40:48,Epic Universe,Mario Kart™: Bowser's Challenge Single Rider,0,True
2026-08-16 06:40:48,Epic Universe,Mine-Cart Madness™,0,False
2026-08-16 06:40:48,Epic Universe,Mine-Cart Madness™ Single Rider,0,True
2026-08-16 06:40:48,Epic Universe,Yoshi's Adventure™,0,False
2026-08-16 06:40:48,Epic Universe,Harry Potter and the Battle at the Ministry™,0,False
2026-08-16 06:40:48,Epic Universe,Harry Potter and the Battle at the Ministry™ Single Rider,0,True
2026-08-16 07:18:12,Islands of Adventure,Camp Jurassic™,0,False
2026-08-16 07:18:12,Islands of Adventure,Jurassic Park Discovery Center,0,False
2026-08-16 07:18:12,Islands of Adventure,Jurassic Park River Adventure,0,False
2026-08-16 07:18:12,Islands of Adventure,Jurassic World VelociCoaster,0,False
2026-08-16 07:18:12,Islands of Adventure,Pteranodon Flyers,0,False
2026-08-16 07:18:12,Islands of Adventure,Skull Island: Reign of Kong,0,False
2026-08-16 07:18:12,Islands of Adventure,Doctor Doom's Fearfall®,0,False
2026-08-16 07:18:12,Islands of Adventure,Doctor Doom's Fearfall® Single Rider,0,True
2026-08-16 07:18:12,Islands of Adventure,Storm Force Accelatron®,0,False
2026-08-16 07:18:12,Islands of Adventure,The Amazing Adventures of Spider-Man®,0,False
2026-08-16 07:18:12,Islands of Adventure,The Incredible Hulk Coaster®,0,False
2026-08-16 07:18:12,Islands of Adventure,The Incredible Hulk Coaster® Single Rider,0,True
2026-08-16 07:18:12,Islands of Adventure,Caro-Seuss-el™,0,False
2026-08-16 07:18:12,Islands of Adventure,If I Ran The Zoo™,0,False
2026-08-16 07:18:12,Islands of Adventure,"One Fish, Two Fish, Red Fish, Blue Fish™",0,False
2026-08-16 07:18:12,Islands of Adventure,The Cat in The Hat™,0,False
2026-08-16 07:18:12,Islands of Adventure,The High in the Sky Seuss Trolley Train Ride!™,0,False
2026-08-16 07:18:12,Islands of Adventure,Flight of the Hippogriff™,0,False
2026-08-16 07:18:12,Islands of Adventure,Hagrid's Magical Creatures Motorbike Adventure™,0,False
2026-08-16 07:18:12,Islands of Adventure,Hagrid's Magical Creatures Motorbike Adventure™ Single Rider,0,False
2026-08-16 07:18:12,Islands of Adventure,Harry Potter and the Forbidden Journey™,0,False
2026-08-16 07:18:12,Islands of Adventure,Harry Potter and the Forbidden Journey™ Single Rider,0,True
2026-08-16 07:18:12,Islands of Adventure,Hogwarts Express™ - Hogsmeade™ Station,0,False
2026-08-16 07:18:12,Islands of Adventure,Ollivanders™ Experience in Hogsmeade™,10,True
2026-08-16 07:18:12,Islands of Adventure,Dudley Do-Right's Ripsaw Falls®,0,False
2026-08-16 07:18:12,Islands of Adventure,"Me Ship, The Olive®",0,False
2026-08-16 07:18:12,Islands of Adventure,Popeye & Bluto's Bilge-Rat Barges®,0,False
2026-08-16 07:18:12,Universal Studios Florida,Trolls Trollercoaster,0,False
2026-08-16 07:18:12,Universal Studios Florida,E.T. Adventure,0,False
2026-08-16 07:18:12,Universal Studios Florida,Despicable Me Minion Mayhem™,0,False
2026-08-16 07:18:12,Universal Studios Florida,Illumination's Villain-Con Minion Blast,0,False
2026-08-16 07:18:12,Universal Studios Florida,Race Through New York Starring Jimmy Fallon™,0,False
2026-08-16 07:18:12,Universal Studios Florida,Revenge of the Mummy™,0,False
2026-08-16 07:18:12,Universal Studios Florida,Revenge of the Mummy™ Single Rider,0,True
2026-08-16 07:18:12,Universal Studios Florida,TRANSFORMERS™ The Ride-3D,0,False
2026-08-16 07:18:12,Universal Studios Florida,Fast & Furious - Supercharged™,0,False
2026-08-16 07:18:12,Universal Studios Florida,Fast & Furious - Supercharged™ Single Rider,0,True
2026-08-16 07:18:12,Universal Studios Florida,Harry Potter and the Escape from Gringotts™,0,False
2026-08-16 07:18:12,Universal Studios Florida,Harry Potter and the Escape from Gringotts™ Single Rider,0,True
2026-08-16 07:18:12,Universal Studios Florida,Hogwarts Express™ - King's Cross Station,0,False
2026-08-16 07:18:12,Universal Studios Florida,Hogwarts™ Express - First Train,0,False
2026-08-16 07:18:12,Universal Studios Florida,Hogwarts™ Express - Last Train,0,False
2026-08-16 07:18:12,Universal Studios Florida,Ollivanders™ Experience in Diagon Alley™,5,True
2026-08-16 07:18:12,Universal Studios Florida,Kang & Kodos' Twirl 'n' Hurl,0,False
2026-08-16 07:18:12,Universal Studios Florida,MEN IN BLACK™ Alien Attack!,0,False
2026-08-16 07:18:12,Universal Studios Florida,MEN IN BLACK™ Alien Attack!™ Single Rider,0,True
2026-08-16 07:18:12,Universal Studios Florida,The Simpsons Ride™,0,False
2026-08-16 07:18:12,Epic Universe,Constellation Carousel,0,False
2026-08-16 07:18:12,Epic Universe,Stardust Racers,0,False
2026-08-16 07:18:12,Epic Universe,Curse of the Werewolf,0,False
2026-08-16 07:18:12,Epic Universe,Curse of the Werewolf Single Rider,0,True
2026-08-16 07:18:12,Epic Universe,Monsters Unchained: The Frankenstein Experiment,0,False
2026-08-16 07:18:12,Epic Universe,Monsters Unchained: The Frankenstein Experiment Single Rider,0,True
2026-08-16 07:18:12,Epic Universe,Dragon Racer's Rally,0,False
2026-08-16 07:18:12,Epic Universe,Fyre Drill,0,False
2026-08-16 07:18:12,Epic Universe,Hiccup's Wing Gliders,0,False
2026-08-16 07:18:12,Epic Universe,Meet Toothless and Friends,45,True
2026-08-16 07:18:12,Epic Universe,Bowser Jr. Challenge,0,False
2026-08-16 07:18:12,Epic Universe,Mario Kart™: Bowser's Challenge,0,False
2026-08-16 07:18:12,Epic Universe,Mario Kart™: Bowser's Challenge Single Rider,0,True
2026-08-16 07:18:12,Epic Universe,Mine-Cart Madness™,0,False
2026-08-16 07:18:12,Epic Universe,Mine-Cart Madness™ Single Rider,0,True
2026-08-16 07:18:12,Epic Universe,Yoshi's Adventure™,0,False
2026-08-16 07:18:12,Epic Universe,Harry Potter and the Battle at the Ministry™,0,False
2026-08-16 07:18:12,Epic Universe,Harry Potter and the Battle at the Ministry™ Single Rider,0,True
2026-08-16 07:54:18,Islands of Adventure,Camp Jurassic™,0,False
2026-08-16 07:54:18,Islands of Adventure,Jurassic Park Discovery Center,0,False
2026-08-16 07:54:18,Islands of Adventure,Jurassic Park River Adventure,0,False
2026-08-16 07:54:18,Islands of Adventure,Jurassic World VelociCoaster,0,False
2026-08-16 07:54:18,Islands of Adventure,Pteranodon Flyers,0,False
2026-08-16 07:54:18,Islands of Adventure,Skull Island: Reign of Kong,0,False
2026-08-16 07:54:18,Islands of Adventure,Doctor Doom's Fearfall®,0,False
2026-08-16 07:54:18,Islands of Adventure,Doctor Doom's Fearfall® Single Rider,0,True
2026-08-16 07:54:18,Islands of Adventure,Storm Force Accelatron®,0,False
2026-08-16 07:54:18,Islands of Adventure,The Amazing Adventures of Spider-Man®,0,False
2026-08-16 07:54:18,Islands of Adventure,The Incredible Hulk Coaster®,0,False
2026-08-16 07:54:18,Islands of Adventure,The Incredible Hulk Coaster® Single Rider,0,True
2026-08-16 07:54:18,Islands of Adventure,Caro-Seuss-el™,0,False
2026-08-16 07:54:18,Islands of Adventure,If I Ran The Zoo™,0,False
2026-08-16 07:54:18,Islands of Adventure,"One Fish, Two Fish, Red Fish, Blue Fish™",0,False
2026-08-16 07:54:18,Islands of Adventure,The Cat in The Hat™,0,False
2026-08-16 07:54:18,Islands of Adventure,The High in the Sky Seuss Trolley Train Ride!™,0,False
2026-08-16 07:54:18,Islands of Adventure,Flight of the Hippogriff™,0,False
2026-08-16 07:54:18,Islands of Adventure,Hagrid's Magical Creatures Motorbike Adventure™,0,False
2026-08-16 07:54:18,Islands of Adventure,Hagrid's Magical Creatures Motorbike Adventure™ Single Rider,0,False
2026-08-16 07:54:18,Islands of Adventure,Harry Potter and the Forbidden Journey™,0,False
2026-08-16 07:54:18,Islands of Adventure,Harry Potter and the Forbidden Journey™ Single Rider,0,True
2026-08-16 07:54:18,Islands of Adventure,Hogwarts Express™ - Hogsmeade™ Station,0,False
2026-08-16 07:54:18,Islands of Adventure,Ollivanders™ Experience in Hogsmeade™,10,True
2026-08-16 07:54:18,Islands of Adventure,Dudley Do-Right's Ripsaw Falls®,0,False
2026-08-16 07:54:18,Islands of Adventure,"Me Ship, The Olive®",0,False
2026-08-16 07:54:18,Islands of Adventure,Popeye & Bluto's Bilge-Rat Barges®,0,False
2026-08-16 07:54:18,Universal Studios Florida,Trolls Trollercoaster,0,False
2026-08-16 07:54:18,Universal Studios Florida,E.T. Adventure,0,False
2026-08-16 07:54:18,Universal Studios Florida,Despicable Me Minion Mayhem™,0,False
2026-08-16 07:54:18,Universal Studios Florida,Illumination's Villain-Con Minion Blast,0,False
2026-08-16 07:54:18,Universal Studios Florida,Race Through New York Starring Jimmy Fallon™,0,False
2026-08-16 07:54:18,Universal Studios Florida,Revenge of the Mummy™,0,False
2026-08-16 07:54:18,Universal Studios Florida,Revenge of the Mummy™ Single Rider,0,True
2026-08-16 07:54:18,Universal Studios Florida,TRANSFORMERS™ The Ride-3D,0,False
2026-08-16 07:54:18,Universal Studios Florida,Fast & Furious - Supercharged™,0,False
2026-08-16 07:54:18,Universal Studios Florida,Fast & Furious - Supercharged™ Single Rider,0,True
2026-08-16 07:54:18,Universal Studios Florida,Harry Potter and the Escape from Gringotts™,0,False
2026-08-16 07:54:18,Universal Studios Florida,Harry Potter and the Escape from Gringotts™ Single Rider,0,True
2026-08-16 07:54:18,Universal Studios Florida,Hogwarts Express™ - King's Cross Station,0,False
2026-08-16 07:54:18,Universal Studios Florida,Hogwarts™ Express - First Train,0,False
2026-08-16 07:54:18,Universal Studios Florida,Hogwarts™ Express - Last Train,0,False
2026-08-16 07:54:18,Universal Studios Florida,Ollivanders™ Experience in Diagon Alley™,5,True
2026-08-16 07:54:18,Universal Studios Florida,Kang & Kodos' Twirl 'n' Hurl,0,False
2026-08-16 07:54:18,Universal Studios Florida,MEN IN BLACK™ Alien Attack!,0,False
2026-08-16 07:54:18,Universal Studios Florida,MEN IN BLACK™ Alien Attack!™ Single Rider,0,True
2026-08-16 07:54:18,Universal Studios Florida,The Simpsons Ride™,0,False
2026-08-16 07:54:18,Epic Universe,Constellation Carousel,0,False
2026-08-16 07:54:18,Epic Universe,Stardust Racers,0,False
2026-08-16 07:54:18,Epic Universe,Curse of the Werewolf,0,False
2026-08-16 07:54:18,Epic Universe,Curse of the Werewolf Single Rider,0,True
2026-08-16 07:54:18,Epic Universe,Monsters Unchained: The Frankenstein Experiment,0,False
2026-08-16 07:54:18,Epic Universe,Monsters Unchained: The Frankenstein Experiment Single Rider,0,True
2026-08-16 07:54:18,Epic Universe,Dragon Racer's Rally,0,False
2026-08-16 07:54:18,Epic Universe,Fyre Drill,0,False
2026-08-16 07:54:18,Epic Universe,Hiccup's Wing Gliders,0,False
2026-08-16 07:54:18,Epic Universe,Meet Toothless and Friends,45,True
2026-08-16 07:54:18,Epic Universe,Bowser Jr. Challenge,0,False
2026-08-16 07:54:18,Epic Universe,Mario Kart™: Bowser's Challenge,0,False
2026-08-16 07:54:18,Epic Universe,Mario Kart™: Bowser's Challenge Single Rider,0,True
2026-08-16 07:54:18,Epic Universe,Mine-Cart Madness™,0,False
2026-08-16 07:54:18,Epic Universe,Mine-Cart Madness™ Single Rider,0,True
2026-08-16 07:54:18,Epic Universe,Yoshi's Adventure™,0,False
2026-08-16 07:54:18,Epic Universe,Harry Potter and the Battle at the Ministry™,0,False
2026-08-16 07:54:18,Epic Universe,Harry Potter and the Battle at the Ministry™ Single Rider,0,True
2026-08-16 08:30:06,Islands of Adventure,Camp Jurassic™,0,False
2026-08-16 08:30:06,Islands of Adventure,Jurassic Park Discovery Center,0,False
2026-08-16 08:30:06,Islands of Adventure,Jurassic Park River Adventure,0,False
2026-08-16 08:30:06,Islands of Adventure,Jurassic World VelociCoaster,0,False
2026-08-16 08:30:06,Islands of Adventure,Pteranodon Flyers,0,False
2026-08-16 08:30:06,Islands of Adventure,Skull Island: Reign of Kong,0,False
2026-08-16 08:30:06,Islands of Adventure,Doctor Doom's Fearfall®,0,False
2026-08-16 08:30:06,Islands of Adventure,Doctor Doom's Fearfall® Single Rider,0,True
2026-08-16 08:30:06,Islands of Adventure,Storm Force Accelatron®,0,False
2026-08-16 08:30:06,Islands of Adventure,The Amazing Adventures of Spider-Man®,0,False
2026-08-16 08:30:06,Islands of Adventure,The Incredible Hulk Coaster®,0,False
2026-08-16 08:30:06,Islands of Adventure,The Incredible Hulk Coaster® Single Rider,0,True
2026-08-16 08:30:06,Islands of Adventure,Caro-Seuss-el™,0,False
2026-08-16 08:30:06,Islands of Adventure,If I Ran The Zoo™,0,False
2026-08-16 08:30:06,Islands of Adventure,"One Fish, Two Fish, Red Fish, Blue Fish™",0,False
2026-08-16 08:30:06,Islands of Adventure,The Cat in The Hat™,0,False
2026-08-16 08:30:06,Islands of Adventure,The High in the Sky Seuss Trolley Train Ride!™,0,False
2026-08-16 08:30:06,Islands of Adventure,Flight of the Hippogriff™,0,False
2026-08-16 08:30:06,Islands of Adventure,Hagrid's Magical Creatures Motorbike Adventure™,0,False
2026-08-16 08:30:06,Islands of Adventure,Hagrid's Magical Creatures Motorbike Adventure™ Single Rider,0,False
2026-08-16 08:30:06,Islands of Adventure,Harry Potter and the Forbidden Journey™,0,False
2026-08-16 08:30:06,Islands of Adventure,Harry Potter and the Forbidden Journey™ Single Rider,0,True
2026-08-16 08:30:06,Islands of Adventure,Hogwarts Express™ - Hogsmeade™ Station,0,False
2026-08-16 08:30:06,Islands of Adventure,Ollivanders™ Experience in Hogsmeade™,10,True
2026-08-16 08:30:06,Islands of Adventure,Dudley Do-Right's Ripsaw Falls®,0,False
2026-08-16 08:30:06,Islands of Adventure,"Me Ship, The Olive®",0,False
2026-08-16 08:30:06,Islands of Adventure,Popeye & Bluto's Bilge-Rat Barges®,0,False
2026-08-16 08:30:06,Universal Studios Florida,Trolls Trollercoaster,0,False
2026-08-16 08:30:06,Universal Studios Florida,E.T. Adventure,0,False
2026-08-16 08:30:06,Universal Studios Florida,Despicable Me Minion Mayhem™,0,False
2026-08-16 08:30:06,Universal Studios Florida,Illumination's Villain-Con Minion Blast,0,False
2026-08-16 08:30:06,Universal Studios Florida,Race Through New York Starring Jimmy Fallon™,0,False
2026-08-16 08:30:06,Universal Studios Florida,Revenge of the Mummy™,0,False
2026-08-16 08:30:06,Universal Studios Florida,Revenge of the Mummy™ Single Rider,0,True
2026-08-16 08:30:06,Universal Studios Florida,TRANSFORMERS™ The Ride-3D,0,False
2026-08-16 08:30:06,Universal Studios Florida,Fast & Furious - Supercharged™,0,False
2026-08-16 08:30:06,Universal Studios Florida,Fast & Furious - Supercharged™ Single Rider,0,True
2026-08-16 08:30:06,Universal Studios Florida,Harry Potter and the Escape from Gringotts™,0,False
2026-08-16 08:30:06,Universal Studios Florida,Harry Potter and the Escape from Gringotts™ Single Rider,0,True
2026-08-16 08:30:06,Universal Studios Florida,Hogwarts Express™ - King's Cross Station,0,False
2026-08-16 08:30:06,Universal Studios Florida,Hogwarts™ Express - First Train,0,False
2026-08-16 08:30:06,Universal Studios Florida,Hogwarts™ Express - Last Train,0,False
2026-08-16 08:30:06,Universal Studios Florida,Ollivanders™ Experience in Diagon Alley™,5,True
2026-08-16 08:30:06,Universal Studios Florida,Kang & Kodos' Twirl 'n' Hurl,0,False
2026-08-16 08:30:06,Universal Studios Florida,MEN IN BLACK™ Alien Attack!,0,False
2026-08-16 08:30:06,Universal Studios Florida,MEN IN BLACK™ Alien Attack!™ Single Rider,0,True
2026-08-16 08:30:06,Universal Studios Florida,The Simpsons Ride™,0,False
2026-08-16 08:30:06,Epic Universe,Constellation Carousel,0,False
2026-08-16 08:30:06,Epic Universe,Stardust Racers,0,False
2026-08-16 08:30:06,Epic Universe,Curse of the Werewolf,0,False
2026-08-16 08:30:06,Epic Universe,Curse of the Werewolf Single Rider,0,True
2026-08-16 08:30:06,Epic Universe,Monsters Unchained: The Frankenstein Experiment,0,False
2026-08-16 08:30:06,Epic Universe,Monsters Unchained: The Frankenstein Experiment Single Rider,0,True
2026-08-16 08:30:06,Epic Universe,Dragon Racer's Rally,0,False
2026-08-16 08:30:06,Epic Universe,Fyre Drill,0,False
2026-08-16 08:30:06,Epic Universe,Hiccup's Wing Gliders,0,False
2026-08-16 08:30:06,Epic Universe,Meet Toothless and Friends,45,True
2026-08-16 08:30:06,Epic Universe,Bowser Jr. Challenge,0,False
2026-08-16 08:30:06,Epic Universe,Mario Kart™: Bowser's Challenge,0,False
2026-08-16 08:30:06,Epic Universe,Mario Kart™: Bowser's Challenge Single Rider,0,True
2026-08-16 08:30:06,Epic Universe,Mine-Cart Madness™,0,False
2026-08-16 08:30:06,Epic Universe,Mine-Cart Madness™ Single Rider,0,True
2026-08-16 08:30:06,Epic Universe,Yoshi's Adventure™,0,False
2026-08-16 08:30:06,Epic Universe,Harry Potter and the Battle at the Ministry™,0,False
2026-08-16 08:30:06,Epic Universe,Harry Potter and the Battle at the Ministry™ Single Rider,0,True
2026-08-16 08:59:00,Islands of Adventure,Camp Jurassic™,0,False
2026-08-16 08:59:00,Islands of Adventure,Jurassic Park Discovery Center,0,False
2026-08-16 08:59:00,Islands of Adventure,Jurassic Park River Adventure,0,False
2026-08-16 08:59:00,Islands of Adventure,Jurassic World VelociCoaster,0,False
2026-08-16 08:59:00,Islands of Adventure,Pteranodon Flyers,0,False
2026-08-16 08:59:00,Islands of Adventure,Skull Island: Reign of Kong,0,False
2026-08-16 08:59:00,Islands of Adventure,Doctor Doom's Fearfall®,0,False
2026-08-16 08:59:00,Islands of Adventure,Doctor Doom's Fearfall® Single Rider,0,True
2026-08-16 08:59:00,Islands of Adventure,Storm Force Accelatron®,0,False
2026-08-16 08:59:00,Islands of Adventure,The Amazing Adventures of Spider-Man®,0,False
2026-08-16 08:59:00,Islands of Adventure,The Incredible Hulk Coaster®,0,False
2026-08-16 08:59:00,Islands of Adventure,The Incredible Hulk Coaster® Single Rider,0,True
2026-08-16 08:59:00,Islands of Adventure,Caro-Seuss-el™,0,False
2026-08-16 08:59:00,Islands of Adventure,If I Ran The Zoo™,0,False
2026-08-16 08:59:00,Islands of Adventure,"One Fish, Two Fish, Red Fish, Blue Fish™",0,False
2026-08-16 08:59:00,Islands of Adventure,The Cat in The Hat™,0,False
2026-08-16 08:59:00,Islands of Adventure,The High in the Sky Seuss Trolley Train Ride!™,0,False
2026-08-16 08:59:00,Islands of Adventure,Flight of the Hippogriff™,0,False
2026-08-16 08:59:00,Islands of Adventure,Hagrid's Magical Creatures Motorbike Adventure™,0,False
2026-08-16 08:59:00,Islands of Adventure,Hagrid's Magical Creatures Motorbike Adventure™ Single Rider,0,False
2026-08-16 08:59:00,Islands of Adventure,Harry Potter and the Forbidden Journey™,0,False
2026-08-16 08:59:00,Islands of Adventure,Harry Potter and the Forbidden Journey™ Single Rider,0,True
2026-08-16 08:59:00,Islands of Adventure,Hogwarts Express™ - Hogsmeade™ Station,0,False
2026-08-16 08:59:00,Islands of Adventure,Ollivanders™ Experience in Hogsmeade™,10,True
2026-08-16 08:59:00,Islands of Adventure,Dudley Do-Right's Ripsaw Falls®,0,False
2026-08-16 08:59:00,Islands of Adventure,"Me Ship, The Olive®",0,False
2026-08-16 08:59:00,Islands of Adventure,Popeye & Bluto's Bilge-Rat Barges®,0,False
2026-08-16 08:59:00,Universal Studios Florida,Trolls Trollercoaster,0,False
2026-08-16 08:59:00,Universal Studios Florida,E.T. Adventure,0,False
2026-08-16 08:59:00,Universal Studios Florida,Despicable Me Minion Mayhem™,0,False
2026-08-16 08:59:00,Universal Studios Florida,Illumination's Villain-Con Minion Blast,0,False
2026-08-16 08:59:00,Universal Studios Florida,Race Through New York Starring Jimmy Fallon™,0,False
2026-08-16 08:59:00,Universal Studios Florida,Revenge of the Mummy™,0,False
2026-08-16 08:59:00,Universal Studios Florida,Revenge of the Mummy™ Single Rider,0,True
2026-08-16 08:59:00,Universal Studios Florida,TRANSFORMERS™ The Ride-3D,0,False
2026-08-16 08:59:00,Universal Studios Florida,Fast & Furious - Supercharged™,0,False
2026-08-16 08:59:00,Universal Studios Florida,Fast & Furious - Supercharged™ Single Rider,0,True
2026-08-16 08:59:00,Universal Studios Florida,Harry Potter and the Escape from Gringotts™,0,False
2026-08-16 08:59:00,Universal Studios Florida,Harry Potter and the Escape from Gringotts™ Single Rider,0,True
2026-08-16 08:59:00,Universal Studios Florida,Hogwarts Express™ - King's Cross Station,0,False
2026-08-16 08:59:00,Universal Studios Florida,Hogwarts™ Express - First Train,0,False
2026-08-16 08:59:00,Universal Studios Florida,Hogwarts™ Express - Last Train,0,False
2026-08-16 08:59:00,Universal Studios Florida,Ollivanders™ Experience in Diagon Alley™,5,True
2026-08-16 08:59:00,Universal Studios Florida,Kang & Kodos' Twirl 'n' Hurl,0,False
2026-08-16 08:59:00,Universal Studios Florida,MEN IN BLACK™ Alien Attack!,0,False
2026-08-16 08:59:00,Universal Studios Florida,MEN IN BLACK™ Alien Attack!™ Single Rider,0,True
2026-08-16 08:59:00,Universal Studios Florida,The Simpsons Ride™,0,False
2026-08-16 08:59:00,Epic Universe,Constellation Carousel,0,False
2026-08-16 08:59:00,Epic Universe,Stardust Racers,0,False
2026-08-16 08:59:00,Epic Universe,Curse of the Werewolf,0,False
2026-08-16 08:59:00,Epic Universe,Curse of the Werewolf Single Rider,0,True
2026-08-16 08:59:00,Epic Universe,Monsters Unchained: The Frankenstein Experiment,0,False
2026-08-16 08:59:00,Epic Universe,Monsters Unchained: The Frankenstein Experiment Single Rider,0,True
2026-08-16 08:59:00,Epic Universe,Dragon Racer's Rally,0,False
2026-08-16 08:59:00,Epic Universe,Fyre Drill,0,False
2026-08-16 08:59:00,Epic Universe,Hiccup's Wing Gliders,0,False
2026-08-16 08:59:00,Epic Universe,Meet Toothless and Friends,45,True
2026-08-16 08:59:00,Epic Universe,Bowser Jr. Challenge,0,False
2026-08-16 08:59:00,Epic Universe,Mario Kart™: Bowser's Challenge,0,False
2026-08-16 08:59:00,Epic Universe,Mario Kart™: Bowser's Challenge Single Rider,0,True
2026-08-16 08:59:00,Epic Universe,Mine-Cart Madness™,0,False
2026-08-16 08:59:00,Epic Universe,Mine-Cart Madness™ Single Rider,0,True
2026-08-16 08:59:00,Epic Universe,Yoshi's Adventure™,0,False
2026-08-16 08:59:00,Epic Universe,Harry Potter and the Battle at the Ministry™,0,False
2026-08-16 08:59:00,Epic Universe,Harry Potter and the Battle at the Ministry™ Single Rider,0,True
2026-08-16 09:35:18,Islands of Adventure,Camp Jurassic™,0,False
2026-08-16 09:35:18,Islands of Adventure,Jurassic Park Discovery Center,0,False
2026-08-16 09:35:18,Islands of Adventure,Jurassic Park River Adventure,0,False
2026-08-16 09:35:18,Islands of Adventure,Jurassic World VelociCoaster,0,False
2026-08-16 09:35:18,Islands of Adventure,Pteranodon Flyers,0,False
2026-08-16 09:35:18,Islands of Adventure,Skull Island: Reign of Kong,0,False
2026-08-16 09:35:18,Islands of Adventure,Doctor Doom's Fearfall®,0,False
2026-08-16 09:35:18,Islands of Adventure,Doctor Doom's Fearfall® Single Rider,0,True
2026-08-16 09:35:18,Islands of Adventure,Storm Force Accelatron®,0,False
2026-08-16 09:35:18,Islands of Adventure,The Amazing Adventures of Spider-Man®,0,False
2026-08-16 09:35:18,Islands of Adventure,The Incredible Hulk Coaster®,0,False
2026-08-16 09:35:18,Islands of Adventure,The Incredible Hulk Coaster® Single Rider,0,True
2026-08-16 09:35:18,Islands of Adventure,Caro-Seuss-el™,0,False
2026-08-16 09:35:18,Islands of Adventure,If I Ran The Zoo™,0,False
2026-08-16 09:35:18,Islands of Adventure,"One Fish, Two Fish, Red Fish, Blue Fish™",0,False
2026-08-16 09:35:18,Islands of Adventure,The Cat in The Hat™,0,False
2026-08-16 09:35:18,Islands of Adventure,The High in the Sky Seuss Trolley Train Ride!™,0,False
2026-08-16 09:35:18,Islands of Adventure,Flight of the Hippogriff™,0,False
2026-08-16 09:35:18,Islands of Adventure,Hagrid's Magical Creatures Motorbike Adventure™,0,False
2026-08-16 09:35:18,Islands of Adventure,Hagrid's Magical Creatures Motorbike Adventure™ Single Rider,0,False
2026-08-16 09:35:18,Islands of Adventure,Harry Potter and the Forbidden Journey™,0,False
2026-08-16 09:35:18,Islands of Adventure,Harry Potter and the Forbidden Journey™ Single Rider,0,True
2026-08-16 09:35:18,Islands of Adventure,Hogwarts Express™ - Hogsmeade™ Station,0,False
2026-08-16 09:35:18,Islands of Adventure,Ollivanders™ Experience in Hogsmeade™,10,True
2026-08-16 09:35:18,Islands of Adventure,Dudley Do-Right's Ripsaw Falls®,0,False
2026-08-16 09:35:18,Islands of Adventure,"Me Ship, The Olive®",0,False
2026-08-16 09:35:18,Islands of Adventure,Popeye & Bluto's Bilge-Rat Barges®,0,False
2026-08-16 09:35:18,Universal Studios Florida,Trolls Trollercoaster,0,False
2026-08-16 09:35:18,Universal Studios Florida,E.T. Adventure,0,False
2026-08-16 09:35:18,Universal Studios Florida,Despicable Me Minion Mayhem™,0,False
2026-08-16 09:35:18,Universal Studios Florida,Illumination's Villain-Con Minion Blast,0,False
2026-08-16 09:35:18,Universal Studios Florida,Race Through New York Starring Jimmy Fallon™,0,False
2026-08-16 09:35:18,Universal Studios Florida,Revenge of the Mummy™,0,False
2026-08-16 09:35:18,Universal Studios Florida,Revenge of the Mummy™ Single Rider,0,True
2026-08-16 09:35:18,Universal Studios Florida,TRANSFORMERS™ The Ride-3D,0,False
2026-08-16 09:35:18,Universal Studios Florida,Fast & Furious - Supercharged™,0,False
2026-08-16 09:35:18,Universal Studios Florida,Fast & Furious - Supercharged™ Single Rider,0,True
2026-08-16 09:35:18,Universal Studios Florida,Harry Potter and the Escape from Gringotts™,0,False
2026-08-16 09:35:18,Universal Studios Florida,Harry Potter and the Escape from Gringotts™ Single Rider,0,True
2026-08-16 09:35:18,Universal Studios Florida,Hogwarts Express™ - King's Cross Station,0,False
2026-08-16 09:35:18,Universal Studios Florida,Hogwarts™ Express - First Train,0,False
2026-08-16 09:35:18,Universal Studios Florida,Hogwarts™ Express - Last Train,0,False
2026-08-16 09:35:18,Universal Studios Florida,Ollivanders™ Experience in Diagon Alley™,5,True
2026-08-16 09:35:18,Universal Studios Florida,Kang & Kodos' Twirl 'n' Hurl,0,False
2026-08-16 09:35:18,Universal Studios Florida,MEN IN BLACK™ Alien Attack!,0,False
2026-08-16 09:35:18,Universal Studios Florida,MEN IN BLACK™ Alien Attack!™ Single Rider,0,True
2026-08-16 09:35:18,Universal Studios Florida,The Simpsons Ride™,0,False
2026-08-16 09:35:18,Epic Universe,Constellation Carousel,0,False
2026-08-16 09:35:18,Epic Universe,Stardust Racers,0,False
2026-08-16 09:35:18,Epic Universe,Curse of the Werewolf,0,False
2026-08-16 09:35:18,Epic Universe,Curse of the Werewolf Single Rider,0,True
2026-08-16 09:35:18,Epic Universe,Monsters Unchained: The Frankenstein Experiment,0,False
2026-08-16 09:35:18,Epic Universe,Monsters Unchained: The Frankenstein Experiment Single Rider,0,True
2026-08-16 09:35:18,Epic Universe,Dragon Racer's Rally,0,False
2026-08-16 09:35:18,Epic Universe,Fyre Drill,0,False
2026-08-16 09:35:18,Epic Universe,Hiccup's Wing Gliders,0,False
2026-08-16 09:35:18,Epic Universe,Meet Toothless and Friends,45,True
2026-08-16 09:35:18,Epic Universe,Bowser Jr. Challenge,0,False
2026-08-16 09:35:18,Epic Universe,Mario Kart™: Bowser's Challenge,0,False
2026-08-16 09:35:18,Epic Universe,Mario Kart™: Bowser's Challenge Single Rider,0,True
2026-08-16 09:35:18,Epic Universe,Mine-Cart Madness™,0,False
2026-08-16 09:35:18,Epic Universe,Mine-Cart Madness™ Single Rider,0,True
2026-08-16 09:35:18,Epic Universe,Yoshi's Adventure™,0,False
2026-08-16 09:35:18,Epic Universe,Harry Potter and the Battle at the Ministry™,0,False
2026-08-16 09:35:18,Epic Universe,Harry Potter and the Battle at the Ministry™ Single Rider,0,True
2026-08-16 10:00:03,Islands of Adventure,Camp Jurassic™,0,False
2026-08-16 10:00:03,Islands of Adventure,Jurassic Park Discovery Center,0,False
2026-08-16 10:00:03,Islands of Adventure,Jurassic Park River Adventure,0,False
2026-08-16 10:00:03,Islands of Adventure,Jurassic World VelociCoaster,0,False
2026-08-16 10:00:03,Islands of Adventure,Pteranodon Flyers,0,False
2026-08-16 10:00:03,Islands of Adventure,Skull Island: Reign of Kong,0,False
2026-08-16 10:00:03,Islands of Adventure,Doctor Doom's Fearfall®,0,False
2026-08-16 10:00:03,Islands of Adventure,Doctor Doom's Fearfall® Single Rider,0,True
2026-08-16 10:00:03,Islands of Adventure,Storm Force Accelatron®,0,False
2026-08-16 10:00:03,Islands of Adventure,The Amazing Adventures of Spider-Man®,0,False
2026-08-16 10:00:03,Islands of Adventure,The Incredible Hulk Coaster®,0,False
2026-08-16 10:00:03,Islands of Adventure,The Incredible Hulk Coaster® Single Rider,0,True
2026-08-16 10:00:03,Islands of Adventure,Caro-Seuss-el™,0,False
2026-08-16 10:00:03,Islands of Adventure,If I Ran The Zoo™,0,False
2026-08-16 10:00:03,Islands of Adventure,"One Fish, Two Fish, Red Fish, Blue Fish™",0,False
2026-08-16 10:00:03,Islands of Adventure,The Cat in The Hat™,0,False
2026-08-16 10:00:03,Islands of Adventure,The High in the Sky Seuss Trolley Train Ride!™,0,False
2026-08-16 10:00:03,Islands of Adventure,Flight of the Hippogriff™,0,False
2026-08-16 10:00:03,Islands of Adventure,Hagrid's Magical Creatures Motorbike Adventure™,0,False
2026-08-16 10:00:03,Islands of Adventure,Hagrid's Magical Creatures Motorbike Adventure™ Single Rider,0,False
2026-08-16 10:00:03,Islands of Adventure,Harry Potter and the Forbidden Journey™,0,False
2026-08-16 10:00:03,Islands of Adventure,Harry Potter and the Forbidden Journey™ Single Rider,0,True
2026-08-16 10:00:03,Islands of Adventure,Hogwarts Express™ - Hogsmeade™ Station,0,False
2026-08-16 10:00:03,Islands of Adventure,Ollivanders™ Experience in Hogsmeade™,10,True
2026-08-16 10:00:03,Islands of Adventure,Dudley Do-Right's Ripsaw Falls®,0,False
2026-08-16 10:00:03,Islands of Adventure,"Me Ship, The Olive®",0,False
2026-08-16 10:00:03,Islands of Adventure,Popeye & Bluto's Bilge-Rat Barges®,0,False
2026-08-16 10:00:03,Universal Studios Florida,Trolls Trollercoaster,0,False
2026-08-16 10:00:03,Universal Studios Florida,E.T. Adventure,0,False
2026-08-16 10:00:03,Universal Studios Florida,Despicable Me Minion Mayhem™,0,False
2026-08-16 10:00:03,Universal Studios Florida,Illumination's Villain-Con Minion Blast,0,False
2026-08-16 10:00:03,Universal Studios Florida,Race Through New York Starring Jimmy Fallon™,0,False
2026-08-16 10:00:03,Universal Studios Florida,Revenge of the Mummy™,0,False
2026-08-16 10:00:03,Universal Studios Florida,Revenge of the Mummy™ Single Rider,0,True
2026-08-16 10:00:03,Universal Studios Florida,TRANSFORMERS™ The Ride-3D,0,False
2026-08-16 10:00:03,Universal Studios Florida,Fast & Furious - Supercharged™,0,False
2026-08-16 10:00:03,Universal Studios Florida,Fast & Furious - Supercharged™ Single Rider,0,True
2026-08-16 10:00:03,Universal Studios Florida,Harry Potter and the Escape from Gringotts™,0,False
2026-08-16 10:00:03,Universal Studios Florida,Harry Potter and the Escape from Gringotts™ Single Rider,0,True
2026-08-16 10:00:03,Universal Studios Florida,Hogwarts Express™ - King's Cross Station,0,False
2026-08-16 10:00:03,Universal Studios Florida,Hogwarts™ Express - First Train,0,False
2026-08-16 10:00:03,Universal Studios Florida,Hogwarts™ Express - Last Train,0,False
2026-08-16 10:00:03,Universal Studios Florida,Ollivanders™ Experience in Diagon Alley™,5,True
2026-08-16 10:00:03,Universal Studios Florida,Kang & Kodos' Twirl 'n' Hurl,0,False
2026-08-16 10:00:03,Universal Studios Florida,MEN IN BLACK™ Alien Attack!,0,False
2026-08-16 10:00:03,Universal Studios Florida,MEN IN BLACK™ Alien Attack!™ Single Rider,0,True
2026-08-16 10:00:03,Universal Studios Florida,The Simpsons Ride™,0,False
2026-08-16 10:00:03,Epic Universe,Constellation Carousel,0,False
2026-08-16 10:00:03,Epic Universe,Stardust Racers,0,False
2026-08-16 10:00:03,Epic Universe,Curse of the Werewolf,0,False
2026-08-16 10:00:03,Epic Universe,Curse of the Werewolf Single Rider,0,True
2026-08-16 10:00:03,Epic Universe,Monsters Unchained: The Frankenstein Experiment,0,False
2026-08-16 10:00:03,Epic Universe,Monsters Unchained: The Frankenstein Experiment Single Rider,0,True
2026-08-16 10:00:03,Epic Universe,Dragon Racer's Rally,0,False
2026-08-16 10:00:03,Epic Universe,Fyre Drill,0,False
2026-08-16 10:00:03,Epic Universe,Hiccup's Wing Gliders,0,False
2026-08-16 10:00:03,Epic Universe,Meet Toothless and Friends,45,True
2026-08-16 10:00:03,Epic Universe,Bowser Jr. Challenge,0,False
2026-08-16 10:00:03,Epic Universe,Mario Kart™: Bowser's Challenge,0,False
2026-08-16 10:00:03,Epic Universe,Mario Kart™: Bowser's Challenge Single Rider,0,True
2026-08-16 10:00:03,Epic Universe,Mine-Cart Madness™,0,False
2026-08-16 10:00:03,Epic Universe,Mine-Cart Madness™ Single Rider,0,True
2026-08-16 10:00:03,Epic Universe,Yoshi's Adventure™,0,False
2026-08-16 10:00:03,Epic Universe,Harry Potter and the Battle at the Ministry™,0,False
2026-08-16 10:00:03,Epic Universe,Harry Potter and the Battle at the Ministry™ Single Rider,0,True
2026-08-16 10:32:47,Islands of Adventure,Camp Jurassic™,0,False
2026-08-16 10:32:47,Islands of Adventure,Jurassic Park Discovery Center,0,False
2026-08-16 10:32:47,Islands of Adventure,Jurassic Park River Adventure,0,False
2026-08-16 10:32:47,Islands of Adventure,Jurassic World VelociCoaster,0,False
2026-08-16 10:32:47,Islands of Adventure,Pteranodon Flyers,0,False
2026-08-16 10:32:47,Islands of Adventure,Skull Island: Reign of Kong,0,False
2026-08-16 10:32:47,Islands of Adventure,Doctor Doom's Fearfall®,0,False
2026-08-16 10:32:47,Islands of Adventure,Doctor Doom's Fearfall® Single Rider,0,True
2026-08-16 10:32:47,Islands of Adventure,Storm Force Accelatron®,0,False
2026-08-16 10:32:47,Islands of Adventure,The Amazing Adventures of Spider-Man®,0,False
2026-08-16 10:32:47,Islands of Adventure,The Incredible Hulk Coaster®,0,False
2026-08-16 10:32:47,Islands of Adventure,The Incredible Hulk Coaster® Single Rider,0,True
2026-08-16 10:32:47,Islands of Adventure,Caro-Seuss-el™,0,False
2026-08-16 10:32:47,Islands of Adventure,If I Ran The Zoo™,0,False
2026-08-16 10:32:47,Islands of Adventure,"One Fish, Two Fish, Red Fish, Blue Fish™",0,False
2026-08-16 10:32:47,Islands of Adventure,The Cat in The Hat™,0,False
2026-08-16 10:32:47,Islands of Adventure,The High in the Sky Seuss Trolley Train Ride!™,0,False
2026-08-16 10:32:47,Islands of Adventure,Flight of the Hippogriff™,0,False
2026-08-16 10:32:47,Islands of Adventure,Hagrid's Magical Creatures Motorbike Adventure™,0,False
2026-08-16 10:32:47,Islands of Adventure,Hagrid's Magical Creatures Motorbike Adventure™ Single Rider,0,False
2026-08-16 10:32:47,Islands of Adventure,Harry Potter and the Forbidden Journey™,0,False
2026-08-16 10:32:47,Islands of Adventure,Harry Potter and the Forbidden Journey™ Single Rider,0,True
2026-08-16 10:32:47,Islands of Adventure,Hogwarts Express™ - Hogsmeade™ Station,0,False
2026-08-16 10:32:47,Islands of Adventure,Ollivanders™ Experience in Hogsmeade™,10,True
2026-08-16 10:32:47,Islands of Adventure,Dudley Do-Right's Ripsaw Falls®,0,False
2026-08-16 10:32:47,Islands of Adventure,"Me Ship, The Olive®",0,False
2026-08-16 10:32:47,Islands of Adventure,Popeye & Bluto's Bilge-Rat Barges®,0,False
2026-08-16 10:32:47,Universal Studios Florida,Trolls Trollercoaster,0,False
2026-08-16 10:32:47,Universal Studios Florida,E.T. Adventure,0,False
2026-08-16 10:32:47,Universal Studios Florida,Despicable Me Minion Mayhem™,0,False
2026-08-16 10:32:47,Universal Studios Florida,Illumination's Villain-Con Minion Blast,0,False
2026-08-16 10:32:47,Universal Studios Florida,Race Through New York Starring Jimmy Fallon™,0,False
2026-08-16 10:32:47,Universal Studios Florida,Revenge of the Mummy™,0,False
2026-08-16 10:32:47,Universal Studios Florida,Revenge of the Mummy™ Single Rider,0,True
2026-08-16 10:32:47,Universal Studios Florida,TRANSFORMERS™ The Ride-3D,0,False
2026-08-16 10:32:47,Universal Studios Florida,Fast & Furious - Supercharged™,0,False
2026-08-16 10:32:47,Universal Studios Florida,Fast & Furious - Supercharged™ Single Rider,0,True
2026-08-16 10:32:47,Universal Studios Florida,Harry Potter and the Escape from Gringotts™,0,False
2026-08-16 10:32:47,Universal Studios Florida,Harry Potter and the Escape from Gringotts™ Single Rider,0,True
2026-08-16 10:32:47,Universal Studios Florida,Hogwarts Express™ - King's Cross Station,0,False
2026-08-16 10:32:47,Universal Studios Florida,Hogwarts™ Express - First Train,0,False
2026-08-16 10:32:47,Universal Studios Florida,Hogwarts™ Express - Last Train,0,False
2026-08-16 10:32:47,Universal Studios Florida,Ollivanders™ Experience in Diagon Alley™,5,True
2026-08-16 10:32:47,Universal Studios Florida,Kang & Kodos' Twirl 'n' Hurl,0,False
2026-08-16 10:32:47,Universal Studios Florida,MEN IN BLACK™ Alien Attack!,0,False
2026-08-16 10:32:47,Universal Studios Florida,MEN IN BLACK™ Alien Attack!™ Single Rider,0,True
2026-08-16 10:32:47,Universal Studios Florida,The Simpsons Ride™,0,False
2026-08-16 10:32:47,Epic Universe,Constellation Carousel,0,False
2026-08-16 10:32:47,Epic Universe,Stardust Racers,0,False
2026-08-16 10:32:47,Epic Universe,Curse of the Werewolf,0,False
2026-08-16 10:32:47,Epic Universe,Curse of the Werewolf Single Rider,0,True
2026-08-16 10:32:47,Epic Universe,Monsters Unchained: The Frankenstein Experiment,0,False
2026-08-16 10:32:47,Epic Universe,Monsters Unchained: The Frankenstein Experiment Single Rider,0,True
2026-08-16 10:32:47,Epic Universe,Dragon Racer's Rally,0,False
2026-08-16 10:32:47,Epic Universe,Fyre Drill,0,False
2026-08-16 10:32:47,Epic Universe,Hiccup's Wing Gliders,0,False
2026-08-16 10:32:47,Epic Universe,Meet Toothless and Friends,45,True
2026-08-16 10:32:47,Epic Universe,Bowser Jr. Challenge,0,False
2026-08-16 10:32:47,Epic Universe,Mario Kart™: Bowser's Challenge,0,False
2026-08-16 10:32:47,Epic Universe,Mario Kart™: Bowser's Challenge Single Rider,0,True
2026-08-16 10:32:47,Epic Universe,Mine-Cart Madness™,0,False
2026-08-16 10:32:47,Epic Universe,Mine-Cart Madness™ Single Rider,0,True
2026-08-16 10:32:47,Epic Universe,Yoshi's Adventure™,0,False
2026-08-16 10:32:47,Epic Universe,Harry Potter and the Battle at the Ministry™,0,False
2026-08-16 10:32:47,Epic Universe,Harry Potter and the Battle at the Ministry™ Single Rider,0,True
2026-08-16 10:59:40,Islands of Adventure,Camp Jurassic™,0,False
2026-08-16 10:59:40,Islands of Adventure,Jurassic Park Discovery Center,0,False
2026-08-16 10:59:40,Islands of Adventure,Jurassic Park River Adventure,0,False
2026-08-16 10:59:40,Islands of Adventure,Jurassic World VelociCoaster,0,False
2026-08-16 10:59:40,Islands of Adventure,Pteranodon Flyers,0,False
2026-08-16 10:59:40,Islands of Adventure,Skull Island: Reign of Kong,0,False
2026-08-16 10:59:40,Islands of Adventure,Doctor Doom's Fearfall®,0,False
2026-08-16 10:59:40,Islands of Adventure,Doctor Doom's Fearfall® Single Rider,0,True
2026-08-16 10:59:40,Islands of Adventure,Storm Force Accelatron®,0,False
2026-08-16 10:59:40,Islands of Adventure,The Amazing Adventures of Spider-Man®,0,False
2026-08-16 10:59:40,Islands of Adventure,The Incredible Hulk Coaster®,0,False
2026-08-16 10:59:40,Islands of Adventure,The Incredible Hulk Coaster® Single Rider,0,True
2026-08-16 10:59:40,Islands of Adventure,Caro-Seuss-el™,0,False
2026-08-16 10:59:40,Islands of Adventure,If I Ran The Zoo™,0,False
2026-08-16 10:59:40,Islands of Adventure,"One Fish, Two Fish, Red Fish, Blue Fish™",0,False
2026-08-16 10:59:40,Islands of Adventure,The Cat in The Hat™,0,False
2026-08-16 10:59:40,Islands of Adventure,The High in the Sky Seuss Trolley Train Ride!™,0,False
2026-08-16 10:59:40,Islands of Adventure,Flight of the Hippogriff™,0,False
2026-08-16 10:59:40,Islands of Adventure,Hagrid's Magical Creatures Motorbike Adventure™,0,False
2026-08-16 10:59:40,Islands of Adventure,Hagrid's Magical Creatures Motorbike Adventure™ Single Rider,0,False
2026-08-16 10:59:40,Islands of Adventure,Harry Potter and the Forbidden Journey™,0,False
2026-08-16 10:59:40,Islands of Adventure,Harry Potter and the Forbidden Journey™ Single Rider,0,True
2026-08-16 10:59:40,Islands of Adventure,Hogwarts Express™ - Hogsmeade™ Station,0,False
2026-08-16 10:59:40,Islands of Adventure,Ollivanders™ Experience in Hogsmeade™,10,True
2026-08-16 10:59:40,Islands of Adventure,Dudley Do-Right's Ripsaw Falls®,0,False
2026-08-16 10:59:40,Islands of Adventure,"Me Ship, The Olive®",0,False
2026-08-16 10:59:40,Islands of Adventure,Popeye & Bluto's Bilge-Rat Barges®,0,False
2026-08-16 10:59:40,Universal Studios Florida,Trolls Trollercoaster,0,False
2026-08-16 10:59:40,Universal Studios Florida,E.T. Adventure,0,False
2026-08-16 10:59:40,Universal Studios Florida,Despicable Me Minion Mayhem™,0,False
2026-08-16 10:59:40,Universal Studios Florida,Illumination's Villain-Con Minion Blast,0,False
2026-08-16 10:59:40,Universal Studios Florida,Race Through New York Starring Jimmy Fallon™,0,False
2026-08-16 10:59:40,Universal Studios Florida,Revenge of the Mummy™,0,False
2026-08-16 10:59:40,Universal Studios Florida,Revenge of the Mummy™ Single Rider,0,True
2026-08-16 10:59:40,Universal Studios Florida,TRANSFORMERS™ The Ride-3D,0,False
2026-08-16 10:59:40,Universal Studios Florida,Fast & Furious - Supercharged™,0,False
2026-08-16 10:59:40,Universal Studios Florida,Fast & Furious - Supercharged™ Single Rider,0,True
2026-08-16 10:59:40,Universal Studios Florida,Harry Potter and the Escape from Gringotts™,0,False
2026-08-16 10:59:40,Universal Studios Florida,Harry Potter and the Escape from Gringotts™ Single Rider,0,True
2026-08-16 10:59:40,Universal Studios Florida,Hogwarts Express™ - King's Cross Station,0,False
2026-08-16 10:59:40,Universal Studios Florida,Hogwarts™ Express - First Train,0,False
2026-08-16 10:59:40,Universal Studios Florida,Hogwarts™ Express - Last Train,0,False
2026-08-16 10:59:40,Universal Studios Florida,Ollivanders™ Experience in Diagon Alley™,5,True
2026-08-16 10:59:40,Universal Studios Florida,Kang & Kodos' Twirl 'n' Hurl,0,False
2026-08-16 10:59:40,Universal Studios Florida,MEN IN BLACK™ Alien Attack!,0,False
2026-08-16 10:59:40,Universal Studios Florida,MEN IN BLACK™ Alien Attack!™ Single Rider,0,True
2026-08-16 10:59:40,Universal Studios Florida,The Simpsons Ride™,0,False
2026-08-16 10:59:40,Epic Universe,Constellation Carousel,0,False
2026-08-16 10:59:40,Epic Universe,Stardust Racers,0,False
2026-08-16 10:59:40,Epic Universe,Curse of the Werewolf,0,False
2026-08-16 10:59:40,Epic Universe,Curse of the Werewolf Single Rider,0,True
2026-08-16 10:59:40,Epic Universe,Monsters Unchained: The Frankenstein Experiment,0,False
2026-08-16 10:59:40,Epic Universe,Monsters Unchained: The Frankenstein Experiment Single Rider,0,True
2026-08-16 10:59:40,Epic Universe,Dragon Racer's Rally,0,False
2026-08-16 10:59:40,Epic Universe,Fyre Drill,0,False
2026-08-16 10:59:40,Epic Universe,Hiccup's Wing Gliders,0,False
2026-08-16 10:59:40,Epic Universe,Meet Toothless and Friends,45,True
2026-08-16 10:59:40,Epic Universe,Bowser Jr. Challenge,0,False
2026-08-16 10:59:40,Epic Universe,Mario Kart™: Bowser's Challenge,0,False
2026-08-16 10:59:40,Epic Universe,Mario Kart™: Bowser's Challenge Single Rider,0,True
2026-08-16 10:59:40,Epic Universe,Mine-Cart Madness™,0,False
2026-08-16 10:59:40,Epic Universe,Mine-Cart Madness™ Single Rider,0,True
2026-08-16 10:59:40,Epic Universe,Yoshi's Adventure™,0,False
2026-08-16 10:59:40,Epic Universe,Harry Potter and the Battle at the Ministry™,0,False
2026-08-16 10:59:40,Epic Universe,Harry Potter and the Battle at the Ministry™ Single Rider,0,True
2026-08-16 11:28:45,Islands of Adventure,Camp Jurassic™,0,False
2026-08-16 11:28:45,Islands of Adventure,Jurassic Park Discovery Center,0,False
2026-08-16 11:28:45,Islands of Adventure,Jurassic Park River Adventure,0,False
2026-08-16 11:28:45,Islands of Adventure,Jurassic World VelociCoaster,0,False
2026-08-16 11:28:45,Islands of Adventure,Pteranodon Flyers,0,False
2026-08-16 11:28:45,Islands of Adventure,Skull Island: Reign of Kong,0,False
2026-08-16 11:28:45,Islands of Adventure,Doctor Doom's Fearfall®,0,False
2026-08-16 11:28:45,Islands of Adventure,Doctor Doom's Fearfall® Single Rider,0,True
2026-08-16 11:28:45,Islands of Adventure,Storm Force Accelatron®,0,False
2026-08-16 11:28:45,Islands of Adventure,The Amazing Adventures of Spider-Man®,0,False
2026-08-16 11:28:45,Islands of Adventure,The Incredible Hulk Coaster®,0,False
2026-08-16 11:28:45,Islands of Adventure,The Incredible Hulk Coaster® Single Rider,0,True
2026-08-16 11:28:45,Islands of Adventure,Caro-Seuss-el™,0,False
2026-08-16 11:28:45,Islands of Adventure,If I Ran The Zoo™,0,False
2026-08-16 11:28:45,Islands of Adventure,"One Fish, Two Fish, Red Fish, Blue Fish™",0,False
2026-08-16 11:28:45,Islands of Adventure,The Cat in The Hat™,0,False
2026-08-16 11:28:45,Islands of Adventure,The High in the Sky Seuss Trolley Train Ride!™,0,False
2026-08-16 11:28:45,Islands of Adventure,Flight of the Hippogriff™,0,False
2026-08-16 11:28:45,Islands of Adventure,Hagrid's Magical Creatures Motorbike Adventure™,0,False
2026-08-16 11:28:45,Islands of Adventure,Hagrid's Magical Creatures Motorbike Adventure™ Single Rider,0,False
2026-08-16 11:28:45,Islands of Adventure,Harry Potter and the Forbidden Journey™,0,False
2026-08-16 11:28:45,Islands of Adventure,Harry Potter and the Forbidden Journey™ Single Rider,0,True
2026-08-16 11:28:45,Islands of Adventure,Hogwarts Express™ - Hogsmeade™ Station,0,False
2026-08-16 11:28:45,Islands of Adventure,Ollivanders™ Experience in Hogsmeade™,10,True
2026-08-16 11:28:45,Islands of Adventure,Dudley Do-Right's Ripsaw Falls®,0,False
2026-08-16 11:28:45,Islands of Adventure,"Me Ship, The Olive®",0,False
2026-08-16 11:28:45,Islands of Adventure,Popeye & Bluto's Bilge-Rat Barges®,0,False
2026-08-16 11:28:45,Universal Studios Florida,Trolls Trollercoaster,0,False
2026-08-16 11:28:45,Universal Studios Florida,E.T. Adventure,0,False
2026-08-16 11:28:45,Universal Studios Florida,Despicable Me Minion Mayhem™,0,False
2026-08-16 11:28:45,Universal Studios Florida,Illumination's Villain-Con Minion Blast,0,False
2026-08-16 11:28:45,Universal Studios Florida,Race Through New York Starring Jimmy Fallon™,0,False
2026-08-16 11:28:45,Universal Studios Florida,Revenge of the Mummy™,0,False
2026-08-16 11:28:45,Universal Studios Florida,Revenge of the Mummy™ Single Rider,0,True
2026-08-16 11:28:45,Universal Studios Florida,TRANSFORMERS™ The Ride-3D,0,False
2026-08-16 11:28:45,Universal Studios Florida,Fast & Furious - Supercharged™,0,False
2026-08-16 11:28:45,Universal Studios Florida,Fast & Furious - Supercharged™ Single Rider,0,True
2026-08-16 11:28:45,Universal Studios Florida,Harry Potter and the Escape from Gringotts™,0,False
2026-08-16 11:28:45,Universal Studios Florida,Harry Potter and the Escape from Gringotts™ Single Rider,0,True
2026-08-16 11:28:45,Universal Studios Florida,Hogwarts Express™ - King's Cross Station,0,False
2026-08-16 11:28:45,Universal Studios Florida,Hogwarts™ Express - First Train,0,False
2026-08-16 11:28:45,Universal Studios Florida,Hogwarts™ Express - Last Train,0,False
2026-08-16 11:28:45,Universal Studios Florida,Ollivanders™ Experience in Diagon Alley™,5,True
2026-08-16 11:28:45,Universal Studios Florida,Kang & Kodos' Twirl 'n' Hurl,0,False
2026-08-16 11:28:45,Universal Studios Florida,MEN IN BLACK™ Alien Attack!,0,False
2026-08-16 11:28:45,Universal Studios Florida,MEN IN BLACK™ Alien Attack!™ Single Rider,0,True
2026-08-16 11:28:45,Universal Studios Florida,The Simpsons Ride™,0,False
2026-08-16 11:28:45,Epic Universe,Constellation Carousel,0,False
2026-08-16 11:28:45,Epic Universe,Stardust Racers,0,False
2026-08-16 11:28:45,Epic Universe,Curse of the Werewolf,0,False
2026-08-16 11:28:45,Epic Universe,Curse of the Werewolf Single Rider,0,True
2026-08-16 11:28:45,Epic Universe,Monsters Unchained: The Frankenstein Experiment,0,False
2026-08-16 11:28:45,Epic Universe,Monsters Unchained: The Frankenstein Experiment Single Rider,0,True
2026-08-16 11:28:45,Epic Universe,Dragon Racer's Rally,0,False
2026-08-16 11:28:45,Epic Universe,Fyre Drill,0,False
2026-08-16 11:28:45,Epic Universe,Hiccup's Wing Gliders,0,False
2026-08-16 11:28:45,Epic Universe,Meet Toothless and Friends,45,True
2026-08-16 11:28:45,Epic Universe,Bowser Jr. Challenge,0,False
2026-08-16 11:28:45,Epic Universe,Mario Kart™: Bowser's Challenge,0,False
2026-08-16 11:28:45,Epic Universe,Mario Kart™: Bowser's Challenge Single Rider,0,True
2026-08-16 11:28:45,Epic Universe,Mine-Cart Madness™,0,False
2026-08-16 11:28:45,Epic Universe,Mine-Cart Madness™ Single Rider,0,True
2026-08-16 11:28:45,Epic Universe,Yoshi's Adventure™,0,False
2026-08-16 11:28:45,Epic Universe,Harry Potter and the Battle at the Ministry™,0,False
2026-08-16 11:28:45,Epic Universe,Harry Potter and the Battle at the Ministry™ Single Rider,0,True
2026-08-16 11:49:23,Islands of Adventure,Camp Jurassic™,0,False
2026-08-16 11:49:23,Islands of Adventure,Jurassic Park Discovery Center,0,False
2026-08-16 11:49:23,Islands of Adventure,Jurassic Park River Adventure,0,False
2026-08-16 11:49:23,Islands of Adventure,Jurassic World VelociCoaster,0,False
2026-08-16 11:49:23,Islands of Adventure,Pteranodon Flyers,0,False
2026-08-16 11:49:23,Islands of Adventure,Skull Island: Reign of Kong,0,False
2026-08-16 11:49:23,Islands of Adventure,Doctor Doom's Fearfall®,0,False
2026-08-16 11:49:23,Islands of Adventure,Doctor Doom's Fearfall® Single Rider,0,True
2026-08-16 11:49:23,Islands of Adventure,Storm Force Accelatron®,0,False
2026-08-16 11:49:23,Islands of Adventure,The Amazing Adventures of Spider-Man®,0,False
2026-08-16 11:49:23,Islands of Adventure,The Incredible Hulk Coaster®,0,False
2026-08-16 11:49:23,Islands of Adventure,The Incredible Hulk Coaster® Single Rider,0,True
2026-08-16 11:49:23,Islands of Adventure,Caro-Seuss-el™,0,False
2026-08-16 11:49:23,Islands of Adventure,If I Ran The Zoo™,0,False
2026-08-16 11:49:23,Islands of Adventure,"One Fish, Two Fish, Red Fish, Blue Fish™",0,False
2026-08-16 11:49:23,Islands of Adventure,The Cat in The Hat™,0,False
2026-08-16 11:49:23,Islands of Adventure,The High in the Sky Seuss Trolley Train Ride!™,0,False
2026-08-16 11:49:23,Islands of Adventure,Flight of the Hippogriff™,0,False
2026-08-16 11:49:23,Islands of Adventure,Hagrid's Magical Creatures Motorbike Adventure™,0,False
2026-08-16 11:49:23,Islands of Adventure,Hagrid's Magical Creatures Motorbike Adventure™ Single Rider,0,False
2026-08-16 11:49:23,Islands of Adventure,Harry Potter and the Forbidden Journey™,0,False
2026-08-16 11:49:23,Islands of Adventure,Harry Potter and the Forbidden Journey™ Single Rider,0,True
2026-08-16 11:49:23,Islands of Adventure,Hogwarts Express™ - Hogsmeade™ Station,0,False
2026-08-16 11:49:23,Islands of Adventure,Ollivanders™ Experience in Hogsmeade™,10,True
2026-08-16 11:49:23,Islands of Adventure,Dudley Do-Right's Ripsaw Falls®,0,False
2026-08-16 11:49:23,Islands of Adventure,"Me Ship, The Olive®",0,False
2026-08-16 11:49:23,Islands of Adventure,Popeye & Bluto's Bilge-Rat Barges®,0,False
2026-08-16 11:49:23,Universal Studios Florida,Trolls Trollercoaster,0,False
2026-08-16 11:49:23,Universal Studios Florida,E.T. Adventure,0,False
2026-08-16 11:49:23,Universal Studios Florida,Despicable Me Minion Mayhem™,0,False
2026-08-16 11:49:23,Universal Studios Florida,Illumination's Villain-Con Minion Blast,0,False
2026-08-16 11:49:23,Universal Studios Florida,Race Through New York Starring Jimmy Fallon™,0,False
2026-08-16 11:49:23,Universal Studios Florida,Revenge of the Mummy™,0,False
2026-08-16 11:49:23,Universal Studios Florida,Revenge of the Mummy™ Single Rider,0,True
2026-08-16 11:49:23,Universal Studios Florida,TRANSFORMERS™ The Ride-3D,0,False
2026-08-16 11:49:23,Universal Studios Florida,Fast & Furious - Supercharged™,0,False
2026-08-16 11:49:23,Universal Studios Florida,Fast & Furious - Supercharged™ Single Rider,0,True
2026-08-16 11:49:23,Universal Studios Florida,Harry Potter and the Escape from Gringotts™,0,False
2026-08-16 11:49:23,Universal Studios Florida,Harry Potter and the Escape from Gringotts™ Single Rider,0,True
2026-08-16 11:49:23,Universal Studios Florida,Hogwarts Express™ - King's Cross Station,0,False
2026-08-16 11:49:23,Universal Studios Florida,Hogwarts™ Express - First Train,0,False
2026-08-16 11:49:23,Universal Studios Florida,Hogwarts™ Express - Last Train,0,False
2026-08-16 11:49:23,Universal Studios Florida,Ollivanders™ Experience in Diagon Alley™,5,True
2026-08-16 11:49:23,Universal Studios Florida,Kang & Kodos' Twirl 'n' Hurl,0,False
2026-08-16 11:49:23,Universal Studios Florida,MEN IN BLACK™ Alien Attack!,0,False
2026-08-16 11:49:23,Universal Studios Florida,MEN IN BLACK™ Alien Attack!™ Single Rider,0,True
2026-08-16 11:49:23,Universal Studios Florida,The Simpsons Ride™,0,False
2026-08-16 11:49:23,Epic Universe,Constellation Carousel,0,False
2026-08-16 11:49:23,Epic Universe,Stardust Racers,0,False
2026-08-16 11:49:23,Epic Universe,Curse of the Werewolf,0,False
2026-08-16 11:49:23,Epic Universe,Curse of the Werewolf Single Rider,0,True
2026-08-16 11:49:23,Epic Universe,Monsters Unchained: The Frankenstein Experiment,0,False
2026-08-16 11:49:23,Epic Universe,Monsters Unchained: The Frankenstein Experiment Single Rider,0,True
2026-08-16 11:49:23,Epic Universe,Dragon Racer's Rally,0,False
2026-08-16 11:49:23,Epic Universe,Fyre Drill,0,False
2026-08-16 11:49:23,Epic Universe,Hiccup's Wing Gliders,0,False
2026-08-16 11:49:23,Epic Universe,Meet Toothless and Friends,45,True
2026-08-16 11:49:23,Epic Universe,Bowser Jr. Challenge,0,False
2026-08-16 11:49:23,Epic Universe,Mario Kart™: Bowser's Challenge,0,False
2026-08-16 11:49:23,Epic Universe,Mario Kart™: Bowser's Challenge Single Rider,0,True
2026-08-16 11:49:23,Epic Universe,Mine-Cart Madness™,0,False
2026-08-16 11:49:23,Epic Universe,Mine-Cart Madness™ Single Rider,0,True
2026-08-16 11:49:23,Epic Universe,Yoshi's Adventure™,0,False
2026-08-16 11:49:23,Epic Universe,Harry Potter and the Battle at the Ministry™,0,False
2026-08-16 11:49:23,Epic Universe,Harry Potter and the Battle at the Ministry™ Single Rider,0,True
2026-08-16 12:40:21,Islands of Adventure,Camp Jurassic™,0,False
2026-08-16 12:40:21,Islands of Adventure,Jurassic Park Discovery Center,0,False
2026-08-16 12:40:21,Islands of Adventure,Jurassic Park River Adventure,0,False
2026-08-16 12:40:21,Islands of Adventure,Jurassic World VelociCoaster,25,True
2026-08-16 12:40:21,Islands of Adventure,Pteranodon Flyers,0,False
2026-08-16 12:40:21,Islands of Adventure,Skull Island: Reign of Kong,0,False
2026-08-16 12:40:21,Islands of Adventure,Doctor Doom's Fearfall®,0,False
2026-08-16 12:40:21,Islands of Adventure,Doctor Doom's Fearfall® Single Rider,0,True
2026-08-16 12:40:21,Islands of Adventure,Storm Force Accelatron®,0,False
2026-08-16 12:40:21,Islands of Adventure,The Amazing Adventures of Spider-Man®,0,False
2026-08-16 12:40:21,Islands of Adventure,The Incredible Hulk Coaster®,0,False
2026-08-16 12:40:21,Islands of Adventure,The Incredible Hulk Coaster® Single Rider,0,True
2026-08-16 12:40:21,Islands of Adventure,Caro-Seuss-el™,0,False
2026-08-16 12:40:21,Islands of Adventure,If I Ran The Zoo™,0,False
2026-08-16 12:40:21,Islands of Adventure,"One Fish, Two Fish, Red Fish, Blue Fish™",5,True
2026-08-16 12:40:21,Islands of Adventure,The Cat in The Hat™,0,False
2026-08-16 12:40:21,Islands of Adventure,The High in the Sky Seuss Trolley Train Ride!™,0,False
2026-08-16 12:40:21,Islands of Adventure,Flight of the Hippogriff™,5,True
2026-08-16 12:40:21,Islands of Adventure,Hagrid's Magical Creatures Motorbike Adventure™,60,True
2026-08-16 12:40:21,Islands of Adventure,Hagrid's Magical Creatures Motorbike Adventure™ Single Rider,0,False
2026-08-16 12:40:21,Islands of Adventure,Harry Potter and the Forbidden Journey™,10,True
2026-08-16 12:40:21,Islands of Adventure,Harry Potter and the Forbidden Journey™ Single Rider,0,True
2026-08-16 12:40:21,Islands of Adventure,Hogwarts Express™ - Hogsmeade™ Station,0,False
2026-08-16 12:40:21,Islands of Adventure,Ollivanders™ Experience in Hogsmeade™,15,True
2026-08-16 12:40:21,Islands of Adventure,Dudley Do-Right's Ripsaw Falls®,0,False
2026-08-16 12:40:21,Islands of Adventure,"Me Ship, The Olive®",0,False
2026-08-16 12:40:21,Islands of Adventure,Popeye & Bluto's Bilge-Rat Barges®,0,False
2026-08-16 12:40:21,Universal Studios Florida,Trolls Trollercoaster,0,False
2026-08-16 12:40:21,Universal Studios Florida,E.T. Adventure,0,False
2026-08-16 12:40:21,Universal Studios Florida,Despicable Me Minion Mayhem™,0,False
2026-08-16 12:40:21,Universal Studios Florida,Illumination's Villain-Con Minion Blast,0,False
2026-08-16 12:40:21,Universal Studios Florida,Race Through New York Starring Jimmy Fallon™,0,False
2026-08-16 12:40:21,Universal Studios Florida,Revenge of the Mummy™,0,False
2026-08-16 12:40:21,Universal Studios Florida,Revenge of the Mummy™ Single Rider,0,True
2026-08-16 12:40:21,Universal Studios Florida,TRANSFORMERS™ The Ride-3D,0,False
2026-08-16 12:40:21,Universal Studios Florida,Fast & Furious - Supercharged™,0,False
2026-08-16 12:40:21,Universal Studios Florida,Fast & Furious - Supercharged™ Single Rider,0,True
2026-08-16 12:40:21,Universal Studios Florida,Harry Potter and the Escape from Gringotts™,0,False
2026-08-16 12:40:21,Universal Studios Florida,Harry Potter and the Escape from Gringotts™ Single Rider,0,True
2026-08-16 12:40:21,Universal Studios Florida,Hogwarts Express™ - King's Cross Station,0,False
2026-08-16 12:40:21,Universal Studios Florida,Hogwarts™ Express - First Train,0,False
2026-08-16 12:40:21,Universal Studios Florida,Hogwarts™ Express - Last Train,0,False
2026-08-16 12:40:21,Universal Studios Florida,Ollivanders™ Experience in Diagon Alley™,5,True
2026-08-16 12:40:21,Universal Studios Florida,Kang & Kodos' Twirl 'n' Hurl,0,False
2026-08-16 12:40:21,Universal Studios Florida,MEN IN BLACK™ Alien Attack!,0,False
2026-08-16 12:40:21,Universal Studios Florida,MEN IN BLACK™ Alien Attack!™ Single Rider,0,True
2026-08-16 12:40:21,Universal Studios Florida,The Simpsons Ride™,0,False
2026-08-16 12:40:21,Epic Universe,Constellation Carousel,0,False
2026-08-16 12:40:21,Epic Universe,Stardust Racers,5,True
2026-08-16 12:40:21,Epic Universe,Curse of the Werewolf,0,False
2026-08-16 12:40:21,Epic Universe,Curse of the Werewolf Single Rider,0,True
2026-08-16 12:40:21,Epic Universe,Monsters Unchained: The Frankenstein Experiment,0,False
2026-08-16 12:40:21,Epic Universe,Monsters Unchained: The Frankenstein Experiment Single Rider,0,True
2026-08-16 12:40:21,Epic Universe,Dragon Racer's Rally,5,True
2026-08-16 12:40:21,Epic Universe,Fyre Drill,0,False
2026-08-16 12:40:21,Epic Universe,Hiccup's Wing Gliders,5,True
2026-08-16 12:40:21,Epic Universe,Meet Toothless and Friends,60,True
2026-08-16 12:40:21,Epic Universe,Bowser Jr. Challenge,5,True
2026-08-16 12:40:21,Epic Universe,Mario Kart™: Bowser's Challenge,15,True
2026-08-16 12:40:21,Epic Universe,Mario Kart™: Bowser's Challenge Single Rider,0,True
2026-08-16 12:40:21,Epic Universe,Mine-Cart Madness™,90,True
2026-08-16 12:40:21,Epic Universe,Mine-Cart Madness™ Single Rider,0,True
2026-08-16 12:40:21,Epic Universe,Yoshi's Adventure™,5,True
2026-08-16 12:40:21,Epic Universe,Harry Potter and the Battle at the Ministry™,30,True
2026-08-16 12:40:21,Epic Universe,Harry Potter and the Battle at the Ministry™ Single Rider,0,True
2026-08-16 13:18:52,Islands of Adventure,Camp Jurassic™,0,False
2026-08-16 13:18:52,Islands of Adventure,Jurassic Park Discovery Center,0,False
2026-08-16 13:18:52,Islands of Adventure,Jurassic Park River Adventure,0,False
2026-08-16 13:18:52,Islands of Adventure,Jurassic World VelociCoaster,25,True
2026-08-16 13:18:52,Islands of Adventure,Pteranodon Flyers,5,True
2026-08-16 13:18:52,Islands of Adventure,Skull Island: Reign of Kong,5,True
2026-08-16 13:18:52,Islands of Adventure,Doctor Doom's Fearfall®,10,True
2026-08-16 13:18:52,Islands of Adventure,Doctor Doom's Fearfall® Single Rider,0,True
2026-08-16 13:18:52,Islands of Adventure,Storm Force Accelatron®,5,True
2026-08-16 13:18:52,Islands of Adventure,The Amazing Adventures of Spider-Man®,5,True
2026-08-16 13:18:52,Islands of Adventure,The Incredible Hulk Coaster®,5,True
2026-08-16 13:18:52,Islands of Adventure,The Incredible Hulk Coaster® Single Rider,0,True
2026-08-16 13:18:52,Islands of Adventure,Caro-Seuss-el™,5,True
2026-08-16 13:18:52,Islands of Adventure,If I Ran The Zoo™,0,False
2026-08-16 13:18:52,Islands of Adventure,"One Fish, Two Fish, Red Fish, Blue Fish™",5,True
2026-08-16 13:18:52,Islands of Adventure,The Cat in The Hat™,5,True
2026-08-16 13:18:52,Islands of Adventure,The High in the Sky Seuss Trolley Train Ride!™,5,True
2026-08-16 13:18:52,Islands of Adventure,Flight of the Hippogriff™,20,True
2026-08-16 13:18:52,Islands of Adventure,Hagrid's Magical Creatures Motorbike Adventure™,90,True
2026-08-16 13:18:52,Islands of Adventure,Hagrid's Magical Creatures Motorbike Adventure™ Single Rider,0,False
2026-08-16 13:18:52,Islands of Adventure,Harry Potter and the Forbidden Journey™,15,True
2026-08-16 13:18:52,Islands of Adventure,Harry Potter and the Forbidden Journey™ Single Rider,0,True
2026-08-16 13:18:52,Islands of Adventure,Hogwarts Express™ - Hogsmeade™ Station,0,False
2026-08-16 13:18:52,Islands of Adventure,Ollivanders™ Experience in Hogsmeade™,25,True
2026-08-16 13:18:52,Islands of Adventure,Dudley Do-Right's Ripsaw Falls®,5,True
2026-08-16 13:18:52,Islands of Adventure,"Me Ship, The Olive®",0,False
2026-08-16 13:18:52,Islands of Adventure,Popeye & Bluto's Bilge-Rat Barges®,0,False
2026-08-16 13:18:52,Universal Studios Florida,Trolls Trollercoaster,0,False
2026-08-16 13:18:52,Universal Studios Florida,E.T. Adventure,0,False
2026-08-16 13:18:52,Universal Studios Florida,Despicable Me Minion Mayhem™,0,False
2026-08-16 13:18:52,Universal Studios Florida,Illumination's Villain-Con Minion Blast,0,False
2026-08-16 13:18:52,Universal Studios Florida,Race Through New York Starring Jimmy Fallon™,0,False
2026-08-16 13:18:52,Universal Studios Florida,Revenge of the Mummy™,0,False
2026-08-16 13:18:52,Universal Studios Florida,Revenge of the Mummy™ Single Rider,0,True
2026-08-16 13:18:52,Universal Studios Florida,TRANSFORMERS™ The Ride-3D,0,False
2026-08-16 13:18:52,Universal Studios Florida,Fast & Furious - Supercharged™,0,False
2026-08-16 13:18:52,Universal Studios Florida,Fast & Furious - Supercharged™ Single Rider,0,True
2026-08-16 13:18:52,Universal Studios Florida,Harry Potter and the Escape from Gringotts™,0,False
2026-08-16 13:18:52,Universal Studios Florida,Harry Potter and the Escape from Gringotts™ Single Rider,0,True
2026-08-16 13:18:52,Universal Studios Florida,Hogwarts Express™ - King's Cross Station,0,False
2026-08-16 13:18:52,Universal Studios Florida,Hogwarts™ Express - First Train,0,False
2026-08-16 13:18:52,Universal Studios Florida,Hogwarts™ Express - Last Train,0,False
2026-08-16 13:18:52,Universal Studios Florida,Ollivanders™ Experience in Diagon Alley™,5,True
2026-08-16 13:18:52,Universal Studios Florida,Kang & Kodos' Twirl 'n' Hurl,0,False
2026-08-16 13:18:52,Universal Studios Florida,MEN IN BLACK™ Alien Attack!,0,False
2026-08-16 13:18:52,Universal Studios Florida,MEN IN BLACK™ Alien Attack!™ Single Rider,0,True
2026-08-16 13:18:52,Universal Studios Florida,The Simpsons Ride™,0,False
2026-08-16 13:18:52,Epic Universe,Constellation Carousel,5,True
2026-08-16 13:18:52,Epic Universe,Stardust Racers,15,True
2026-08-16 13:18:52,Epic Universe,Curse of the Werewolf,5,True
2026-08-16 13:18:52,Epic Universe,Curse of the Werewolf Single Rider,0,True
2026-08-16 13:18:52,Epic Universe,Monsters Unchained: The Frankenstein Experiment,0,False
2026-08-16 13:18:52,Epic Universe,Monsters Unchained: The Frankenstein Experiment Single Rider,0,True
2026-08-16 13:18:52,Epic Universe,Dragon Racer's Rally,25,True
2026-08-16 13:18:52,Epic Universe,Fyre Drill,5,True
2026-08-16 13:18:52,Epic Universe,Hiccup's Wing Gliders,15,True
2026-08-16 13:18:52,Epic Universe,Meet Toothless and Friends,60,True
2026-08-16 13:18:52,Epic Universe,Bowser Jr. Challenge,5,True
2026-08-16 13:18:52,Epic Universe,Mario Kart™: Bowser's Challenge,50,True
2026-08-16 13:18:52,Epic Universe,Mario Kart™: Bowser's Challenge Single Rider,0,True
2026-08-16 13:18:52,Epic Universe,Mine-Cart Madness™,75,True
2026-08-16 13:18:52,Epic Universe,Mine-Cart Madness™ Single Rider,0,True
2026-08-16 13:18:52,Epic Universe,Yoshi's Adventure™,5,True
2026-08-16 13:18:52,Epic Universe,Harry Potter and the Battle at the Ministry™,75,True
2026-08-16 13:18:52,Epic Universe,Harry Potter and the Battle at the Ministry™ Single Rider,0,True
2026-08-16 13:52:56,Islands of Adventure,Camp Jurassic™,0,False
2026-08-16 13:52:56,Islands of Adventure,Jurassic Park Discovery Center,0,False
2026-08-16 13:52:56,Islands of Adventure,Jurassic Park River Adventure,0,False
2026-08-16 13:52:56,Islands of Adventure,Jurassic World VelociCoaster,25,True
2026-08-16 13:52:56,Islands of Adventure,Pteranodon Flyers,30,True
2026-08-16 13:52:56,Islands of Adventure,Skull Island: Reign of Kong,5,True
2026-08-16 13:52:56,Islands of Adventure,Doctor Doom's Fearfall®,5,True
2026-08-16 13:52:56,Islands of Adventure,Doctor Doom's Fearfall® Single Rider,0,True
2026-08-16 13:52:56,Islands of Adventure,Storm Force Accelatron®,5,True
2026-08-16 13:52:56,Islands of Adventure,The Amazing Adventures of Spider-Man®,25,True
2026-08-16 13:52:56,Islands of Adventure,The Incredible Hulk Coaster®,15,True
2026-08-16 13:52:56,Islands of Adventure,The Incredible Hulk Coaster® Single Rider,0,True
2026-08-16 13:52:56,Islands of Adventure,Caro-Seuss-el™,5,True
2026-08-16 13:52:56,Islands of Adventure,If I Ran The Zoo™,0,False
2026-08-16 13:52:56,Islands of Adventure,"One Fish, Two Fish, Red Fish, Blue Fish™",5,True
2026-08-16 13:52:56,Islands of Adventure,The Cat in The Hat™,5,True
2026-08-16 13:52:56,Islands of Adventure,The High in the Sky Seuss Trolley Train Ride!™,5,True
2026-08-16 13:52:56,Islands of Adventure,Flight of the Hippogriff™,20,True
2026-08-16 13:52:56,Islands of Adventure,Hagrid's Magical Creatures Motorbike Adventure™,90,True
2026-08-16 13:52:56,Islands of Adventure,Hagrid's Magical Creatures Motorbike Adventure™ Single Rider,0,False
2026-08-16 13:52:56,Islands of Adventure,Harry Potter and the Forbidden Journey™,15,True
2026-08-16 13:52:56,Islands of Adventure,Harry Potter and the Forbidden Journey™ Single Rider,0,True
2026-08-16 13:52:56,Islands of Adventure,Hogwarts Express™ - Hogsmeade™ Station,0,False
2026-08-16 13:52:56,Islands of Adventure,Ollivanders™ Experience in Hogsmeade™,15,True
2026-08-16 13:52:56,Islands of Adventure,Dudley Do-Right's Ripsaw Falls®,5,True
2026-08-16 13:52:56,Islands of Adventure,"Me Ship, The Olive®",0,False
2026-08-16 13:52:56,Islands of Adventure,Popeye & Bluto's Bilge-Rat Barges®,0,False
2026-08-16 13:52:56,Universal Studios Florida,Trolls Trollercoaster,0,False
2026-08-16 13:52:56,Universal Studios Florida,E.T. Adventure,0,False
2026-08-16 13:52:56,Universal Studios Florida,Despicable Me Minion Mayhem™,15,True
2026-08-16 13:52:56,Universal Studios Florida,Illumination's Villain-Con Minion Blast,0,False
2026-08-16 13:52:56,Universal Studios Florida,Race Through New York Starring Jimmy Fallon™,0,False
2026-08-16 13:52:56,Universal Studios Florida,Revenge of the Mummy™,0,False
2026-08-16 13:52:56,Universal Studios Florida,Revenge of the Mummy™ Single Rider,0,True
2026-08-16 13:52:56,Universal Studios Florida,TRANSFORMERS™ The Ride-3D,0,False
2026-08-16 13:52:56,Universal Studios Florida,Fast & Furious - Supercharged™,0,False
2026-08-16 13:52:56,Universal Studios Florida,Fast & Furious - Supercharged™ Single Rider,0,True
2026-08-16 13:52:56,Universal Studios Florida,Harry Potter and the Escape from Gringotts™,20,True
2026-08-16 13:52:56,Universal Studios Florida,Harry Potter and the Escape from Gringotts™ Single Rider,0,True
2026-08-16 13:52:56,Universal Studios Florida,Hogwarts Express™ - King's Cross Station,0,False
2026-08-16 13:52:56,Universal Studios Florida,Hogwarts™ Express - First Train,0,False
2026-08-16 13:52:56,Universal Studios Florida,Hogwarts™ Express - Last Train,0,False
2026-08-16 13:52:56,Universal Studios Florida,Ollivanders™ Experience in Diagon Alley™,5,True
2026-08-16 13:52:56,Universal Studios Florida,Kang & Kodos' Twirl 'n' Hurl,0,False
2026-08-16 13:52:56,Universal Studios Florida,MEN IN BLACK™ Alien Attack!,0,False
2026-08-16 13:52:56,Universal Studios Florida,MEN IN BLACK™ Alien Attack!™ Single Rider,0,True
2026-08-16 13:52:56,Universal Studios Florida,The Simpsons Ride™,0,False
2026-08-16 13:52:56,Epic Universe,Constellation Carousel,5,True
2026-08-16 13:52:56,Epic Universe,Stardust Racers,15,True
2026-08-16 13:52:56,Epic Universe,Curse of the Werewolf,10,True
2026-08-16 13:52:56,Epic Universe,Curse of the Werewolf Single Rider,0,True
2026-08-16 13:52:56,Epic Universe,Monsters Unchained: The Frankenstein Experiment,20,True
2026-08-16 13:52:56,Epic Universe,Monsters Unchained: The Frankenstein Experiment Single Rider,0,True
2026-08-16 13:52:56,Epic Universe,Dragon Racer's Rally,25,True
2026-08-16 13:52:56,Epic Universe,Fyre Drill,5,True
2026-08-16 13:52:56,Epic Universe,Hiccup's Wing Gliders,25,True
2026-08-16 13:52:56,Epic Universe,Meet Toothless and Friends,90,True
2026-08-16 13:52:56,Epic Universe,Bowser Jr. Challenge,5,True
2026-08-16 13:52:56,Epic Universe,Mario Kart™: Bowser's Challenge,45,True
2026-08-16 13:52:56,Epic Universe,Mario Kart™: Bowser's Challenge Single Rider,0,True
2026-08-16 13:52:56,Epic Universe,Mine-Cart Madness™,65,True
2026-08-16 13:52:56,Epic Universe,Mine-Cart Madness™ Single Rider,0,True
2026-08-16 13:52:56,Epic Universe,Yoshi's Adventure™,30,True
2026-08-16 13:52:56,Epic Universe,Harry Potter and the Battle at the Ministry™,75,True
2026-08-16 13:52:56,Epic Universe,Harry Potter and the Battle at the Ministry™ Single Rider,0,True
2026-08-16 14:23:27,Islands of Adventure,Camp Jurassic™,0,False
2026-08-16 14:23:27,Islands of Adventure,Jurassic Park Discovery Center,0,False
2026-08-16 14:23:27,Islands of Adventure,Jurassic Park River Adventure,0,False
2026-08-16 14:23:27,Islands of Adventure,Jurassic World VelociCoaster,30,True
2026-08-16 14:23:27,Islands of Adventure,Pteranodon Flyers,25,True
2026-08-16 14:23:27,Islands of Adventure,Skull Island: Reign of Kong,0,False
2026-08-16 14:23:27,Islands of Adventure,Doctor Doom's Fearfall®,15,True
2026-08-16 14:23:27,Islands of Adventure,Doctor Doom's Fearfall® Single Rider,0,True
2026-08-16 14:23:27,Islands of Adventure,Storm Force Accelatron®,5,True
2026-08-16 14:23:27,Islands of Adventure,The Amazing Adventures of Spider-Man®,45,True
2026-08-16 14:23:27,Islands of Adventure,The Incredible Hulk Coaster®,15,True
2026-08-16 14:23:27,Islands of Adventure,The Incredible Hulk Coaster® Single Rider,0,True
2026-08-16 14:23:27,Islands of Adventure,Caro-Seuss-el™,5,True
2026-08-16 14:23:27,Islands of Adventure,If I Ran The Zoo™,0,False
2026-08-16 14:23:27,Islands of Adventure,"One Fish, Two Fish, Red Fish, Blue Fish™",5,True
2026-08-16 14:23:27,Islands of Adventure,The Cat in The Hat™,5,True
2026-08-16 14:23:27,Islands of Adventure,The High in the Sky Seuss Trolley Train Ride!™,5,True
2026-08-16 14:23:27,Islands of Adventure,Flight of the Hippogriff™,20,True
2026-08-16 14:23:27,Islands of Adventure,Hagrid's Magical Creatures Motorbike Adventure™,90,True
2026-08-16 14:23:27,Islands of Adventure,Hagrid's Magical Creatures Motorbike Adventure™ Single Rider,0,False
2026-08-16 14:23:27,Islands of Adventure,Harry Potter and the Forbidden Journey™,10,True
2026-08-16 14:23:27,Islands of Adventure,Harry Potter and the Forbidden Journey™ Single Rider,0,True
2026-08-16 14:23:27,Islands of Adventure,Hogwarts Express™ - Hogsmeade™ Station,20,True
2026-08-16 14:23:27,Islands of Adventure,Ollivanders™ Experience in Hogsmeade™,15,True
2026-08-16 14:23:27,Islands of Adventure,Dudley Do-Right's Ripsaw Falls®,5,True
2026-08-16 14:23:27,Islands of Adventure,"Me Ship, The Olive®",0,False
2026-08-16 14:23:27,Islands of Adventure,Popeye & Bluto's Bilge-Rat Barges®,10,True
2026-08-16 14:23:27,Universal Studios Florida,Trolls Trollercoaster,0,False
2026-08-16 14:23:27,Universal Studios Florida,E.T. Adventure,0,False
2026-08-16 14:23:27,Universal Studios Florida,Despicable Me Minion Mayhem™,45,True
2026-08-16 14:23:27,Universal Studios Florida,Illumination's Villain-Con Minion Blast,5,True
2026-08-16 14:23:27,Universal Studios Florida,Race Through New York Starring Jimmy Fallon™,5,True
2026-08-16 14:23:27,Universal Studios Florida,Revenge of the Mummy™,15,True
2026-08-16 14:23:27,Universal Studios Florida,Revenge of the Mummy™ Single Rider,0,True
2026-08-16 14:23:27,Universal Studios Florida,TRANSFORMERS™ The Ride-3D,5,True
2026-08-16 14:23:27,Universal Studios Florida,Fast & Furious - Supercharged™,10,True
2026-08-16 14:23:27,Universal Studios Florida,Fast & Furious - Supercharged™ Single Rider,0,True
2026-08-16 14:23:27,Universal Studios Florida,Harry Potter and the Escape from Gringotts™,20,True
2026-08-16 14:23:27,Universal Studios Florida,Harry Potter and the Escape from Gringotts™ Single Rider,0,True
2026-08-16 14:23:27,Universal Studios Florida,Hogwarts Express™ - King's Cross Station,10,True
2026-08-16 14:23:27,Universal Studios Florida,Hogwarts™ Express - First Train,0,False
2026-08-16 14:23:27,Universal Studios Florida,Hogwarts™ Express - Last Train,0,False
2026-08-16 14:23:27,Universal Studios Florida,Ollivanders™ Experience in Diagon Alley™,5,True
2026-08-16 14:23:27,Universal Studios Florida,Kang & Kodos' Twirl 'n' Hurl,0,False
2026-08-16 14:23:27,Universal Studios Florida,MEN IN BLACK™ Alien Attack!,10,True
2026-08-16 14:23:27,Universal Studios Florida,MEN IN BLACK™ Alien Attack!™ Single Rider,0,True
2026-08-16 14:23:27,Universal Studios Florida,The Simpsons Ride™,15,True
2026-08-16 14:23:27,Epic Universe,Constellation Carousel,5,True
2026-08-16 14:23:27,Epic Universe,Stardust Racers,15,True
2026-08-16 14:23:27,Epic Universe,Curse of the Werewolf,20,True
2026-08-16 14:23:27,Epic Universe,Curse of the Werewolf Single Rider,0,True
2026-08-16 14:23:27,Epic Universe,Monsters Unchained: The Frankenstein Experiment,20,True
2026-08-16 14:23:27,Epic Universe,Monsters Unchained: The Frankenstein Experiment Single Rider,0,True
2026-08-16 14:23:27,Epic Universe,Dragon Racer's Rally,25,True
2026-08-16 14:23:27,Epic Universe,Fyre Drill,20,True
2026-08-16 14:23:27,Epic Universe,Hiccup's Wing Gliders,45,True
2026-08-16 14:23:27,Epic Universe,Meet Toothless and Friends,75,True
2026-08-16 14:23:27,Epic Universe,Bowser Jr. Challenge,5,True
2026-08-16 14:23:27,Epic Universe,Mario Kart™: Bowser's Challenge,85,True
2026-08-16 14:23:27,Epic Universe,Mario Kart™: Bowser's Challenge Single Rider,0,True
2026-08-16 14:23:27,Epic Universe,Mine-Cart Madness™,95,True
2026-08-16 14:23:27,Epic Universe,Mine-Cart Madness™ Single Rider,0,True
2026-08-16 14:23:27,Epic Universe,Yoshi's Adventure™,40,True
2026-08-16 14:23:27,Epic Universe,Harry Potter and the Battle at the Ministry™,50,True
2026-08-16 14:23:27,Epic Universe,Harry Potter and the Battle at the Ministry™ Single Rider,0,True
2026-08-16 14:49:30,Islands of Adventure,Camp Jurassic™,0,False
2026-08-16 14:49:30,Islands of Adventure,Jurassic Park Discovery Center,0,False
2026-08-16 14:49:30,Islands of Adventure,Jurassic Park River Adventure,0,False
2026-08-16 14:49:30,Islands of Adventure,Jurassic World VelociCoaster,30,True
2026-08-16 14:49:30,Islands of Adventure,Pteranodon Flyers,50,True
2026-08-16 14:49:30,Islands of Adventure,Skull Island: Reign of Kong,5,True
2026-08-16 14:49:30,Islands of Adventure,Doctor Doom's Fearfall®,20,True
2026-08-16 14:49:30,Islands of Adventure,Doctor Doom's Fearfall® Single Rider,0,True
2026-08-16 14:49:30,Islands of Adventure,Storm Force Accelatron®,5,True
2026-08-16 14:49:30,Islands of Adventure,The Amazing Adventures of Spider-Man®,45,True
2026-08-16 14:49:30,Islands of Adventure,The Incredible Hulk Coaster®,15,True
2026-08-16 14:49:30,Islands of Adventure,The Incredible Hulk Coaster® Single Rider,0,True
2026-08-16 14:49:30,Islands of Adventure,Caro-Seuss-el™,5,True
2026-08-16 14:49:30,Islands of Adventure,If I Ran The Zoo™,0,False
2026-08-16 14:49:30,Islands of Adventure,"One Fish, Two Fish, Red Fish, Blue Fish™",10,True
2026-08-16 14:49:30,Islands of Adventure,The Cat in The Hat™,5,True
2026-08-16 14:49:30,Islands of Adventure,The High in the Sky Seuss Trolley Train Ride!™,5,True
2026-08-16 14:49:30,Islands of Adventure,Flight of the Hippogriff™,20,True
2026-08-16 14:49:30,Islands of Adventure,Hagrid's Magical Creatures Motorbike Adventure™,65,True
2026-08-16 14:49:30,Islands of Adventure,Hagrid's Magical Creatures Motorbike Adventure™ Single Rider,0,False
2026-08-16 14:49:30,Islands of Adventure,Harry Potter and the Forbidden Journey™,10,True
2026-08-16 14:49:30,Islands of Adventure,Harry Potter and the Forbidden Journey™ Single Rider,0,True
2026-08-16 14:49:30,Islands of Adventure,Hogwarts Express™ - Hogsmeade™ Station,20,True
2026-08-16 14:49:30,Islands of Adventure,Ollivanders™ Experience in Hogsmeade™,20,True
2026-08-16 14:49:30,Islands of Adventure,Dudley Do-Right's Ripsaw Falls®,5,True
2026-08-16 14:49:30,Islands of Adventure,"Me Ship, The Olive®",0,False
2026-08-16 14:49:30,Islands of Adventure,Popeye & Bluto's Bilge-Rat Barges®,10,True
2026-08-16 14:49:30,Universal Studios Florida,Trolls Trollercoaster,0,False
2026-08-16 14:49:30,Universal Studios Florida,E.T. Adventure,0,False
2026-08-16 14:49:30,Universal Studios Florida,Despicable Me Minion Mayhem™,45,True
2026-08-16 14:49:30,Universal Studios Florida,Illumination's Villain-Con Minion Blast,5,True
2026-08-16 14:49:30,Universal Studios Florida,Race Through New York Starring Jimmy Fallon™,15,True
2026-08-16 14:49:30,Universal Studios Florida,Revenge of the Mummy™,15,True
2026-08-16 14:49:30,Universal Studios Florida,Revenge of the Mummy™ Single Rider,0,True
2026-08-16 14:49:30,Universal Studios Florida,TRANSFORMERS™ The Ride-3D,5,True
2026-08-16 14:49:30,Universal Studios Florida,Fast & Furious - Supercharged™,10,True
2026-08-16 14:49:30,Universal Studios Florida,Fast & Furious - Supercharged™ Single Rider,0,True
2026-08-16 14:49:30,Universal Studios Florida,Harry Potter and the Escape from Gringotts™,20,True
2026-08-16 14:49:30,Universal Studios Florida,Harry Potter and the Escape from Gringotts™ Single Rider,0,True
2026-08-16 14:49:30,Universal Studios Florida,Hogwarts Express™ - King's Cross Station,10,True
2026-08-16 14:49:30,Universal Studios Florida,Hogwarts™ Express - First Train,0,False
2026-08-16 14:49:30,Universal Studios Florida,Hogwarts™ Express - Last Train,0,False
2026-08-16 14:49:30,Universal Studios Florida,Ollivanders™ Experience in Diagon Alley™,5,True
2026-08-16 14:49:30,Universal Studios Florida,Kang & Kodos' Twirl 'n' Hurl,0,False
2026-08-16 14:49:30,Universal Studios Florida,MEN IN BLACK™ Alien Attack!,10,True
2026-08-16 14:49:30,Universal Studios Florida,MEN IN BLACK™ Alien Attack!™ Single Rider,0,True
2026-08-16 14:49:30,Universal Studios Florida,The Simpsons Ride™,0,False
2026-08-16 14:49:30,Epic Universe,Constellation Carousel,10,True
2026-08-16 14:49:30,Epic Universe,Stardust Racers,15,True
2026-08-16 14:49:30,Epic Universe,Curse of the Werewolf,30,True
2026-08-16 14:49:30,Epic Universe,Curse of the Werewolf Single Rider,0,True
2026-08-16 14:49:30,Epic Universe,Monsters Unchained: The Frankenstein Experiment,20,True
2026-08-16 14:49:30,Epic Universe,Monsters Unchained: The Frankenstein Experiment Single Rider,0,True
2026-08-16 14:49:30,Epic Universe,Dragon Racer's Rally,35,True
2026-08-16 14:49:30,Epic Universe,Fyre Drill,20,True
2026-08-16 14:49:30,Epic Universe,Hiccup's Wing Gliders,45,True
2026-08-16 14:49:30,Epic Universe,Meet Toothless and Friends,75,True
2026-08-16 14:49:30,Epic Universe,Bowser Jr. Challenge,5,True
2026-08-16 14:49:30,Epic Universe,Mario Kart™: Bowser's Challenge,0,False
2026-08-16 14:49:30,Epic Universe,Mario Kart™: Bowser's Challenge Single Rider,0,True
2026-08-16 14:49:30,Epic Universe,Mine-Cart Madness™,120,True
2026-08-16 14:49:30,Epic Universe,Mine-Cart Madness™ Single Rider,0,True
2026-08-16 14:49:30,Epic Universe,Yoshi's Adventure™,50,True
2026-08-16 14:49:30,Epic Universe,Harry Potter and the Battle at the Ministry™,40,True
2026-08-16 14:49:30,Epic Universe,Harry Potter and the Battle at the Ministry™ Single Rider,0,True
2026-08-16 15:22:26,Islands of Adventure,Camp Jurassic™,0,False
2026-08-16 15:22:26,Islands of Adventure,Jurassic Park Discovery Center,0,False
2026-08-16 15:22:26,Islands of Adventure,Jurassic Park River Adventure,0,False
2026-08-16 15:22:26,Islands of Adventure,Jurassic World VelociCoaster,20,True
2026-08-16 15:22:26,Islands of Adventure,Pteranodon Flyers,20,True
2026-08-16 15:22:26,Islands of Adventure,Skull Island: Reign of Kong,30,True
2026-08-16 15:22:26,Islands of Adventure,Doctor Doom's Fearfall®,15,True
2026-08-16 15:22:26,Islands of Adventure,Doctor Doom's Fearfall® Single Rider,0,True
2026-08-16 15:22:26,Islands of Adventure,Storm Force Accelatron®,5,True
2026-08-16 15:22:26,Islands of Adventure,The Amazing Adventures of Spider-Man®,35,True
2026-08-16 15:22:26,Islands of Adventure,The Incredible Hulk Coaster®,15,True
2026-08-16 15:22:26,Islands of Adventure,The Incredible Hulk Coaster® Single Rider,0,True
2026-08-16 15:22:26,Islands of Adventure,Caro-Seuss-el™,5,True
2026-08-16 15:22:26,Islands of Adventure,If I Ran The Zoo™,0,False
2026-08-16 15:22:26,Islands of Adventure,"One Fish, Two Fish, Red Fish, Blue Fish™",10,True
2026-08-16 15:22:26,Islands of Adventure,The Cat in The Hat™,5,True
2026-08-16 15:22:26,Islands of Adventure,The High in the Sky Seuss Trolley Train Ride!™,5,True
2026-08-16 15:22:26,Islands of Adventure,Flight of the Hippogriff™,20,True
2026-08-16 15:22:26,Islands of Adventure,Hagrid's Magical Creatures Motorbike Adventure™,50,True
2026-08-16 15:22:26,Islands of Adventure,Hagrid's Magical Creatures Motorbike Adventure™ Single Rider,0,False
2026-08-16 15:22:26,Islands of Adventure,Harry Potter and the Forbidden Journey™,20,True
2026-08-16 15:22:26,Islands of Adventure,Harry Potter and the Forbidden Journey™ Single Rider,0,True
2026-08-16 15:22:26,Islands of Adventure,Hogwarts Express™ - Hogsmeade™ Station,20,True
2026-08-16 15:22:26,Islands of Adventure,Ollivanders™ Experience in Hogsmeade™,20,True
2026-08-16 15:22:26,Islands of Adventure,Dudley Do-Right's Ripsaw Falls®,45,True
2026-08-16 15:22:26,Islands of Adventure,"Me Ship, The Olive®",0,False
2026-08-16 15:22:26,Islands of Adventure,Popeye & Bluto's Bilge-Rat Barges®,10,True
2026-08-16 15:22:26,Universal Studios Florida,Trolls Trollercoaster,5,True
2026-08-16 15:22:26,Universal Studios Florida,E.T. Adventure,25,True
2026-08-16 15:22:26,Universal Studios Florida,Despicable Me Minion Mayhem™,35,True
2026-08-16 15:22:26,Universal Studios Florida,Illumination's Villain-Con Minion Blast,5,True
2026-08-16 15:22:26,Universal Studios Florida,Race Through New York Starring Jimmy Fallon™,15,True
2026-08-16 15:22:26,Universal Studios Florida,Revenge of the Mummy™,25,True
2026-08-16 15:22:26,Universal Studios Florida,Revenge of the Mummy™ Single Rider,0,True
2026-08-16 15:22:26,Universal Studios Florida,TRANSFORMERS™ The Ride-3D,35,True
2026-08-16 15:22:26,Universal Studios Florida,Fast & Furious - Supercharged™,20,True
2026-08-16 15:22:26,Universal Studios Florida,Fast & Furious - Supercharged™ Single Rider,0,True
2026-08-16 15:22:26,Universal Studios Florida,Harry Potter and the Escape from Gringotts™,20,True
2026-08-16 15:22:26,Universal Studios Florida,Harry Potter and the Escape from Gringotts™ Single Rider,0,True
2026-08-16 15:22:26,Universal Studios Florida,Hogwarts Express™ - King's Cross Station,10,True
2026-08-16 15:22:26,Universal Studios Florida,Hogwarts™ Express - First Train,0,False
2026-08-16 15:22:26,Universal Studios Florida,Hogwarts™ Express - Last Train,0,False
2026-08-16 15:22:26,Universal Studios Florida,Ollivanders™ Experience in Diagon Alley™,5,True
2026-08-16 15:22:26,Universal Studios Florida,Kang & Kodos' Twirl 'n' Hurl,5,True
2026-08-16 15:22:26,Universal Studios Florida,MEN IN BLACK™ Alien Attack!,35,True
2026-08-16 15:22:26,Universal Studios Florida,MEN IN BLACK™ Alien Attack!™ Single Rider,0,True
2026-08-16 15:22:26,Universal Studios Florida,The Simpsons Ride™,0,False
2026-08-16 15:22:26,Epic Universe,Constellation Carousel,10,True
2026-08-16 15:22:26,Epic Universe,Stardust Racers,20,True
2026-08-16 15:22:26,Epic Universe,Curse of the Werewolf,35,True
2026-08-16 15:22:26,Epic Universe,Curse of the Werewolf Single Rider,0,True
2026-08-16 15:22:26,Epic Universe,Monsters Unchained: The Frankenstein Experiment,10,True
2026-08-16 15:22:26,Epic Universe,Monsters Unchained: The Frankenstein Experiment Single Rider,0,True
2026-08-16 15:22:26,Epic Universe,Dragon Racer's Rally,25,True
2026-08-16 15:22:26,Epic Universe,Fyre Drill,40,True
2026-08-16 15:22:26,Epic Universe,Hiccup's Wing Gliders,45,True
2026-08-16 15:22:26,Epic Universe,Meet Toothless and Friends,75,True
2026-08-16 15:22:26,Epic Universe,Bowser Jr. Challenge,5,True
2026-08-16 15:22:26,Epic Universe,Mario Kart™: Bowser's Challenge,0,False
2026-08-16 15:22:26,Epic Universe,Mario Kart™: Bowser's Challenge Single Rider,0,True
2026-08-16 15:22:26,Epic Universe,Mine-Cart Madness™,100,True
2026-08-16 15:22:26,Epic Universe,Mine-Cart Madness™ Single Rider,0,True
2026-08-16 15:22:26,Epic Universe,Yoshi's Adventure™,50,True
2026-08-16 15:22:26,Epic Universe,Harry Potter and the Battle at the Ministry™,75,True
2026-08-16 15:22:26,Epic Universe,Harry Potter and the Battle at the Ministry™ Single Rider,0,True
2026-08-16 15:47:16,Islands of Adventure,Camp Jurassic™,0,False
2026-08-16 15:47:16,Islands of Adventure,Jurassic Park Discovery Center,0,False
2026-08-16 15:47:16,Islands of Adventure,Jurassic Park River Adventure,0,False
2026-08-16 15:47:16,Islands of Adventure,Jurassic World VelociCoaster,30,True
2026-08-16 15:47:16,Islands of Adventure,Pteranodon Flyers,20,True
2026-08-16 15:47:16,Islands of Adventure,Skull Island: Reign of Kong,20,True
2026-08-16 15:47:16,Islands of Adventure,Doctor Doom's Fearfall®,10,True
2026-08-16 15:47:16,Islands of Adventure,Doctor Doom's Fearfall® Single Rider,0,True
2026-08-16 15:47:16,Islands of Adventure,Storm Force Accelatron®,5,True
2026-08-16 15:47:16,Islands of Adventure,The Amazing Adventures of Spider-Man®,40,True
2026-08-16 15:47:16,Islands of Adventure,The Incredible Hulk Coaster®,15,True
2026-08-16 15:47:16,Islands of Adventure,The Incredible Hulk Coaster® Single Rider,0,True
2026-08-16 15:47:16,Islands of Adventure,Caro-Seuss-el™,5,True
2026-08-16 15:47:16,Islands of Adventure,If I Ran The Zoo™,0,False
2026-08-16 15:47:16,Islands of Adventure,"One Fish, Two Fish, Red Fish, Blue Fish™",15,True
2026-08-16 15:47:16,Islands of Adventure,The Cat in The Hat™,5,True
2026-08-16 15:47:16,Islands of Adventure,The High in the Sky Seuss Trolley Train Ride!™,5,True
2026-08-16 15:47:16,Islands of Adventure,Flight of the Hippogriff™,20,True
2026-08-16 15:47:16,Islands of Adventure,Hagrid's Magical Creatures Motorbike Adventure™,50,True
2026-08-16 15:47:16,Islands of Adventure,Hagrid's Magical Creatures Motorbike Adventure™ Single Rider,0,False
2026-08-16 15:47:16,Islands of Adventure,Harry Potter and the Forbidden Journey™,30,True
2026-08-16 15:47:16,Islands of Adventure,Harry Potter and the Forbidden Journey™ Single Rider,0,True
2026-08-16 15:47:16,Islands of Adventure,Hogwarts Express™ - Hogsmeade™ Station,20,True
2026-08-16 15:47:16,Islands of Adventure,Ollivanders™ Experience in Hogsmeade™,15,True
2026-08-16 15:47:16,Islands of Adventure,Dudley Do-Right's Ripsaw Falls®,60,True
2026-08-16 15:47:16,Islands of Adventure,"Me Ship, The Olive®",0,False
2026-08-16 15:47:16,Islands of Adventure,Popeye & Bluto's Bilge-Rat Barges®,10,True
2026-08-16 15:47:16,Universal Studios Florida,Trolls Trollercoaster,5,True
2026-08-16 15:47:16,Universal Studios Florida,E.T. Adventure,25,True
2026-08-16 15:47:16,Universal Studios Florida,Despicable Me Minion Mayhem™,40,True
2026-08-16 15:47:16,Universal Studios Florida,Illumination's Villain-Con Minion Blast,5,True
2026-08-16 15:47:16,Universal Studios Florida,Race Through New York Starring Jimmy Fallon™,30,True
2026-08-16 15:47:16,Universal Studios Florida,Revenge of the Mummy™,25,True
2026-08-16 15:47:16,Universal Studios Florida,Revenge of the Mummy™ Single Rider,0,True
2026-08-16 15:47:16,Universal Studios Florida,TRANSFORMERS™ The Ride-3D,20,True
2026-08-16 15:47:16,Universal Studios Florida,Fast & Furious - Supercharged™,20,True
2026-08-16 15:47:16,Universal Studios Florida,Fast & Furious - Supercharged™ Single Rider,0,True
2026-08-16 15:47:16,Universal Studios Florida,Harry Potter and the Escape from Gringotts™,20,True
2026-08-16 15:47:16,Universal Studios Florida,Harry Potter and the Escape from Gringotts™ Single Rider,0,True
2026-08-16 15:47:16,Universal Studios Florida,Hogwarts Express™ - King's Cross Station,10,True
2026-08-16 15:47:16,Universal Studios Florida,Hogwarts™ Express - First Train,0,False
2026-08-16 15:47:16,Universal Studios Florida,Hogwarts™ Express - Last Train,0,False
2026-08-16 15:47:16,Universal Studios Florida,Ollivanders™ Experience in Diagon Alley™,5,True
2026-08-16 15:47:16,Universal Studios Florida,Kang & Kodos' Twirl 'n' Hurl,5,True
2026-08-16 15:47:16,Universal Studios Florida,MEN IN BLACK™ Alien Attack!,35,True
2026-08-16 15:47:16,Universal Studios Florida,MEN IN BLACK™ Alien Attack!™ Single Rider,0,True
2026-08-16 15:47:16,Universal Studios Florida,The Simpsons Ride™,10,True
2026-08-16 15:47:16,Epic Universe,Constellation Carousel,10,True
2026-08-16 15:47:16,Epic Universe,Stardust Racers,20,True
2026-08-16 15:47:16,Epic Universe,Curse of the Werewolf,60,True
2026-08-16 15:47:16,Epic Universe,Curse of the Werewolf Single Rider,0,True
2026-08-16 15:47:16,Epic Universe,Monsters Unchained: The Frankenstein Experiment,20,True
2026-08-16 15:47:16,Epic Universe,Monsters Unchained: The Frankenstein Experiment Single Rider,0,True
2026-08-16 15:47:16,Epic Universe,Dragon Racer's Rally,45,True
2026-08-16 15:47:16,Epic Universe,Fyre Drill,40,True
2026-08-16 15:47:16,Epic Universe,Hiccup's Wing Gliders,40,True
2026-08-16 15:47:16,Epic Universe,Meet Toothless and Friends,75,True
2026-08-16 15:47:16,Epic Universe,Bowser Jr. Challenge,5,True
2026-08-16 15:47:16,Epic Universe,Mario Kart™: Bowser's Challenge,0,False
2026-08-16 15:47:16,Epic Universe,Mario Kart™: Bowser's Challenge Single Rider,0,True
2026-08-16 15:47:16,Epic Universe,Mine-Cart Madness™,100,True
2026-08-16 15:47:16,Epic Universe,Mine-Cart Madness™ Single Rider,0,True
2026-08-16 15:47:16,Epic Universe,Yoshi's Adventure™,65,True
2026-08-16 15:47:16,Epic Universe,Harry Potter and the Battle at the Ministry™,75,True
2026-08-16 15:47:16,Epic Universe,Harry Potter and the Battle at the Ministry™ Single Rider,0,True
2026-08-16 16:26:27,Islands of Adventure,Camp Jurassic™,0,False
2026-08-16 16:26:27,Islands of Adventure,Jurassic Park Discovery Center,0,False
2026-08-16 16:26:27,Islands of Adventure,Jurassic Park River Adventure,0,False
2026-08-16 16:26:27,Islands of Adventure,Jurassic World VelociCoaster,45,True
2026-08-16 16:26:27,Islands of Adventure,Pteranodon Flyers,35,True
2026-08-16 16:26:27,Islands of Adventure,Skull Island: Reign of Kong,20,True
2026-08-16 16:26:27,Islands of Adventure,Doctor Doom's Fearfall®,15,True
2026-08-16 16:26:27,Islands of Adventure,Doctor Doom's Fearfall® Single Rider,0,True
2026-08-16 16:26:27,Islands of Adventure,Storm Force Accelatron®,5,True
2026-08-16 16:26:27,Islands of Adventure,The Amazing Adventures of Spider-Man®,40,True
2026-08-16 16:26:27,Islands of Adventure,The Incredible Hulk Coaster®,10,True
2026-08-16 16:26:27,Islands of Adventure,The Incredible Hulk Coaster® Single Rider,0,True
2026-08-16 16:26:27,Islands of Adventure,Caro-Seuss-el™,5,True
2026-08-16 16:26:27,Islands of Adventure,If I Ran The Zoo™,0,False
2026-08-16 16:26:27,Islands of Adventure,"One Fish, Two Fish, Red Fish, Blue Fish™",5,True
2026-08-16 16:26:27,Islands of Adventure,The Cat in The Hat™,5,True
2026-08-16 16:26:27,Islands of Adventure,The High in the Sky Seuss Trolley Train Ride!™,5,True
2026-08-16 16:26:27,Islands of Adventure,Flight of the Hippogriff™,15,True
2026-08-16 16:26:27,Islands of Adventure,Hagrid's Magical Creatures Motorbike Adventure™,60,True
2026-08-16 16:26:27,Islands of Adventure,Hagrid's Magical Creatures Motorbike Adventure™ Single Rider,0,False
2026-08-16 16:26:27,Islands of Adventure,Harry Potter and the Forbidden Journey™,15,True
2026-08-16 16:26:27,Islands of Adventure,Harry Potter and the Forbidden Journey™ Single Rider,0,True
2026-08-16 16:26:27,Islands of Adventure,Hogwarts Express™ - Hogsmeade™ Station,20,True
2026-08-16 16:26:27,Islands of Adventure,Ollivanders™ Experience in Hogsmeade™,15,True
2026-08-16 16:26:27,Islands of Adventure,Dudley Do-Right's Ripsaw Falls®,60,True
2026-08-16 16:26:27,Islands of Adventure,"Me Ship, The Olive®",0,False
2026-08-16 16:26:27,Islands of Adventure,Popeye & Bluto's Bilge-Rat Barges®,10,True
2026-08-16 16:26:27,Universal Studios Florida,Trolls Trollercoaster,5,True
2026-08-16 16:26:27,Universal Studios Florida,E.T. Adventure,20,True
2026-08-16 16:26:27,Universal Studios Florida,Despicable Me Minion Mayhem™,35,True
2026-08-16 16:26:27,Universal Studios Florida,Illumination's Villain-Con Minion Blast,5,True
2026-08-16 16:26:27,Universal Studios Florida,Race Through New York Starring Jimmy Fallon™,30,True
2026-08-16 16:26:27,Universal Studios Florida,Revenge of the Mummy™,25,True
2026-08-16 16:26:27,Universal Studios Florida,Revenge of the Mummy™ Single Rider,0,True
2026-08-16 16:26:27,Universal Studios Florida,TRANSFORMERS™ The Ride-3D,30,True
2026-08-16 16:26:27,Universal Studios Florida,Fast & Furious - Supercharged™,20,True
2026-08-16 16:26:27,Universal Studios Florida,Fast & Furious - Supercharged™ Single Rider,0,True
2026-08-16 16:26:27,Universal Studios Florida,Harry Potter and the Escape from Gringotts™,20,True
2026-08-16 16:26:27,Universal Studios Florida,Harry Potter and the Escape from Gringotts™ Single Rider,0,True
2026-08-16 16:26:27,Universal Studios Florida,Hogwarts Express™ - King's Cross Station,10,True
2026-08-16 16:26:27,Universal Studios Florida,Hogwarts™ Express - First Train,0,False
2026-08-16 16:26:27,Universal Studios Florida,Hogwarts™ Express - Last Train,0,False
2026-08-16 16:26:27,Universal Studios Florida,Ollivanders™ Experience in Diagon Alley™,5,True
2026-08-16 16:26:27,Universal Studios Florida,Kang & Kodos' Twirl 'n' Hurl,5,True
2026-08-16 16:26:27,Universal Studios Florida,MEN IN BLACK™ Alien Attack!,15,True
2026-08-16 16:26:27,Universal Studios Florida,MEN IN BLACK™ Alien Attack!™ Single Rider,0,True
2026-08-16 16:26:27,Universal Studios Florida,The Simpsons Ride™,45,True
2026-08-16 16:26:27,Epic Universe,Constellation Carousel,25,True
2026-08-16 16:26:27,Epic Universe,Stardust Racers,20,True
2026-08-16 16:26:27,Epic Universe,Curse of the Werewolf,40,True
2026-08-16 16:26:27,Epic Universe,Curse of the Werewolf Single Rider,0,True
2026-08-16 16:26:27,Epic Universe,Monsters Unchained: The Frankenstein Experiment,20,True
2026-08-16 16:26:27,Epic Universe,Monsters Unchained: The Frankenstein Experiment Single Rider,0,True
2026-08-16 16:26:27,Epic Universe,Dragon Racer's Rally,30,True
2026-08-16 16:26:27,Epic Universe,Fyre Drill,55,True
2026-08-16 16:26:27,Epic Universe,Hiccup's Wing Gliders,45,True
2026-08-16 16:26:27,Epic Universe,Meet Toothless and Friends,75,True
2026-08-16 16:26:27,Epic Universe,Bowser Jr. Challenge,15,True
2026-08-16 16:26:27,Epic Universe,Mario Kart™: Bowser's Challenge,45,True
2026-08-16 16:26:27,Epic Universe,Mario Kart™: Bowser's Challenge Single Rider,0,True
2026-08-16 16:26:27,Epic Universe,Mine-Cart Madness™,100,True
2026-08-16 16:26:27,Epic Universe,Mine-Cart Madness™ Single Rider,0,True
2026-08-16 16:26:27,Epic Universe,Yoshi's Adventure™,60,True
2026-08-16 16:26:27,Epic Universe,Harry Potter and the Battle at the Ministry™,75,True
2026-08-16 16:26:27,Epic Universe,Harry Potter and the Battle at the Ministry™ Single Rider,0,True
2026-08-16 16:52:44,Islands of Adventure,Camp Jurassic™,0,False
2026-08-16 16:52:44,Islands of Adventure,Jurassic Park Discovery Center,0,False
2026-08-16 16:52:44,Islands of Adventure,Jurassic Park River Adventure,0,False
2026-08-16 16:52:44,Islands of Adventure,Jurassic World VelociCoaster,45,True
2026-08-16 16:52:44,Islands of Adventure,Pteranodon Flyers,50,True
2026-08-16 16:52:44,Islands of Adventure,Skull Island: Reign of Kong,25,True
2026-08-16 16:52:44,Islands of Adventure,Doctor Doom's Fearfall®,5,True
2026-08-16 16:52:44,Islands of Adventure,Doctor Doom's Fearfall® Single Rider,0,True
2026-08-16 16:52:44,Islands of Adventure,Storm Force Accelatron®,0,False
2026-08-16 16:52:44,Islands of Adventure,The Amazing Adventures of Spider-Man®,40,True
2026-08-16 16:52:44,Islands of Adventure,The Incredible Hulk Coaster®,15,True
2026-08-16 16:52:44,Islands of Adventure,The Incredible Hulk Coaster® Single Rider,0,True
2026-08-16 16:52:44,Islands of Adventure,Caro-Seuss-el™,5,True
2026-08-16 16:52:44,Islands of Adventure,If I Ran The Zoo™,0,False
2026-08-16 16:52:44,Islands of Adventure,"One Fish, Two Fish, Red Fish, Blue Fish™",5,True
2026-08-16 16:52:44,Islands of Adventure,The Cat in The Hat™,5,True
2026-08-16 16:52:44,Islands of Adventure,The High in the Sky Seuss Trolley Train Ride!™,5,True
2026-08-16 16:52:44,Islands of Adventure,Flight of the Hippogriff™,30,True
2026-08-16 16:52:44,Islands of Adventure,Hagrid's Magical Creatures Motorbike Adventure™,60,True
2026-08-16 16:52:44,Islands of Adventure,Hagrid's Magical Creatures Motorbike Adventure™ Single Rider,0,False
2026-08-16 16:52:44,Islands of Adventure,Harry Potter and the Forbidden Journey™,15,True
2026-08-16 16:52:44,Islands of Adventure,Harry Potter and the Forbidden Journey™ Single Rider,0,True
2026-08-16 16:52:44,Islands of Adventure,Hogwarts Express™ - Hogsmeade™ Station,20,True
2026-08-16 16:52:44,Islands of Adventure,Ollivanders™ Experience in Hogsmeade™,15,True
2026-08-16 16:52:44,Islands of Adventure,Dudley Do-Right's Ripsaw Falls®,45,True
2026-08-16 16:52:44,Islands of Adventure,"Me Ship, The Olive®",0,False
2026-08-16 16:52:44,Islands of Adventure,Popeye & Bluto's Bilge-Rat Barges®,10,True
2026-08-16 16:52:44,Universal Studios Florida,Trolls Trollercoaster,5,True
2026-08-16 16:52:44,Universal Studios Florida,E.T. Adventure,20,True
2026-08-16 16:52:44,Universal Studios Florida,Despicable Me Minion Mayhem™,40,True
2026-08-16 16:52:44,Universal Studios Florida,Illumination's Villain-Con Minion Blast,5,True
2026-08-16 16:52:44,Universal Studios Florida,Race Through New York Starring Jimmy Fallon™,10,True
2026-08-16 16:52:44,Universal Studios Florida,Revenge of the Mummy™,60,True
2026-08-16 16:52:44,Universal Studios Florida,Revenge of the Mummy™ Single Rider,0,True
2026-08-16 16:52:44,Universal Studios Florida,TRANSFORMERS™ The Ride-3D,30,True
2026-08-16 16:52:44,Universal Studios Florida,Fast & Furious - Supercharged™,25,True
2026-08-16 16:52:44,Universal Studios Florida,Fast & Furious - Supercharged™ Single Rider,0,True
2026-08-16 16:52:44,Universal Studios Florida,Harry Potter and the Escape from Gringotts™,25,True
2026-08-16 16:52:44,Universal Studios Florida,Harry Potter and the Escape from Gringotts™ Single Rider,0,True
2026-08-16 16:52:44,Universal Studios Florida,Hogwarts Express™ - King's Cross Station,10,True
2026-08-16 16:52:44,Universal Studios Florida,Hogwarts™ Express - First Train,0,False
2026-08-16 16:52:44,Universal Studios Florida,Hogwarts™ Express - Last Train,0,False
2026-08-16 16:52:44,Universal Studios Florida,Ollivanders™ Experience in Diagon Alley™,5,True
2026-08-16 16:52:44,Universal Studios Florida,Kang & Kodos' Twirl 'n' Hurl,5,True
2026-08-16 16:52:44,Universal Studios Florida,MEN IN BLACK™ Alien Attack!,15,True
2026-08-16 16:52:44,Universal Studios Florida,MEN IN BLACK™ Alien Attack!™ Single Rider,0,True
2026-08-16 16:52:44,Universal Studios Florida,The Simpsons Ride™,45,True
2026-08-16 16:52:44,Epic Universe,Constellation Carousel,15,True
2026-08-16 16:52:44,Epic Universe,Stardust Racers,25,True
2026-08-16 16:52:44,Epic Universe,Curse of the Werewolf,30,True
2026-08-16 16:52:44,Epic Universe,Curse of the Werewolf Single Rider,0,True
2026-08-16 16:52:44,Epic Universe,Monsters Unchained: The Frankenstein Experiment,0,False
2026-08-16 16:52:44,Epic Universe,Monsters Unchained: The Frankenstein Experiment Single Rider,0,True
2026-08-16 16:52:44,Epic Universe,Dragon Racer's Rally,25,True
2026-08-16 16:52:44,Epic Universe,Fyre Drill,45,True
2026-08-16 16:52:44,Epic Universe,Hiccup's Wing Gliders,40,True
2026-08-16 16:52:44,Epic Universe,Meet Toothless and Friends,75,True
2026-08-16 16:52:44,Epic Universe,Bowser Jr. Challenge,15,True
2026-08-16 16:52:44,Epic Universe,Mario Kart™: Bowser's Challenge,85,True
2026-08-16 16:52:44,Epic Universe,Mario Kart™: Bowser's Challenge Single Rider,0,True
2026-08-16 16:52:44,Epic Universe,Mine-Cart Madness™,120,True
2026-08-16 16:52:44,Epic Universe,Mine-Cart Madness™ Single Rider,0,True
2026-08-16 16:52:44,Epic Universe,Yoshi's Adventure™,30,True
2026-08-16 16:52:44,Epic Universe,Harry Potter and the Battle at the Ministry™,65,True
2026-08-16 16:52:44,Epic Universe,Harry Potter and the Battle at the Ministry™ Single Rider,0,True
2026-08-16 17:19:43,Islands of Adventure,Camp Jurassic™,0,False
2026-08-16 17:19:43,Islands of Adventure,Jurassic Park Discovery Center,0,False
2026-08-16 17:19:43,Islands of Adventure,Jurassic Park River Adventure,0,False
2026-08-16 17:19:43,Islands of Adventure,Jurassic World VelociCoaster,35,True
2026-08-16 17:19:43,Islands of Adventure,Pteranodon Flyers,25,True
2026-08-16 17:19:43,Islands of Adventure,Skull Island: Reign of Kong,25,True
2026-08-16 17:19:43,Islands of Adventure,Doctor Doom's Fearfall®,5,True
2026-08-16 17:19:43,Islands of Adventure,Doctor Doom's Fearfall® Single Rider,0,True
2026-08-16 17:19:43,Islands of Adventure,Storm Force Accelatron®,5,True
2026-08-16 17:19:43,Islands of Adventure,The Amazing Adventures of Spider-Man®,45,True
2026-08-16 17:19:43,Islands of Adventure,The Incredible Hulk Coaster®,10,True
2026-08-16 17:19:43,Islands of Adventure,The Incredible Hulk Coaster® Single Rider,0,True
2026-08-16 17:19:43,Islands of Adventure,Caro-Seuss-el™,5,True
2026-08-16 17:19:43,Islands of Adventure,If I Ran The Zoo™,0,False
2026-08-16 17:19:43,Islands of Adventure,"One Fish, Two Fish, Red Fish, Blue Fish™",5,True
2026-08-16 17:19:43,Islands of Adventure,The Cat in The Hat™,5,True
2026-08-16 17:19:43,Islands of Adventure,The High in the Sky Seuss Trolley Train Ride!™,0,False
2026-08-16 17:19:43,Islands of Adventure,Flight of the Hippogriff™,20,True
2026-08-16 17:19:43,Islands of Adventure,Hagrid's Magical Creatures Motorbike Adventure™,60,True
2026-08-16 17:19:43,Islands of Adventure,Hagrid's Magical Creatures Motorbike Adventure™ Single Rider,0,False
2026-08-16 17:19:43,Islands of Adventure,Harry Potter and the Forbidden Journey™,15,True
2026-08-16 17:19:43,Islands of Adventure,Harry Potter and the Forbidden Journey™ Single Rider,0,True
2026-08-16 17:19:43,Islands of Adventure,Hogwarts Express™ - Hogsmeade™ Station,20,True
2026-08-16 17:19:43,Islands of Adventure,Ollivanders™ Experience in Hogsmeade™,15,True
2026-08-16 17:19:43,Islands of Adventure,Dudley Do-Right's Ripsaw Falls®,45,True
2026-08-16 17:19:43,Islands of Adventure,"Me Ship, The Olive®",0,False
2026-08-16 17:19:43,Islands of Adventure,Popeye & Bluto's Bilge-Rat Barges®,10,True
2026-08-16 17:19:43,Universal Studios Florida,Trolls Trollercoaster,5,True
2026-08-16 17:19:43,Universal Studios Florida,E.T. Adventure,35,True
2026-08-16 17:19:43,Universal Studios Florida,Despicable Me Minion Mayhem™,25,True
2026-08-16 17:19:43,Universal Studios Florida,Illumination's Villain-Con Minion Blast,5,True
2026-08-16 17:19:43,Universal Studios Florida,Race Through New York Starring Jimmy Fallon™,10,True
2026-08-16 17:19:43,Universal Studios Florida,Revenge of the Mummy™,60,True
2026-08-16 17:19:43,Universal Studios Florida,Revenge of the Mummy™ Single Rider,0,True
2026-08-16 17:19:43,Universal Studios Florida,TRANSFORMERS™ The Ride-3D,30,True
2026-08-16 17:19:43,Universal Studios Florida,Fast & Furious - Supercharged™,35,True
2026-08-16 17:19:43,Universal Studios Florida,Fast & Furious - Supercharged™ Single Rider,0,True
2026-08-16 17:19:43,Universal Studios Florida,Harry Potter and the Escape from Gringotts™,30,True
2026-08-16 17:19:43,Universal Studios Florida,Harry Potter and the Escape from Gringotts™ Single Rider,0,True
2026-08-16 17:19:43,Universal Studios Florida,Hogwarts Express™ - King's Cross Station,10,True
2026-08-16 17:19:43,Universal Studios Florida,Hogwarts™ Express - First Train,0,False
2026-08-16 17:19:43,Universal Studios Florida,Hogwarts™ Express - Last Train,0,False
2026-08-16 17:19:43,Universal Studios Florida,Ollivanders™ Experience in Diagon Alley™,5,True
2026-08-16 17:19:43,Universal Studios Florida,Kang & Kodos' Twirl 'n' Hurl,10,True
2026-08-16 17:19:43,Universal Studios Florida,MEN IN BLACK™ Alien Attack!,15,True
2026-08-16 17:19:43,Universal Studios Florida,MEN IN BLACK™ Alien Attack!™ Single Rider,0,True
2026-08-16 17:19:43,Universal Studios Florida,The Simpsons Ride™,45,True
2026-08-16 17:19:43,Epic Universe,Constellation Carousel,30,True
2026-08-16 17:19:43,Epic Universe,Stardust Racers,40,True
2026-08-16 17:19:43,Epic Universe,Curse of the Werewolf,50,True
2026-08-16 17:19:43,Epic Universe,Curse of the Werewolf Single Rider,0,True
2026-08-16 17:19:43,Epic Universe,Monsters Unchained: The Frankenstein Experiment,20,True
2026-08-16 17:19:43,Epic Universe,Monsters Unchained: The Frankenstein Experiment Single Rider,0,True
2026-08-16 17:19:43,Epic Universe,Dragon Racer's Rally,25,True
2026-08-16 17:19:43,Epic Universe,Fyre Drill,25,True
2026-08-16 17:19:43,Epic Universe,Hiccup's Wing Gliders,40,True
2026-08-16 17:19:43,Epic Universe,Meet Toothless and Friends,85,True
2026-08-16 17:19:43,Epic Universe,Bowser Jr. Challenge,15,True
2026-08-16 17:19:43,Epic Universe,Mario Kart™: Bowser's Challenge,85,True
2026-08-16 17:19:43,Epic Universe,Mario Kart™: Bowser's Challenge Single Rider,0,True
2026-08-16 17:19:43,Epic Universe,Mine-Cart Madness™,120,True
2026-08-16 17:19:43,Epic Universe,Mine-Cart Madness™ Single Rider,0,True
2026-08-16 17:19:43,Epic Universe,Yoshi's Adventure™,45,True
2026-08-16 17:19:43,Epic Universe,Harry Potter and the Battle at the Ministry™,65,True
2026-08-16 17:19:43,Epic Universe,Harry Potter and the Battle at the Ministry™ Single Rider,0,True
2026-08-16 17:45:34,Islands of Adventure,Camp Jurassic™,0,False
2026-08-16 17:45:34,Islands of Adventure,Jurassic Park Discovery Center,0,False
2026-08-16 17:45:34,Islands of Adventure,Jurassic Park River Adventure,0,False
2026-08-16 17:45:34,Islands of Adventure,Jurassic World VelociCoaster,35,True
2026-08-16 17:45:34,Islands of Adventure,Pteranodon Flyers,25,True
2026-08-16 17:45:34,Islands of Adventure,Skull Island: Reign of Kong,5,True
2026-08-16 17:45:34,Islands of Adventure,Doctor Doom's Fearfall®,5,True
2026-08-16 17:45:34,Islands of Adventure,Doctor Doom's Fearfall® Single Rider,0,True
2026-08-16 17:45:34,Islands of Adventure,Storm Force Accelatron®,5,True
2026-08-16 17:45:34,Islands of Adventure,The Amazing Adventures of Spider-Man®,40,True
2026-08-16 17:45:34,Islands of Adventure,The Incredible Hulk Coaster®,5,True
2026-08-16 17:45:34,Islands of Adventure,The Incredible Hulk Coaster® Single Rider,0,True
2026-08-16 17:45:34,Islands of Adventure,Caro-Seuss-el™,5,True
2026-08-16 17:45:34,Islands of Adventure,If I Ran The Zoo™,0,False
2026-08-16 17:45:34,Islands of Adventure,"One Fish, Two Fish, Red Fish, Blue Fish™",5,True
2026-08-16 17:45:34,Islands of Adventure,The Cat in The Hat™,5,True
2026-08-16 17:45:34,Islands of Adventure,The High in the Sky Seuss Trolley Train Ride!™,5,True
2026-08-16 17:45:34,Islands of Adventure,Flight of the Hippogriff™,20,True
2026-08-16 17:45:34,Islands of Adventure,Hagrid's Magical Creatures Motorbike Adventure™,50,True
2026-08-16 17:45:34,Islands of Adventure,Hagrid's Magical Creatures Motorbike Adventure™ Single Rider,0,False
2026-08-16 17:45:34,Islands of Adventure,Harry Potter and the Forbidden Journey™,15,True
2026-08-16 17:45:34,Islands of Adventure,Harry Potter and the Forbidden Journey™ Single Rider,0,True
2026-08-16 17:45:34,Islands of Adventure,Hogwarts Express™ - Hogsmeade™ Station,20,True
2026-08-16 17:45:34,Islands of Adventure,Ollivanders™ Experience in Hogsmeade™,15,True
2026-08-16 17:45:34,Islands of Adventure,Dudley Do-Right's Ripsaw Falls®,45,True
2026-08-16 17:45:34,Islands of Adventure,"Me Ship, The Olive®",0,False
2026-08-16 17:45:34,Islands of Adventure,Popeye & Bluto's Bilge-Rat Barges®,10,True
2026-08-16 17:45:34,Universal Studios Florida,Trolls Trollercoaster,5,True
2026-08-16 17:45:34,Universal Studios Florida,E.T. Adventure,35,True
2026-08-16 17:45:34,Universal Studios Florida,Despicable Me Minion Mayhem™,40,True
2026-08-16 17:45:34,Universal Studios Florida,Illumination's Villain-Con Minion Blast,5,True
2026-08-16 17:45:34,Universal Studios Florida,Race Through New York Starring Jimmy Fallon™,10,True
2026-08-16 17:45:34,Universal Studios Florida,Revenge of the Mummy™,20,True
2026-08-16 17:45:34,Universal Studios Florida,Revenge of the Mummy™ Single Rider,0,True
2026-08-16 17:45:34,Universal Studios Florida,TRANSFORMERS™ The Ride-3D,30,True
2026-08-16 17:45:34,Universal Studios Florida,Fast & Furious - Supercharged™,35,True
2026-08-16 17:45:34,Universal Studios Florida,Fast & Furious - Supercharged™ Single Rider,0,True
2026-08-16 17:45:34,Universal Studios Florida,Harry Potter and the Escape from Gringotts™,30,True
2026-08-16 17:45:34,Universal Studios Florida,Harry Potter and the Escape from Gringotts™ Single Rider,0,True
2026-08-16 17:45:34,Universal Studios Florida,Hogwarts Express™ - King's Cross Station,15,True
2026-08-16 17:45:34,Universal Studios Florida,Hogwarts™ Express - First Train,0,False
2026-08-16 17:45:34,Universal Studios Florida,Hogwarts™ Express - Last Train,0,False
2026-08-16 17:45:34,Universal Studios Florida,Ollivanders™ Experience in Diagon Alley™,5,True
2026-08-16 17:45:34,Universal Studios Florida,Kang & Kodos' Twirl 'n' Hurl,5,True
2026-08-16 17:45:34,Universal Studios Florida,MEN IN BLACK™ Alien Attack!,15,True
2026-08-16 17:45:34,Universal Studios Florida,MEN IN BLACK™ Alien Attack!™ Single Rider,0,True
2026-08-16 17:45:34,Universal Studios Florida,The Simpsons Ride™,15,True
2026-08-16 17:45:34,Epic Universe,Constellation Carousel,20,True
2026-08-16 17:45:34,Epic Universe,Stardust Racers,35,True
2026-08-16 17:45:34,Epic Universe,Curse of the Werewolf,40,True
2026-08-16 17:45:34,Epic Universe,Curse of the Werewolf Single Rider,0,True
2026-08-16 17:45:34,Epic Universe,Monsters Unchained: The Frankenstein Experiment,20,True
2026-08-16 17:45:34,Epic Universe,Monsters Unchained: The Frankenstein Experiment Single Rider,0,True
2026-08-16 17:45:34,Epic Universe,Dragon Racer's Rally,40,True
2026-08-16 17:45:34,Epic Universe,Fyre Drill,40,True
2026-08-16 17:45:34,Epic Universe,Hiccup's Wing Gliders,40,True
2026-08-16 17:45:34,Epic Universe,Meet Toothless and Friends,85,True
2026-08-16 17:45:34,Epic Universe,Bowser Jr. Challenge,15,True
2026-08-16 17:45:34,Epic Universe,Mario Kart™: Bowser's Challenge,75,True
2026-08-16 17:45:34,Epic Universe,Mario Kart™: Bowser's Challenge Single Rider,0,True
2026-08-16 17:45:34,Epic Universe,Mine-Cart Madness™,85,True
2026-08-16 17:45:34,Epic Universe,Mine-Cart Madness™ Single Rider,0,True
2026-08-16 17:45:34,Epic Universe,Yoshi's Adventure™,30,True
2026-08-16 17:45:34,Epic Universe,Harry Potter and the Battle at the Ministry™,65,True
2026-08-16 17:45:34,Epic Universe,Harry Potter and the Battle at the Ministry™ Single Rider,0,True
2026-08-16 18:30:19,Islands of Adventure,Camp Jurassic™,0,False
2026-08-16 18:30:19,Islands of Adventure,Jurassic Park Discovery Center,0,False
2026-08-16 18:30:19,Islands of Adventure,Jurassic Park River Adventure,0,False
2026-08-16 18:30:19,Islands of Adventure,Jurassic World VelociCoaster,35,True
2026-08-16 18:30:19,Islands of Adventure,Pteranodon Flyers,35,True
2026-08-16 18:30:19,Islands of Adventure,Skull Island: Reign of Kong,5,True
2026-08-16 18:30:19,Islands of Adventure,Doctor Doom's Fearfall®,5,True
2026-08-16 18:30:19,Islands of Adventure,Doctor Doom's Fearfall® Single Rider,0,True
2026-08-16 18:30:19,Islands of Adventure,Storm Force Accelatron®,5,True
2026-08-16 18:30:19,Islands of Adventure,The Amazing Adventures of Spider-Man®,25,True
2026-08-16 18:30:19,Islands of Adventure,The Incredible Hulk Coaster®,10,True
2026-08-16 18:30:19,Islands of Adventure,The Incredible Hulk Coaster® Single Rider,0,True
2026-08-16 18:30:19,Islands of Adventure,Caro-Seuss-el™,5,True
2026-08-16 18:30:19,Islands of Adventure,If I Ran The Zoo™,0,False
2026-08-16 18:30:19,Islands of Adventure,"One Fish, Two Fish, Red Fish, Blue Fish™",5,True
2026-08-16 18:30:19,Islands of Adventure,The Cat in The Hat™,5,True
2026-08-16 18:30:19,Islands of Adventure,The High in the Sky Seuss Trolley Train Ride!™,5,True
2026-08-16 18:30:19,Islands of Adventure,Flight of the Hippogriff™,25,True
2026-08-16 18:30:19,Islands of Adventure,Hagrid's Magical Creatures Motorbike Adventure™,0,False
2026-08-16 18:30:19,Islands of Adventure,Hagrid's Magical Creatures Motorbike Adventure™ Single Rider,0,False
2026-08-16 18:30:19,Islands of Adventure,Harry Potter and the Forbidden Journey™,15,True
2026-08-16 18:30:19,Islands of Adventure,Harry Potter and the Forbidden Journey™ Single Rider,0,True
2026-08-16 18:30:19,Islands of Adventure,Hogwarts Express™ - Hogsmeade™ Station,20,True
2026-08-16 18:30:19,Islands of Adventure,Ollivanders™ Experience in Hogsmeade™,15,True
2026-08-16 18:30:19,Islands of Adventure,Dudley Do-Right's Ripsaw Falls®,45,True
2026-08-16 18:30:19,Islands of Adventure,"Me Ship, The Olive®",0,False
2026-08-16 18:30:19,Islands of Adventure,Popeye & Bluto's Bilge-Rat Barges®,10,True
2026-08-16 18:30:19,Universal Studios Florida,Trolls Trollercoaster,20,True
2026-08-16 18:30:19,Universal Studios Florida,E.T. Adventure,15,True
2026-08-16 18:30:19,Universal Studios Florida,Despicable Me Minion Mayhem™,30,True
2026-08-16 18:30:19,Universal Studios Florida,Illumination's Villain-Con Minion Blast,5,True
2026-08-16 18:30:19,Universal Studios Florida,Race Through New York Starring Jimmy Fallon™,10,True
2026-08-16 18:30:19,Universal Studios Florida,Revenge of the Mummy™,15,True
2026-08-16 18:30:19,Universal Studios Florida,Revenge of the Mummy™ Single Rider,0,True
2026-08-16 18:30:19,Universal Studios Florida,TRANSFORMERS™ The Ride-3D,20,True
2026-08-16 18:30:19,Universal Studios Florida,Fast & Furious - Supercharged™,45,True
2026-08-16 18:30:19,Universal Studios Florida,Fast & Furious - Supercharged™ Single Rider,0,True
2026-08-16 18:30:19,Universal Studios Florida,Harry Potter and the Escape from Gringotts™,60,True
2026-08-16 18:30:19,Universal Studios Florida,Harry Potter and the Escape from Gringotts™ Single Rider,0,True
2026-08-16 18:30:19,Universal Studios Florida,Hogwarts Express™ - King's Cross Station,15,True
2026-08-16 18:30:19,Universal Studios Florida,Hogwarts™ Express - First Train,0,False
2026-08-16 18:30:19,Universal Studios Florida,Hogwarts™ Express - Last Train,0,False
2026-08-16 18:30:19,Universal Studios Florida,Ollivanders™ Experience in Diagon Alley™,5,True
2026-08-16 18:30:19,Universal Studios Florida,Kang & Kodos' Twirl 'n' Hurl,5,True
2026-08-16 18:30:19,Universal Studios Florida,MEN IN BLACK™ Alien Attack!,0,False
2026-08-16 18:30:19,Universal Studios Florida,MEN IN BLACK™ Alien Attack!™ Single Rider,0,False
2026-08-16 18:30:19,Universal Studios Florida,The Simpsons Ride™,25,True
2026-08-16 18:30:19,Epic Universe,Constellation Carousel,15,True
2026-08-16 18:30:19,Epic Universe,Stardust Racers,25,True
2026-08-16 18:30:19,Epic Universe,Curse of the Werewolf,40,True
2026-08-16 18:30:19,Epic Universe,Curse of the Werewolf Single Rider,0,True
2026-08-16 18:30:19,Epic Universe,Monsters Unchained: The Frankenstein Experiment,20,True
2026-08-16 18:30:19,Epic Universe,Monsters Unchained: The Frankenstein Experiment Single Rider,0,True
2026-08-16 18:30:19,Epic Universe,Dragon Racer's Rally,35,True
2026-08-16 18:30:19,Epic Universe,Fyre Drill,35,True
2026-08-16 18:30:19,Epic Universe,Hiccup's Wing Gliders,35,True
2026-08-16 18:30:19,Epic Universe,Meet Toothless and Friends,45,True
2026-08-16 18:30:19,Epic Universe,Bowser Jr. Challenge,15,True
2026-08-16 18:30:19,Epic Universe,Mario Kart™: Bowser's Challenge,65,True
2026-08-16 18:30:19,Epic Universe,Mario Kart™: Bowser's Challenge Single Rider,0,True
2026-08-16 18:30:19,Epic Universe,Mine-Cart Madness™,60,True
2026-08-16 18:30:19,Epic Universe,Mine-Cart Madness™ Single Rider,0,True
2026-08-16 18:30:19,Epic Universe,Yoshi's Adventure™,35,True
2026-08-16 18:30:19,Epic Universe,Harry Potter and the Battle at the Ministry™,75,True
2026-08-16 18:30:19,Epic Universe,Harry Potter and the Battle at the Ministry™ Single Rider,0,True
