timestamp,park,ride,wait_time,is_open
2026-08-22 01:43:52,Islands of Adventure,Camp Jurassic™,0,False
2026-08-22 01:43:52,Islands of Adventure,Jurassic Park Discovery Center,0,False
2026-08-22 01:43:52,Islands of Adventure,Jurassic Park River Adventure,0,False
2026-08-22 01:43:52,Islands of Adventure,Jurassic World VelociCoaster,0,False
2026-08-22 01:43:52,Islands of Adventure,Pteranodon Flyers,0,False
2026-08-22 01:43:52,Islands of Adventure,Skull Island: Reign of Kong,0,False
2026-08-22 01:43:52,Islands of Adventure,Doctor Doom's Fearfall®,0,False
2026-08-22 01:43:52,Islands of Adventure,Doctor Doom's Fearfall® Single Rider,0,True
2026-08-22 01:43:52,Islands of Adventure,Storm Force Accelatron®,0,False
2026-08-22 01:43:52,Islands of Adventure,The Amazing Adventures of Spider-Man®,0,False
2026-08-22 01:43:52,Islands of Adventure,The Incredible Hulk Coaster®,0,False
2026-08-22 01:43:52,Islands of Adventure,The Incredible Hulk Coaster® Single Rider,0,True
2026-08-22 01:43:52,Islands of Adventure,Caro-Seuss-el™,0,False
2026-08-22 01:43:52,Islands of Adventure,If I Ran The Zoo™,0,False
2026-08-22 01:43:52,Islands of Adventure,"One Fish, Two Fish, Red Fish, Blue Fish™",0,False
2026-08-22 01:43:52,Islands of Adventure,The Cat in The Hat™,0,False
2026-08-22 01:43:52,Islands of Adventure,The High in the Sky Seuss Trolley Train Ride!™,0,False
2026-08-22 01:43:52,Islands of Adventure,Flight of the Hippogriff™,0,False
2026-08-22 01:43:52,Islands of Adventure,Hagrid's Magical Creatures Motorbike Adventure™,0,False
2026-08-22 01:43:52,Islands of Adventure,Hagrid's Magical Creatures Motorbike Adventure™ Single Rider,0,True
2026-08-22 01:43:52,Islands of Adventure,Harry Potter and the Forbidden Journey™,0,False
2026-08-22 01:43:52,Islands of Adventure,Harry Potter and the Forbidden Journey™ Single Rider,0,True
2026-08-22 01:43:52,Islands of Adventure,Hogwarts Express™ - Hogsmeade™ Station,0,False
2026-08-22 01:43:52,Islands of Adventure,Ollivanders™ Experience in Hogsmeade™,15,True
2026-08-22 01:43:52,Islands of Adventure,Dudley Do-Right's Ripsaw Falls®,0,False
2026-08-22 01:43:52,Islands of Adventure,"Me Ship, The Olive®",0,False
2026-08-22 01:43:52,Islands of Adventure,Popeye & Bluto's Bilge-Rat Barges®,0,False
2026-08-22 01:43:52,Universal Studios Florida,Trolls Trollercoaster,0,False
2026-08-22 01:43:52,Universal Studios Florida,E.T. Adventure,0,False
2026-08-22 01:43:52,Universal Studios Florida,Despicable Me Minion Mayhem™,0,False
2026-08-22 01:43:52,Universal Studios Florida,Illumination's Villain-Con Minion Blast,0,False
2026-08-22 01:43:52,Universal Studios Florida,Race Through New York Starring Jimmy Fallon™,0,False
2026-08-22 01:43:52,Universal Studios Florida,Revenge of the Mummy™,0,False
2026-08-22 01:43:52,Universal Studios Florida,Revenge of the Mummy™ Single Rider,0,True
2026-08-22 01:43:52,Universal Studios Florida,TRANSFORMERS™ The Ride-3D,0,False
2026-08-22 01:43:52,Universal Studios Florida,Fast & Furious - Supercharged™,0,True
2026-08-22 01:43:52,Universal Studios Florida,Fast & Furious - Supercharged™ Single Rider,0,True
2026-08-22 01:43:52,Universal Studios Florida,Harry Potter and the Escape from Gringotts™,0,False
2026-08-22 01:43:52,Universal Studios Florida,Harry Potter and the Escape from Gringotts™ Single Rider,0,True
2026-08-22 01:43:52,Universal Studios Florida,Hogwarts Express™ - King's Cross Station,0,False
2026-08-22 01:43:52,Universal Studios Florida,Hogwarts™ Express - First Train,0,False
2026-08-22 01:43:52,Universal Studios Florida,Hogwarts™ Express - Last Train,0,False
2026-08-22 01:43:52,Universal Studios Florida,Ollivanders™ Experience in Diagon Alley™,5,True
2026-08-22 01:43:52,Universal Studios Florida,Kang & Kodos' Twirl 'n' Hurl,0,False
2026-08-22 01:43:52,Universal Studios Florida,MEN IN BLACK™ Alien Attack!,0,False
2026-08-22 01:43:52,Universal Studios Florida,MEN IN BLACK™ Alien Attack!™ Single Rider,0,True
2026-08-22 01:43:52,Universal Studios Florida,The Simpsons Ride™,0,False
2026-08-22 01:43:52,Epic Universe,Constellation Carousel,0,False
2026-08-22 01:43:52,Epic Universe,Stardust Racers,0,False
2026-08-22 01:43:52,Epic Universe,Stardust Racers Single Rider,0,False
2026-08-22 01:43:52,Epic Universe,Curse of the Werewolf,0,False
2026-08-22 01:43:52,Epic Universe,Curse of the Werewolf Single Rider,0,True
2026-08-22 01:43:52,Epic Universe,Monsters Unchained: The Frankenstein Experiment,0,False
2026-08-22 01:43:52,Epic Universe,Dragon Racer's Rally,0,False
2026-08-22 01:43:52,Epic Universe,Fyre Drill,0,False
2026-08-22 01:43:52,Epic Universe,Hiccup's Wing Gliders,0,False
2026-08-22 01:43:52,Epic Universe,Meet Toothless and Friends,35,True
2026-08-22 01:43:52,Epic Universe,Bowser Jr. Challenge,0,False
2026-08-22 01:43:52,Epic Universe,Mario Kart™: Bowser's Challenge,0,False
2026-08-22 01:43:52,Epic Universe,Mario Kart™: Bowser's Challenge Single Rider,0,True
2026-08-22 01:43:52,Epic Universe,Mine-Cart Madness™,0,False
2026-08-22 01:43:52,Epic Universe,Mine-Cart Madness™ Single Rider,0,True
2026-08-22 01:43:52,Epic Universe,Yoshi's Adventure™,0,False
2026-08-22 01:43:52,Epic Universe,Harry Potter and the Battle at the Ministry™,0,False
2026-08-22 01:43:52,Epic Universe,Harry Potter and the Battle at the Ministry™ Single Rider,0,True
2026-08-22 02:40:52,Islands of Adventure,Camp Jurassic™,0,False
2026-08-22 02:40:52,Islands of Adventure,Jurassic Park Discovery Center,0,False
2026-08-22 02:40:52,Islands of Adventure,Jurassic Park River Adventure,0,False
2026-08-22 02:40:52,Islands of Adventure,Jurassic World VelociCoaster,0,False
2026-08-22 02:40:52,Islands of Adventure,Pteranodon Flyers,0,False
2026-08-22 02:40:52,Islands of Adventure,Skull Island: Reign of Kong,0,False
2026-08-22 02:40:52,Islands of Adventure,Doctor Doom's Fearfall®,0,False
2026-08-22 02:40:52,Islands of Adventure,Doctor Doom's Fearfall® Single Rider,0,True
2026-08-22 02:40:52,Islands of Adventure,Storm Force Accelatron®,0,False
2026-08-22 02:40:52,Islands of Adventure,The Amazing Adventures of Spider-Man®,0,False
2026-08-22 02:40:52,Islands of Adventure,The Incredible Hulk Coaster®,0,False
2026-08-22 02:40:52,Islands of Adventure,The Incredible Hulk Coaster® Single Rider,0,True
2026-08-22 02:40:52,Islands of Adventure,Caro-Seuss-el™,0,False
2026-08-22 02:40:52,Islands of Adventure,If I Ran The Zoo™,0,False
2026-08-22 02:40:52,Islands of Adventure,"One Fish, Two Fish, Red Fish, Blue Fish™",0,False
2026-08-22 02:40:52,Islands of Adventure,The Cat in The Hat™,0,False
2026-08-22 02:40:52,Islands of Adventure,The High in the Sky Seuss Trolley Train Ride!™,0,False
2026-08-22 02:40:52,Islands of Adventure,Flight of the Hippogriff™,0,False
2026-08-22 02:40:52,Islands of Adventure,Hagrid's Magical Creatures Motorbike Adventure™,0,False
2026-08-22 02:40:52,Islands of Adventure,Hagrid's Magical Creatures Motorbike Adventure™ Single Rider,0,True
2026-08-22 02:40:52,Islands of Adventure,Harry Potter and the Forbidden Journey™,0,False
2026-08-22 02:40:52,Islands of Adventure,Harry Potter and the Forbidden Journey™ Single Rider,0,True
2026-08-22 02:40:52,Islands of Adventure,Hogwarts Express™ - Hogsmeade™ Station,0,False
2026-08-22 02:40:52,Islands of Adventure,Ollivanders™ Experience in Hogsmeade™,15,True
2026-08-22 02:40:52,Islands of Adventure,Dudley Do-Right's Ripsaw Falls®,0,False
2026-08-22 02:40:52,Islands of Adventure,"Me Ship, The Olive®",0,False
2026-08-22 02:40:52,Islands of Adventure,Popeye & Bluto's Bilge-Rat Barges®,0,False
2026-08-22 02:40:52,Universal Studios Florida,Trolls Trollercoaster,0,False
2026-08-22 02:40:52,Universal Studios Florida,E.T. Adventure,0,False
2026-08-22 02:40:52,Universal Studios Florida,Despicable Me Minion Mayhem™,0,False
2026-08-22 02:40:52,Universal Studios Florida,Illumination's Villain-Con Minion Blast,0,False
2026-08-22 02:40:52,Universal Studios Florida,Race Through New York Starring Jimmy Fallon™,0,False
2026-08-22 02:40:52,Universal Studios Florida,Revenge of the Mummy™,0,False
2026-08-22 02:40:52,Universal Studios Florida,Revenge of the Mummy™ Single Rider,0,True
2026-08-22 02:40:52,Universal Studios Florida,TRANSFORMERS™ The Ride-3D,0,False
2026-08-22 02:40:52,Universal Studios Florida,Fast & Furious - Supercharged™,0,True
2026-08-22 02:40:52,Universal Studios Florida,Fast & Furious - Supercharged™ Single Rider,0,True
2026-08-22 02:40:52,Universal Studios Florida,Harry Potter and the Escape from Gringotts™,0,False
2026-08-22 02:40:52,Universal Studios Florida,Harry Potter and the Escape from Gringotts™ Single Rider,0,True
2026-08-22 02:40:52,Universal Studios Florida,Hogwarts Express™ - King's Cross Station,0,False
2026-08-22 02:40:52,Universal Studios Florida,Hogwarts™ Express - First Train,0,False
2026-08-22 02:40:52,Universal Studios Florida,Hogwarts™ Express - Last Train,0,False
2026-08-22 02:40:52,Universal Studios Florida,Ollivanders™ Experience in Diagon Alley™,5,True
2026-08-22 02:40:52,Universal Studios Florida,Kang & Kodos' Twirl 'n' Hurl,0,False
2026-08-22 02:40:52,Universal Studios Florida,MEN IN BLACK™ Alien Attack!,0,False
2026-08-22 02:40:52,Universal Studios Florida,MEN IN BLACK™ Alien Attack!™ Single Rider,0,True
2026-08-22 02:40:52,Universal Studios Florida,The Simpsons Ride™,0,False
2026-08-22 02:40:52,Epic Universe,Constellation Carousel,0,False
2026-08-22 02:40:52,Epic Universe,Stardust Racers,0,False
2026-08-22 02:40:52,Epic Universe,Stardust Racers Single Rider,0,False
2026-08-22 02:40:52,Epic Universe,Curse of the Werewolf,0,False
2026-08-22 02:40:52,Epic Universe,Curse of the Werewolf Single Rider,0,True
2026-08-22 02:40:52,Epic Universe,Monsters Unchained: The Frankenstein Experiment,0,False
2026-08-22 02:40:52,Epic Universe,Dragon Racer's Rally,0,False
2026-08-22 02:40:52,Epic Universe,Fyre Drill,0,False
2026-08-22 02:40:52,Epic Universe,Hiccup's Wing Gliders,0,False
2026-08-22 02:40:52,Epic Universe,Meet Toothless and Friends,35,True
2026-08-22 02:40:52,Epic Universe,Bowser Jr. Challenge,0,False
2026-08-22 02:40:52,Epic Universe,Mario Kart™: Bowser's Challenge,0,False
2026-08-22 02:40:52,Epic Universe,Mario Kart™: Bowser's Challenge Single Rider,0,True
2026-08-22 02:40:52,Epic Universe,Mine-Cart Madness™,0,False
2026-08-22 02:40:52,Epic Universe,Mine-Cart Madness™ Single Rider,0,True
2026-08-22 02:40:52,Epic Universe,Yoshi's Adventure™,0,False
2026-08-22 02:40:52,Epic Universe,Harry Potter and the Battle at the Ministry™,0,False
2026-08-22 02:40:52,Epic Universe,Harry Potter and the Battle at the Ministry™ Single Rider,0,True
2026-08-22 03:25:53,Islands of Adventure,Camp Jurassic™,0,False
2026-08-22 03:25:53,Islands of Adventure,Jurassic Park Discovery Center,0,False
2026-08-22 03:25:53,Islands of Adventure,Jurassic Park River Adventure,0,False
2026-08-22 03:25:53,Islands of Adventure,Jurassic World VelociCoaster,0,False
2026-08-22 03:25:53,Islands of Adventure,Pteranodon Flyers,0,False
2026-08-22 03:25:53,Islands of Adventure,Skull Island: Reign of Kong,0,False
2026-08-22 03:25:53,Islands of Adventure,Doctor Doom's Fearfall®,0,False
2026-08-22 03:25:53,Islands of Adventure,Doctor Doom's Fearfall® Single Rider,0,True
2026-08-22 03:25:53,Islands of Adventure,Storm Force Accelatron®,0,False
2026-08-22 03:25:53,Islands of Adventure,The Amazing Adventures of Spider-Man®,0,False
2026-08-22 03:25:53,Islands of Adventure,The Incredible Hulk Coaster®,0,False
2026-08-22 03:25:53,Islands of Adventure,The Incredible Hulk Coaster® Single Rider,0,True
2026-08-22 03:25:53,Islands of Adventure,Caro-Seuss-el™,0,False
2026-08-22 03:25:53,Islands of Adventure,If I Ran The Zoo™,0,False
2026-08-22 03:25:53,Islands of Adventure,"One Fish, Two Fish, Red Fish, Blue Fish™",0,False
2026-08-22 03:25:53,Islands of Adventure,The Cat in The Hat™,0,False
2026-08-22 03:25:53,Islands of Adventure,The High in the Sky Seuss Trolley Train Ride!™,0,False
2026-08-22 03:25:53,Islands of Adventure,Flight of the Hippogriff™,0,False
2026-08-22 03:25:53,Islands of Adventure,Hagrid's Magical Creatures Motorbike Adventure™,0,False
2026-08-22 03:25:53,Islands of Adventure,Hagrid's Magical Creatures Motorbike Adventure™ Single Rider,0,True
2026-08-22 03:25:53,Islands of Adventure,Harry Potter and the Forbidden Journey™,0,False
2026-08-22 03:25:53,Islands of Adventure,Harry Potter and the Forbidden Journey™ Single Rider,0,True
2026-08-22 03:25:53,Islands of Adventure,Hogwarts Express™ - Hogsmeade™ Station,0,False
2026-08-22 03:25:53,Islands of Adventure,Ollivanders™ Experience in Hogsmeade™,15,True
2026-08-22 03:25:53,Islands of Adventure,Dudley Do-Right's Ripsaw Falls®,0,False
2026-08-22 03:25:53,Islands of Adventure,"Me Ship, The Olive®",0,False
2026-08-22 03:25:53,Islands of Adventure,Popeye & Bluto's Bilge-Rat Barges®,0,False
2026-08-22 03:25:53,Universal Studios Florida,Trolls Trollercoaster,0,False
2026-08-22 03:25:53,Universal Studios Florida,E.T. Adventure,0,False
2026-08-22 03:25:53,Universal Studios Florida,Despicable Me Minion Mayhem™,0,False
2026-08-22 03:25:53,Universal Studios Florida,Illumination's Villain-Con Minion Blast,0,False
2026-08-22 03:25:53,Universal Studios Florida,Race Through New York Starring Jimmy Fallon™,0,False
2026-08-22 03:25:53,Universal Studios Florida,Revenge of the Mummy™,0,False
2026-08-22 03:25:53,Universal Studios Florida,Revenge of the Mummy™ Single Rider,0,True
2026-08-22 03:25:53,Universal Studios Florida,TRANSFORMERS™ The Ride-3D,0,False
2026-08-22 03:25:53,Universal Studios Florida,Fast & Furious - Supercharged™,0,True
2026-08-22 03:25:53,Universal Studios Florida,Fast & Furious - Supercharged™ Single Rider,0,True
2026-08-22 03:25:53,Universal Studios Florida,Harry Potter and the Escape from Gringotts™,0,False
2026-08-22 03:25:53,Universal Studios Florida,Harry Potter and the Escape from Gringotts™ Single Rider,0,True
2026-08-22 03:25:53,Universal Studios Florida,Hogwarts Express™ - King's Cross Station,0,False
2026-08-22 03:25:53,Universal Studios Florida,Hogwarts™ Express - First Train,0,False
2026-08-22 03:25:53,Universal Studios Florida,Hogwarts™ Express - Last Train,0,False
2026-08-22 03:25:53,Universal Studios Florida,Ollivanders™ Experience in Diagon Alley™,5,True
2026-08-22 03:25:53,Universal Studios Florida,Kang & Kodos' Twirl 'n' Hurl,0,False
2026-08-22 03:25:53,Universal Studios Florida,MEN IN BLACK™ Alien Attack!,0,False
2026-08-22 03:25:53,Universal Studios Florida,MEN IN BLACK™ Alien Attack!™ Single Rider,0,True
2026-08-22 03:25:53,Universal Studios Florida,The Simpsons Ride™,0,False
2026-08-22 03:25:53,Epic Universe,Constellation Carousel,0,False
2026-08-22 03:25:53,Epic Universe,Stardust Racers,0,False
2026-08-22 03:25:53,Epic Universe,Stardust Racers Single Rider,0,False
2026-08-22 03:25:53,Epic Universe,Curse of the Werewolf,0,False
2026-08-22 03:25:53,Epic Universe,Curse of the Werewolf Single Rider,0,True
2026-08-22 03:25:53,Epic Universe,Monsters Unchained: The Frankenstein Experiment,0,False
2026-08-22 03:25:53,Epic Universe,Dragon Racer's Rally,0,False
2026-08-22 03:25:53,Epic Universe,Fyre Drill,0,False
2026-08-22 03:25:53,Epic Universe,Hiccup's Wing Gliders,0,False
2026-08-22 03:25:53,Epic Universe,Meet Toothless and Friends,35,True
2026-08-22 03:25:53,Epic Universe,Bowser Jr. Challenge,0,False
2026-08-22 03:25:53,Epic Universe,Mario Kart™: Bowser's Challenge,0,False
2026-08-22 03:25:53,Epic Universe,Mario Kart™: Bowser's Challenge Single Rider,0,True
2026-08-22 03:25:53,Epic Universe,Mine-Cart Madness™,0,False
2026-08-22 03:25:53,Epic Universe,Mine-Cart Madness™ Single Rider,0,True
2026-08-22 03:25:53,Epic Universe,Yoshi's Adventure™,0,False
2026-08-22 03:25:53,Epic Universe,Harry Potter and the Battle at the Ministry™,0,False
2026-08-22 03:25:53,Epic Universe,Harry Potter and the Battle at the Ministry™ Single Rider,0,True
2026-08-22 04:06:15,Islands of Adventure,Camp Jurassic™,0,False
2026-08-22 04:06:15,Islands of Adventure,Jurassic Park Discovery Center,0,False
2026-08-22 04:06:15,Islands of Adventure,Jurassic Park River Adventure,0,False
2026-08-22 04:06:15,Islands of Adventure,Jurassic World VelociCoaster,0,False
2026-08-22 04:06:15,Islands of Adventure,Pteranodon Flyers,0,False
2026-08-22 04:06:15,Islands of Adventure,Skull Island: Reign of Kong,0,False
2026-08-22 04:06:15,Islands of Adventure,Doctor Doom's Fearfall®,0,False
2026-08-22 04:06:15,Islands of Adventure,Doctor Doom's Fearfall® Single Rider,0,True
2026-08-22 04:06:15,Islands of Adventure,Storm Force Accelatron®,0,False
2026-08-22 04:06:15,Islands of Adventure,The Amazing Adventures of Spider-Man®,0,False
2026-08-22 04:06:15,Islands of Adventure,The Incredible Hulk Coaster®,0,False
2026-08-22 04:06:15,Islands of Adventure,The Incredible Hulk Coaster® Single Rider,0,True
2026-08-22 04:06:15,Islands of Adventure,Caro-Seuss-el™,0,False
2026-08-22 04:06:15,Islands of Adventure,If I Ran The Zoo™,0,False
2026-08-22 04:06:15,Islands of Adventure,"One Fish, Two Fish, Red Fish, Blue Fish™",0,False
2026-08-22 04:06:15,Islands of Adventure,The Cat in The Hat™,0,False
2026-08-22 04:06:15,Islands of Adventure,The High in the Sky Seuss Trolley Train Ride!™,0,False
2026-08-22 04:06:15,Islands of Adventure,Flight of the Hippogriff™,0,False
2026-08-22 04:06:15,Islands of Adventure,Hagrid's Magical Creatures Motorbike Adventure™,0,False
2026-08-22 04:06:15,Islands of Adventure,Hagrid's Magical Creatures Motorbike Adventure™ Single Rider,0,True
2026-08-22 04:06:15,Islands of Adventure,Harry Potter and the Forbidden Journey™,0,False
2026-08-22 04:06:15,Islands of Adventure,Harry Potter and the Forbidden Journey™ Single Rider,0,True
2026-08-22 04:06:15,Islands of Adventure,Hogwarts Express™ - Hogsmeade™ Station,0,False
2026-08-22 04:06:15,Islands of Adventure,Ollivanders™ Experience in Hogsmeade™,15,True
2026-08-22 04:06:15,Islands of Adventure,Dudley Do-Right's Ripsaw Falls®,0,False
2026-08-22 04:06:15,Islands of Adventure,"Me Ship, The Olive®",0,False
2026-08-22 04:06:15,Islands of Adventure,Popeye & Bluto's Bilge-Rat Barges®,0,False
2026-08-22 04:06:15,Universal Studios Florida,Trolls Trollercoaster,0,False
2026-08-22 04:06:15,Universal Studios Florida,E.T. Adventure,0,False
2026-08-22 04:06:15,Universal Studios Florida,Despicable Me Minion Mayhem™,0,False
2026-08-22 04:06:15,Universal Studios Florida,Illumination's Villain-Con Minion Blast,0,False
2026-08-22 04:06:15,Universal Studios Florida,Race Through New York Starring Jimmy Fallon™,0,False
2026-08-22 04:06:15,Universal Studios Florida,Revenge of the Mummy™,0,False
2026-08-22 04:06:15,Universal Studios Florida,Revenge of the Mummy™ Single Rider,0,True
2026-08-22 04:06:15,Universal Studios Florida,TRANSFORMERS™ The Ride-3D,0,False
2026-08-22 04:06:15,Universal Studios Florida,Fast & Furious - Supercharged™,0,True
2026-08-22 04:06:15,Universal Studios Florida,Fast & Furious - Supercharged™ Single Rider,0,True
2026-08-22 04:06:15,Universal Studios Florida,Harry Potter and the Escape from Gringotts™,0,False
2026-08-22 04:06:15,Universal Studios Florida,Harry Potter and the Escape from Gringotts™ Single Rider,0,True
2026-08-22 04:06:15,Universal Studios Florida,Hogwarts Express™ - King's Cross Station,0,False
2026-08-22 04:06:15,Universal Studios Florida,Hogwarts™ Express - First Train,0,False
2026-08-22 04:06:15,Universal Studios Florida,Hogwarts™ Express - Last Train,0,False
2026-08-22 04:06:15,Universal Studios Florida,Ollivanders™ Experience in Diagon Alley™,5,True
2026-08-22 04:06:15,Universal Studios Florida,Kang & Kodos' Twirl 'n' Hurl,0,False
2026-08-22 04:06:15,Universal Studios Florida,MEN IN BLACK™ Alien Attack!,0,False
2026-08-22 04:06:15,Universal Studios Florida,MEN IN BLACK™ Alien Attack!™ Single Rider,0,True
2026-08-22 04:06:15,Universal Studios Florida,The Simpsons Ride™,0,False
2026-08-22 04:06:15,Epic Universe,Constellation Carousel,0,False
2026-08-22 04:06:15,Epic Universe,Stardust Racers,0,False
2026-08-22 04:06:15,Epic Universe,Stardust Racers Single Rider,0,False
2026-08-22 04:06:15,Epic Universe,Curse of the Werewolf,0,False
2026-08-22 04:06:15,Epic Universe,Curse of the Werewolf Single Rider,0,True
2026-08-22 04:06:15,Epic Universe,Monsters Unchained: The Frankenstein Experiment,0,False
2026-08-22 04:06:15,Epic Universe,Dragon Racer's Rally,0,False
2026-08-22 04:06:15,Epic Universe,Fyre Drill,0,False
2026-08-22 04:06:15,Epic Universe,Hiccup's Wing Gliders,0,False
2026-08-22 04:06:15,Epic Universe,Meet Toothless and Friends,35,True
2026-08-22 04:06:15,Epic Universe,Bowser Jr. Challenge,0,False
2026-08-22 04:06:15,Epic Universe,Mario Kart™: Bowser's Challenge,0,False
2026-08-22 04:06:15,Epic Universe,Mario Kart™: Bowser's Challenge Single Rider,0,True
2026-08-22 04:06:15,Epic Universe,Mine-Cart Madness™,0,False
2026-08-22 04:06:15,Epic Universe,Mine-Cart Madness™ Single Rider,0,True
2026-08-22 04:06:15,Epic Universe,Yoshi's Adventure™,0,False
2026-08-22 04:06:15,Epic Universe,Harry Potter and the Battle at the Ministry™,0,False
2026-08-22 04:06:15,Epic Universe,Harry Potter and the Battle at the Ministry™ Single Rider,0,True
2026-08-22 04:49:52,Islands of Adventure,Camp Jurassic™,0,False
2026-08-22 04:49:52,Islands of Adventure,Jurassic Park Discovery Center,0,False
2026-08-22 04:49:52,Islands of Adventure,Jurassic Park River Adventure,0,False
2026-08-22 04:49:52,Islands of Adventure,Jurassic World VelociCoaster,0,False
2026-08-22 04:49:52,Islands of Adventure,Pteranodon Flyers,0,False
2026-08-22 04:49:52,Islands of Adventure,Skull Island: Reign of Kong,0,False
2026-08-22 04:49:52,Islands of Adventure,Doctor Doom's Fearfall®,0,False
2026-08-22 04:49:52,Islands of Adventure,Doctor Doom's Fearfall® Single Rider,0,True
2026-08-22 04:49:52,Islands of Adventure,Storm Force Accelatron®,0,False
2026-08-22 04:49:52,Islands of Adventure,The Amazing Adventures of Spider-Man®,0,False
2026-08-22 04:49:52,Islands of Adventure,The Incredible Hulk Coaster®,0,False
2026-08-22 04:49:52,Islands of Adventure,The Incredible Hulk Coaster® Single Rider,0,True
2026-08-22 04:49:52,Islands of Adventure,Caro-Seuss-el™,0,False
2026-08-22 04:49:52,Islands of Adventure,If I Ran The Zoo™,0,False
2026-08-22 04:49:52,Islands of Adventure,"One Fish, Two Fish, Red Fish, Blue Fish™",0,False
2026-08-22 04:49:52,Islands of Adventure,The Cat in The Hat™,0,False
2026-08-22 04:49:52,Islands of Adventure,The High in the Sky Seuss Trolley Train Ride!™,0,False
2026-08-22 04:49:52,Islands of Adventure,Flight of the Hippogriff™,0,False
2026-08-22 04:49:52,Islands of Adventure,Hagrid's Magical Creatures Motorbike Adventure™,0,False
2026-08-22 04:49:52,Islands of Adventure,Hagrid's Magical Creatures Motorbike Adventure™ Single Rider,0,True
2026-08-22 04:49:52,Islands of Adventure,Harry Potter and the Forbidden Journey™,0,False
2026-08-22 04:49:52,Islands of Adventure,Harry Potter and the Forbidden Journey™ Single Rider,0,True
2026-08-22 04:49:52,Islands of Adventure,Hogwarts Express™ - Hogsmeade™ Station,0,False
2026-08-22 04:49:52,Islands of Adventure,Ollivanders™ Experience in Hogsmeade™,15,True
2026-08-22 04:49:52,Islands of Adventure,Dudley Do-Right's Ripsaw Falls®,0,False
2026-08-22 04:49:52,Islands of Adventure,"Me Ship, The Olive®",0,False
2026-08-22 04:49:52,Islands of Adventure,Popeye & Bluto's Bilge-Rat Barges®,0,False
2026-08-22 04:49:52,Universal Studios Florida,Trolls Trollercoaster,0,False
2026-08-22 04:49:52,Universal Studios Florida,E.T. Adventure,0,False
2026-08-22 04:49:52,Universal Studios Florida,Despicable Me Minion Mayhem™,0,False
2026-08-22 04:49:52,Universal Studios Florida,Illumination's Villain-Con Minion Blast,0,False
2026-08-22 04:49:52,Universal Studios Florida,Race Through New York Starring Jimmy Fallon™,0,False
2026-08-22 04:49:52,Universal Studios Florida,Revenge of the Mummy™,0,False
2026-08-22 04:49:52,Universal Studios Florida,Revenge of the Mummy™ Single Rider,0,True
2026-08-22 04:49:52,Universal Studios Florida,TRANSFORMERS™ The Ride-3D,0,False
2026-08-22 04:49:52,Universal Studios Florida,Fast & Furious - Supercharged™,0,True
2026-08-22 04:49:52,Universal Studios Florida,Fast & Furious - Supercharged™ Single Rider,0,True
2026-08-22 04:49:52,Universal Studios Florida,Harry Potter and the Escape from Gringotts™,0,False
2026-08-22 04:49:52,Universal Studios Florida,Harry Potter and the Escape from Gringotts™ Single Rider,0,True
2026-08-22 04:49:52,Universal Studios Florida,Hogwarts Express™ - King's Cross Station,0,False
2026-08-22 04:49:52,Universal Studios Florida,Hogwarts™ Express - First Train,0,False
2026-08-22 04:49:52,Universal Studios Florida,Hogwarts™ Express - Last Train,0,False
2026-08-22 04:49:52,Universal Studios Florida,Ollivanders™ Experience in Diagon Alley™,5,True
2026-08-22 04:49:52,Universal Studios Florida,Kang & Kodos' Twirl 'n' Hurl,0,False
2026-08-22 04:49:52,Universal Studios Florida,MEN IN BLACK™ Alien Attack!,0,False
2026-08-22 04:49:52,Universal Studios Florida,MEN IN BLACK™ Alien Attack!™ Single Rider,0,True
2026-08-22 04:49:52,Universal Studios Florida,The Simpsons Ride™,0,False
2026-08-22 04:49:52,Epic Universe,Constellation Carousel,0,False
2026-08-22 04:49:52,Epic Universe,Stardust Racers,0,False
2026-08-22 04:49:52,Epic Universe,Stardust Racers Single Rider,0,False
2026-08-22 04:49:52,Epic Universe,Curse of the Werewolf,0,False
2026-08-22 04:49:52,Epic Universe,Curse of the Werewolf Single Rider,0,True
2026-08-22 04:49:52,Epic Universe,Monsters Unchained: The Frankenstein Experiment,0,False
2026-08-22 04:49:52,Epic Universe,Dragon Racer's Rally,0,False
2026-08-22 04:49:52,Epic Universe,Fyre Drill,0,False
2026-08-22 04:49:52,Epic Universe,Hiccup's Wing Gliders,0,False
2026-08-22 04:49:52,Epic Universe,Meet Toothless and Friends,35,True
2026-08-22 04:49:52,Epic Universe,Bowser Jr. Challenge,0,False
2026-08-22 04:49:52,Epic Universe,Mario Kart™: Bowser's Challenge,0,False
2026-08-22 04:49:52,Epic Universe,Mario Kart™: Bowser's Challenge Single Rider,0,True
2026-08-22 04:49:52,Epic Universe,Mine-Cart Madness™,0,False
2026-08-22 04:49:52,Epic Universe,Mine-Cart Madness™ Single Rider,0,True
2026-08-22 04:49:52,Epic Universe,Yoshi's Adventure™,0,False
2026-08-22 04:49:52,Epic Universe,Harry Potter and the Battle at the Ministry™,0,False
2026-08-22 04:49:52,Epic Universe,Harry Potter and the Battle at the Ministry™ Single Rider,0,True
2026-08-22 05:28:27,Islands of Adventure,Camp Jurassic™,0,False
2026-08-22 05:28:27,Islands of Adventure,Jurassic Park Discovery Center,0,False
2026-08-22 05:28:27,Islands of Adventure,Jurassic Park River Adventure,0,False
2026-08-22 05:28:27,Islands of Adventure,Jurassic World VelociCoaster,0,False
2026-08-22 05:28:27,Islands of Adventure,Pteranodon Flyers,0,False
2026-08-22 05:28:27,Islands of Adventure,Skull Island: Reign of Kong,0,False
2026-08-22 05:28:27,Islands of Adventure,Doctor Doom's Fearfall®,0,False
2026-08-22 05:28:27,Islands of Adventure,Doctor Doom's Fearfall® Single Rider,0,True
2026-08-22 05:28:27,Islands of Adventure,Storm Force Accelatron®,0,False
2026-08-22 05:28:27,Islands of Adventure,The Amazing Adventures of Spider-Man®,0,False
2026-08-22 05:28:27,Islands of Adventure,The Incredible Hulk Coaster®,0,False
2026-08-22 05:28:27,Islands of Adventure,The Incredible Hulk Coaster® Single Rider,0,True
2026-08-22 05:28:27,Islands of Adventure,Caro-Seuss-el™,0,False
2026-08-22 05:28:27,Islands of Adventure,If I Ran The Zoo™,0,False
2026-08-22 05:28:27,Islands of Adventure,"One Fish, Two Fish, Red Fish, Blue Fish™",0,False
2026-08-22 05:28:27,Islands of Adventure,The Cat in The Hat™,0,False
2026-08-22 05:28:27,Islands of Adventure,The High in the Sky Seuss Trolley Train Ride!™,0,False
2026-08-22 05:28:27,Islands of Adventure,Flight of the Hippogriff™,0,False
2026-08-22 05:28:27,Islands of Adventure,Hagrid's Magical Creatures Motorbike Adventure™,0,False
2026-08-22 05:28:27,Islands of Adventure,Hagrid's Magical Creatures Motorbike Adventure™ Single Rider,0,True
2026-08-22 05:28:27,Islands of Adventure,Harry Potter and the Forbidden Journey™,0,False
2026-08-22 05:28:27,Islands of Adventure,Harry Potter and the Forbidden Journey™ Single Rider,0,True
2026-08-22 05:28:27,Islands of Adventure,Hogwarts Express™ - Hogsmeade™ Station,0,False
2026-08-22 05:28:27,Islands of Adventure,Ollivanders™ Experience in Hogsmeade™,15,True
2026-08-22 05:28:27,Islands of Adventure,Dudley Do-Right's Ripsaw Falls®,0,False
2026-08-22 05:28:27,Islands of Adventure,"Me Ship, The Olive®",0,False
2026-08-22 05:28:27,Islands of Adventure,Popeye & Bluto's Bilge-Rat Barges®,0,False
2026-08-22 05:28:27,Universal Studios Florida,Trolls Trollercoaster,0,False
2026-08-22 05:28:27,Universal Studios Florida,E.T. Adventure,0,False
2026-08-22 05:28:27,Universal Studios Florida,Despicable Me Minion Mayhem™,0,False
2026-08-22 05:28:27,Universal Studios Florida,Illumination's Villain-Con Minion Blast,0,False
2026-08-22 05:28:27,Universal Studios Florida,Race Through New York Starring Jimmy Fallon™,0,False
2026-08-22 05:28:27,Universal Studios Florida,Revenge of the Mummy™,0,False
2026-08-22 05:28:27,Universal Studios Florida,Revenge of the Mummy™ Single Rider,0,True
2026-08-22 05:28:27,Universal Studios Florida,TRANSFORMERS™ The Ride-3D,0,False
2026-08-22 05:28:27,Universal Studios Florida,Fast & Furious - Supercharged™,0,True
2026-08-22 05:28:27,Universal Studios Florida,Fast & Furious - Supercharged™ Single Rider,0,True
2026-08-22 05:28:27,Universal Studios Florida,Harry Potter and the Escape from Gringotts™,0,False
2026-08-22 05:28:27,Universal Studios Florida,Harry Potter and the Escape from Gringotts™ Single Rider,0,True
2026-08-22 05:28:27,Universal Studios Florida,Hogwarts Express™ - King's Cross Station,0,False
2026-08-22 05:28:27,Universal Studios Florida,Hogwarts™ Express - First Train,0,False
2026-08-22 05:28:27,Universal Studios Florida,Hogwarts™ Express - Last Train,0,False
2026-08-22 05:28:27,Universal Studios Florida,Ollivanders™ Experience in Diagon Alley™,5,True
2026-08-22 05:28:27,Universal Studios Florida,Kang & Kodos' Twirl 'n' Hurl,0,False
2026-08-22 05:28:27,Universal Studios Florida,MEN IN BLACK™ Alien Attack!,0,False
2026-08-22 05:28:27,Universal Studios Florida,MEN IN BLACK™ Alien Attack!™ Single Rider,0,True
2026-08-22 05:28:27,Universal Studios Florida,The Simpsons Ride™,0,False
2026-08-22 05:28:27,Epic Universe,Constellation Carousel,0,False
2026-08-22 05:28:27,Epic Universe,Stardust Racers,0,False
2026-08-22 05:28:27,Epic Universe,Stardust Racers Single Rider,0,False
2026-08-22 05:28:27,Epic Universe,Curse of the Werewolf,0,False
2026-08-22 05:28:27,Epic Universe,Curse of the Werewolf Single Rider,0,True
2026-08-22 05:28:27,Epic Universe,Monsters Unchained: The Frankenstein Experiment,0,False
2026-08-22 05:28:27,Epic Universe,Dragon Racer's Rally,0,False
2026-08-22 05:28:27,Epic Universe,Fyre Drill,0,False
2026-08-22 05:28:27,Epic Universe,Hiccup's Wing Gliders,0,False
2026-08-22 05:28:27,Epic Universe,Meet Toothless and Friends,35,True
2026-08-22 05:28:27,Epic Universe,Bowser Jr. Challenge,0,False
2026-08-22 05:28:27,Epic Universe,Mario Kart™: Bowser's Challenge,0,False
2026-08-22 05:28:27,Epic Universe,Mario Kart™: Bowser's Challenge Single Rider,0,True
2026-08-22 05:28:27,Epic Universe,Mine-Cart Madness™,0,False
2026-08-22 05:28:27,Epic Universe,Mine-Cart Madness™ Single Rider,0,True
2026-08-22 05:28:27,Epic Universe,Yoshi's Adventure™,0,False
2026-08-22 05:28:27,Epic Universe,Harry Potter and the Battle at the Ministry™,0,False
2026-08-22 05:28:27,Epic Universe,Harry Potter and the Battle at the Ministry™ Single Rider,0,True
2026-08-22 05:55:50,Islands of Adventure,Camp Jurassic™,0,False
2026-08-22 05:55:50,Islands of Adventure,Jurassic Park Discovery Center,0,False
2026-08-22 05:55:50,Islands of Adventure,Jurassic Park River Adventure,0,False
2026-08-22 05:55:50,Islands of Adventure,Jurassic World VelociCoaster,0,False
2026-08-22 05:55:50,Islands of Adventure,Pteranodon Flyers,0,False
2026-08-22 05:55:50,Islands of Adventure,Skull Island: Reign of Kong,0,False
2026-08-22 05:55:50,Islands of Adventure,Doctor Doom's Fearfall®,0,False
2026-08-22 05:55:50,Islands of Adventure,Doctor Doom's Fearfall® Single Rider,0,True
2026-08-22 05:55:50,Islands of Adventure,Storm Force Accelatron®,0,False
2026-08-22 05:55:50,Islands of Adventure,The Amazing Adventures of Spider-Man®,0,False
2026-08-22 05:55:50,Islands of Adventure,The Incredible Hulk Coaster®,0,False
2026-08-22 05:55:50,Islands of Adventure,The Incredible Hulk Coaster® Single Rider,0,True
2026-08-22 05:55:50,Islands of Adventure,Caro-Seuss-el™,0,False
2026-08-22 05:55:50,Islands of Adventure,If I Ran The Zoo™,0,False
2026-08-22 05:55:50,Islands of Adventure,"One Fish, Two Fish, Red Fish, Blue Fish™",0,False
2026-08-22 05:55:50,Islands of Adventure,The Cat in The Hat™,0,False
2026-08-22 05:55:50,Islands of Adventure,The High in the Sky Seuss Trolley Train Ride!™,0,False
2026-08-22 05:55:50,Islands of Adventure,Flight of the Hippogriff™,0,False
2026-08-22 05:55:50,Islands of Adventure,Hagrid's Magical Creatures Motorbike Adventure™,0,False
2026-08-22 05:55:50,Islands of Adventure,Hagrid's Magical Creatures Motorbike Adventure™ Single Rider,0,True
2026-08-22 05:55:50,Islands of Adventure,Harry Potter and the Forbidden Journey™,0,False
2026-08-22 05:55:50,Islands of Adventure,Harry Potter and the Forbidden Journey™ Single Rider,0,True
2026-08-22 05:55:50,Islands of Adventure,Hogwarts Express™ - Hogsmeade™ Station,0,False
2026-08-22 05:55:50,Islands of Adventure,Ollivanders™ Experience in Hogsmeade™,15,True
2026-08-22 05:55:50,Islands of Adventure,Dudley Do-Right's Ripsaw Falls®,0,False
2026-08-22 05:55:50,Islands of Adventure,"Me Ship, The Olive®",0,False
2026-08-22 05:55:50,Islands of Adventure,Popeye & Bluto's Bilge-Rat Barges®,0,False
2026-08-22 05:55:50,Universal Studios Florida,Trolls Trollercoaster,0,False
2026-08-22 05:55:50,Universal Studios Florida,E.T. Adventure,0,False
2026-08-22 05:55:50,Universal Studios Florida,Despicable Me Minion Mayhem™,0,False
2026-08-22 05:55:50,Universal Studios Florida,Illumination's Villain-Con Minion Blast,0,False
2026-08-22 05:55:50,Universal Studios Florida,Race Through New York Starring Jimmy Fallon™,0,False
2026-08-22 05:55:50,Universal Studios Florida,Revenge of the Mummy™,0,False
2026-08-22 05:55:50,Universal Studios Florida,Revenge of the Mummy™ Single Rider,0,True
2026-08-22 05:55:50,Universal Studios Florida,TRANSFORMERS™ The Ride-3D,0,False
2026-08-22 05:55:50,Universal Studios Florida,Fast & Furious - Supercharged™,0,True
2026-08-22 05:55:50,Universal Studios Florida,Fast & Furious - Supercharged™ Single Rider,0,True
2026-08-22 05:55:50,Universal Studios Florida,Harry Potter and the Escape from Gringotts™,0,False
2026-08-22 05:55:50,Universal Studios Florida,Harry Potter and the Escape from Gringotts™ Single Rider,0,True
2026-08-22 05:55:50,Universal Studios Florida,Hogwarts Express™ - King's Cross Station,0,False
2026-08-22 05:55:50,Universal Studios Florida,Hogwarts™ Express - First Train,0,False
2026-08-22 05:55:50,Universal Studios Florida,Hogwarts™ Express - Last Train,0,False
2026-08-22 05:55:50,Universal Studios Florida,Ollivanders™ Experience in Diagon Alley™,5,True
2026-08-22 05:55:50,Universal Studios Florida,Kang & Kodos' Twirl 'n' Hurl,0,False
2026-08-22 05:55:50,Universal Studios Florida,MEN IN BLACK™ Alien Attack!,0,False
2026-08-22 05:55:50,Universal Studios Florida,MEN IN BLACK™ Alien Attack!™ Single Rider,0,True
2026-08-22 05:55:50,Universal Studios Florida,The Simpsons Ride™,0,False
2026-08-22 05:55:50,Epic Universe,Constellation Carousel,0,False
2026-08-22 05:55:50,Epic Universe,Stardust Racers,0,False
2026-08-22 05:55:50,Epic Universe,Stardust Racers Single Rider,0,False
2026-08-22 05:55:50,Epic Universe,Curse of the Werewolf,0,False
2026-08-22 05:55:50,Epic Universe,Curse of the Werewolf Single Rider,0,True
2026-08-22 05:55:50,Epic Universe,Monsters Unchained: The Frankenstein Experiment,0,False
2026-08-22 05:55:50,Epic Universe,Dragon Racer's Rally,0,False
2026-08-22 05:55:50,Epic Universe,Fyre Drill,0,False
2026-08-22 05:55:50,Epic Universe,Hiccup's Wing Gliders,0,False
2026-08-22 05:55:50,Epic Universe,Meet Toothless and Friends,35,True
2026-08-22 05:55:50,Epic Universe,Bowser Jr. Challenge,0,False
2026-08-22 05:55:50,Epic Universe,Mario Kart™: Bowser's Challenge,0,False
2026-08-22 05:55:50,Epic Universe,Mario Kart™: Bowser's Challenge Single Rider,0,True
2026-08-22 05:55:50,Epic Universe,Mine-Cart Madness™,0,False
2026-08-22 05:55:50,Epic Universe,Mine-Cart Madness™ Single Rider,0,True
2026-08-22 05:55:50,Epic Universe,Yoshi's Adventure™,0,False
2026-08-22 05:55:50,Epic Universe,Harry Potter and the Battle at the Ministry™,0,False
2026-08-22 05:55:50,Epic Universe,Harry Potter and the Battle at the Ministry™ Single Rider,0,True
2026-08-22 06:43:19,Islands of Adventure,Camp Jurassic™,0,False
2026-08-22 06:43:19,Islands of Adventure,Jurassic Park Discovery Center,0,False
2026-08-22 06:43:19,Islands of Adventure,Jurassic Park River Adventure,0,False
2026-08-22 06:43:19,Islands of Adventure,Jurassic World VelociCoaster,0,False
2026-08-22 06:43:19,Islands of Adventure,Pteranodon Flyers,0,False
2026-08-22 06:43:19,Islands of Adventure,Skull Island: Reign of Kong,0,False
2026-08-22 06:43:19,Islands of Adventure,Doctor Doom's Fearfall®,0,False
2026-08-22 06:43:19,Islands of Adventure,Doctor Doom's Fearfall® Single Rider,0,True
2026-08-22 06:43:19,Islands of Adventure,Storm Force Accelatron®,0,False
2026-08-22 06:43:19,Islands of Adventure,The Amazing Adventures of Spider-Man®,0,False
2026-08-22 06:43:19,Islands of Adventure,The Incredible Hulk Coaster®,0,False
2026-08-22 06:43:19,Islands of Adventure,The Incredible Hulk Coaster® Single Rider,0,True
2026-08-22 06:43:19,Islands of Adventure,Caro-Seuss-el™,0,False
2026-08-22 06:43:19,Islands of Adventure,If I Ran The Zoo™,0,False
2026-08-22 06:43:19,Islands of Adventure,"One Fish, Two Fish, Red Fish, Blue Fish™",0,False
2026-08-22 06:43:19,Islands of Adventure,The Cat in The Hat™,0,False
2026-08-22 06:43:19,Islands of Adventure,The High in the Sky Seuss Trolley Train Ride!™,0,False
2026-08-22 06:43:19,Islands of Adventure,Flight of the Hippogriff™,0,False
2026-08-22 06:43:19,Islands of Adventure,Hagrid's Magical Creatures Motorbike Adventure™,0,False
2026-08-22 06:43:19,Islands of Adventure,Hagrid's Magical Creatures Motorbike Adventure™ Single Rider,0,True
2026-08-22 06:43:19,Islands of Adventure,Harry Potter and the Forbidden Journey™,0,False
2026-08-22 06:43:19,Islands of Adventure,Harry Potter and the Forbidden Journey™ Single Rider,0,True
2026-08-22 06:43:19,Islands of Adventure,Hogwarts Express™ - Hogsmeade™ Station,0,False
2026-08-22 06:43:19,Islands of Adventure,Ollivanders™ Experience in Hogsmeade™,15,True
2026-08-22 06:43:19,Islands of Adventure,Dudley Do-Right's Ripsaw Falls®,0,False
2026-08-22 06:43:19,Islands of Adventure,"Me Ship, The Olive®",0,False
2026-08-22 06:43:19,Islands of Adventure,Popeye & Bluto's Bilge-Rat Barges®,0,False
2026-08-22 06:43:19,Universal Studios Florida,Trolls Trollercoaster,0,False
2026-08-22 06:43:19,Universal Studios Florida,E.T. Adventure,0,False
2026-08-22 06:43:19,Universal Studios Florida,Despicable Me Minion Mayhem™,0,False
2026-08-22 06:43:19,Universal Studios Florida,Illumination's Villain-Con Minion Blast,0,False
2026-08-22 06:43:19,Universal Studios Florida,Race Through New York Starring Jimmy Fallon™,0,False
2026-08-22 06:43:19,Universal Studios Florida,Revenge of the Mummy™,0,False
2026-08-22 06:43:19,Universal Studios Florida,Revenge of the Mummy™ Single Rider,0,True
2026-08-22 06:43:19,Universal Studios Florida,TRANSFORMERS™ The Ride-3D,0,False
2026-08-22 06:43:19,Universal Studios Florida,Fast & Furious - Supercharged™,0,True
2026-08-22 06:43:19,Universal Studios Florida,Fast & Furious - Supercharged™ Single Rider,0,True
2026-08-22 06:43:19,Universal Studios Florida,Harry Potter and the Escape from Gringotts™,0,False
2026-08-22 06:43:19,Universal Studios Florida,Harry Potter and the Escape from Gringotts™ Single Rider,0,True
2026-08-22 06:43:19,Universal Studios Florida,Hogwarts Express™ - King's Cross Station,0,False
2026-08-22 06:43:19,Universal Studios Florida,Hogwarts™ Express - First Train,0,False
2026-08-22 06:43:19,Universal Studios Florida,Hogwarts™ Express - Last Train,0,False
2026-08-22 06:43:19,Universal Studios Florida,Ollivanders™ Experience in Diagon Alley™,5,True
2026-08-22 06:43:19,Universal Studios Florida,Kang & Kodos' Twirl 'n' Hurl,0,False
2026-08-22 06:43:19,Universal Studios Florida,MEN IN BLACK™ Alien Attack!,0,False
2026-08-22 06:43:19,Universal Studios Florida,MEN IN BLACK™ Alien Attack!™ Single Rider,0,True
2026-08-22 06:43:19,Universal Studios Florida,The Simpsons Ride™,0,False
2026-08-22 06:43:19,Epic Universe,Constellation Carousel,0,False
2026-08-22 06:43:19,Epic Universe,Stardust Racers,0,False
2026-08-22 06:43:19,Epic Universe,Stardust Racers Single Rider,0,False
2026-08-22 06:43:19,Epic Universe,Curse of the Werewolf,0,False
2026-08-22 06:43:19,Epic Universe,Curse of the Werewolf Single Rider,0,True
2026-08-22 06:43:19,Epic Universe,Monsters Unchained: The Frankenstein Experiment,0,False
2026-08-22 06:43:19,Epic Universe,Dragon Racer's Rally,0,False
2026-08-22 06:43:19,Epic Universe,Fyre Drill,0,False
2026-08-22 06:43:19,Epic Universe,Hiccup's Wing Gliders,0,False
2026-08-22 06:43:19,Epic Universe,Meet Toothless and Friends,35,True
2026-08-22 06:43:19,Epic Universe,Bowser Jr. Challenge,0,False
2026-08-22 06:43:19,Epic Universe,Mario Kart™: Bowser's Challenge,0,False
2026-08-22 06:43:19,Epic Universe,Mario Kart™: Bowser's Challenge Single Rider,0,True
2026-08-22 06:43:19,Epic Universe,Mine-Cart Madness™,0,False
2026-08-22 06:43:19,Epic Universe,Mine-Cart Madness™ Single Rider,0,True
2026-08-22 06:43:19,Epic Universe,Yoshi's Adventure™,0,False
2026-08-22 06:43:19,Epic Universe,Harry Potter and the Battle at the Ministry™,0,False
2026-08-22 06:43:19,Epic Universe,Harry Potter and the Battle at the Ministry™ Single Rider,0,True
2026-08-22 07:19:36,Islands of Adventure,Camp Jurassic™,0,False
2026-08-22 07:19:36,Islands of Adventure,Jurassic Park Discovery Center,0,False
2026-08-22 07:19:36,Islands of Adventure,Jurassic Park River Adventure,0,False
2026-08-22 07:19:36,Islands of Adventure,Jurassic World VelociCoaster,0,False
2026-08-22 07:19:36,Islands of Adventure,Pteranodon Flyers,0,False
2026-08-22 07:19:36,Islands of Adventure,Skull Island: Reign of Kong,0,False
2026-08-22 07:19:36,Islands of Adventure,Doctor Doom's Fearfall®,0,False
2026-08-22 07:19:36,Islands of Adventure,Doctor Doom's Fearfall® Single Rider,0,True
2026-08-22 07:19:36,Islands of Adventure,Storm Force Accelatron®,0,False
2026-08-22 07:19:36,Islands of Adventure,The Amazing Adventures of Spider-Man®,0,False
2026-08-22 07:19:36,Islands of Adventure,The Incredible Hulk Coaster®,0,False
2026-08-22 07:19:36,Islands of Adventure,The Incredible Hulk Coaster® Single Rider,0,True
2026-08-22 07:19:36,Islands of Adventure,Caro-Seuss-el™,0,False
2026-08-22 07:19:36,Islands of Adventure,If I Ran The Zoo™,0,False
2026-08-22 07:19:36,Islands of Adventure,"One Fish, Two Fish, Red Fish, Blue Fish™",0,False
2026-08-22 07:19:36,Islands of Adventure,The Cat in The Hat™,0,False
2026-08-22 07:19:36,Islands of Adventure,The High in the Sky Seuss Trolley Train Ride!™,0,False
2026-08-22 07:19:36,Islands of Adventure,Flight of the Hippogriff™,0,False
2026-08-22 07:19:36,Islands of Adventure,Hagrid's Magical Creatures Motorbike Adventure™,0,False
2026-08-22 07:19:36,Islands of Adventure,Hagrid's Magical Creatures Motorbike Adventure™ Single Rider,0,True
2026-08-22 07:19:36,Islands of Adventure,Harry Potter and the Forbidden Journey™,0,False
2026-08-22 07:19:36,Islands of Adventure,Harry Potter and the Forbidden Journey™ Single Rider,0,True
2026-08-22 07:19:36,Islands of Adventure,Hogwarts Express™ - Hogsmeade™ Station,0,False
2026-08-22 07:19:36,Islands of Adventure,Ollivanders™ Experience in Hogsmeade™,15,True
2026-08-22 07:19:36,Islands of Adventure,Dudley Do-Right's Ripsaw Falls®,0,False
2026-08-22 07:19:36,Islands of Adventure,"Me Ship, The Olive®",0,False
2026-08-22 07:19:36,Islands of Adventure,Popeye & Bluto's Bilge-Rat Barges®,0,False
2026-08-22 07:19:36,Universal Studios Florida,Trolls Trollercoaster,0,False
2026-08-22 07:19:36,Universal Studios Florida,E.T. Adventure,0,False
2026-08-22 07:19:36,Universal Studios Florida,Despicable Me Minion Mayhem™,0,False
2026-08-22 07:19:36,Universal Studios Florida,Illumination's Villain-Con Minion Blast,0,False
2026-08-22 07:19:36,Universal Studios Florida,Race Through New York Starring Jimmy Fallon™,0,False
2026-08-22 07:19:36,Universal Studios Florida,Revenge of the Mummy™,0,False
2026-08-22 07:19:36,Universal Studios Florida,Revenge of the Mummy™ Single Rider,0,True
2026-08-22 07:19:36,Universal Studios Florida,TRANSFORMERS™ The Ride-3D,0,False
2026-08-22 07:19:36,Universal Studios Florida,Fast & Furious - Supercharged™,0,True
2026-08-22 07:19:36,Universal Studios Florida,Fast & Furious - Supercharged™ Single Rider,0,True
2026-08-22 07:19:36,Universal Studios Florida,Harry Potter and the Escape from Gringotts™,0,False
2026-08-22 07:19:36,Universal Studios Florida,Harry Potter and the Escape from Gringotts™ Single Rider,0,True
2026-08-22 07:19:36,Universal Studios Florida,Hogwarts Express™ - King's Cross Station,0,False
2026-08-22 07:19:36,Universal Studios Florida,Hogwarts™ Express - First Train,0,False
2026-08-22 07:19:36,Universal Studios Florida,Hogwarts™ Express - Last Train,0,False
2026-08-22 07:19:36,Universal Studios Florida,Ollivanders™ Experience in Diagon Alley™,5,True
2026-08-22 07:19:36,Universal Studios Florida,Kang & Kodos' Twirl 'n' Hurl,0,False
2026-08-22 07:19:36,Universal Studios Florida,MEN IN BLACK™ Alien Attack!,0,False
2026-08-22 07:19:36,Universal Studios Florida,MEN IN BLACK™ Alien Attack!™ Single Rider,0,True
2026-08-22 07:19:36,Universal Studios Florida,The Simpsons Ride™,0,False
2026-08-22 07:19:36,Epic Universe,Constellation Carousel,0,False
2026-08-22 07:19:36,Epic Universe,Stardust Racers,0,False
2026-08-22 07:19:36,Epic Universe,Stardust Racers Single Rider,0,False
2026-08-22 07:19:36,Epic Universe,Curse of the Werewolf,0,False
2026-08-22 07:19:36,Epic Universe,Curse of the Werewolf Single Rider,0,True
2026-08-22 07:19:36,Epic Universe,Monsters Unchained: The Frankenstein Experiment,0,False
2026-08-22 07:19:36,Epic Universe,Dragon Racer's Rally,0,False
2026-08-22 07:19:36,Epic Universe,Fyre Drill,0,False
2026-08-22 07:19:36,Epic Universe,Hiccup's Wing Gliders,0,False
2026-08-22 07:19:36,Epic Universe,Meet Toothless and Friends,35,True
2026-08-22 07:19:36,Epic Universe,Bowser Jr. Challenge,0,False
2026-08-22 07:19:36,Epic Universe,Mario Kart™: Bowser's Challenge,0,False
2026-08-22 07:19:36,Epic Universe,Mario Kart™: Bowser's Challenge Single Rider,0,True
2026-08-22 07:19:36,Epic Universe,Mine-Cart Madness™,0,False
2026-08-22 07:19:36,Epic Universe,Mine-Cart Madness™ Single Rider,0,True
2026-08-22 07:19:36,Epic Universe,Yoshi's Adventure™,0,False
2026-08-22 07:19:36,Epic Universe,Harry Potter and the Battle at the Ministry™,0,False
2026-08-22 07:19:36,Epic Universe,Harry Potter and the Battle at the Ministry™ Single Rider,0,True
2026-08-22 07:54:55,Islands of Adventure,Camp Jurassic™,0,False
2026-08-22 07:54:55,Islands of Adventure,Jurassic Park Discovery Center,0,False
2026-08-22 07:54:55,Islands of Adventure,Jurassic Park River Adventure,0,False
2026-08-22 07:54:55,Islands of Adventure,Jurassic World VelociCoaster,0,False
2026-08-22 07:54:55,Islands of Adventure,Pteranodon Flyers,0,False
2026-08-22 07:54:55,Islands of Adventure,Skull Island: Reign of Kong,0,False
2026-08-22 07:54:55,Islands of Adventure,Doctor Doom's Fearfall®,0,False
2026-08-22 07:54:55,Islands of Adventure,Doctor Doom's Fearfall® Single Rider,0,True
2026-08-22 07:54:55,Islands of Adventure,Storm Force Accelatron®,0,False
2026-08-22 07:54:55,Islands of Adventure,The Amazing Adventures of Spider-Man®,0,False
2026-08-22 07:54:55,Islands of Adventure,The Incredible Hulk Coaster®,0,False
2026-08-22 07:54:55,Islands of Adventure,The Incredible Hulk Coaster® Single Rider,0,True
2026-08-22 07:54:55,Islands of Adventure,Caro-Seuss-el™,0,False
2026-08-22 07:54:55,Islands of Adventure,If I Ran The Zoo™,0,False
2026-08-22 07:54:55,Islands of Adventure,"One Fish, Two Fish, Red Fish, Blue Fish™",0,False
2026-08-22 07:54:55,Islands of Adventure,The Cat in The Hat™,0,False
2026-08-22 07:54:55,Islands of Adventure,The High in the Sky Seuss Trolley Train Ride!™,0,False
2026-08-22 07:54:55,Islands of Adventure,Flight of the Hippogriff™,0,False
2026-08-22 07:54:55,Islands of Adventure,Hagrid's Magical Creatures Motorbike Adventure™,0,False
2026-08-22 07:54:55,Islands of Adventure,Hagrid's Magical Creatures Motorbike Adventure™ Single Rider,0,True
2026-08-22 07:54:55,Islands of Adventure,Harry Potter and the Forbidden Journey™,0,False
2026-08-22 07:54:55,Islands of Adventure,Harry Potter and the Forbidden Journey™ Single Rider,0,True
2026-08-22 07:54:55,Islands of Adventure,Hogwarts Express™ - Hogsmeade™ Station,0,False
2026-08-22 07:54:55,Islands of Adventure,Ollivanders™ Experience in Hogsmeade™,15,True
2026-08-22 07:54:55,Islands of Adventure,Dudley Do-Right's Ripsaw Falls®,0,False
2026-08-22 07:54:55,Islands of Adventure,"Me Ship, The Olive®",0,False
2026-08-22 07:54:55,Islands of Adventure,Popeye & Bluto's Bilge-Rat Barges®,0,False
2026-08-22 07:54:55,Universal Studios Florida,Trolls Trollercoaster,0,False
2026-08-22 07:54:55,Universal Studios Florida,E.T. Adventure,0,False
2026-08-22 07:54:55,Universal Studios Florida,Despicable Me Minion Mayhem™,0,False
2026-08-22 07:54:55,Universal Studios Florida,Illumination's Villain-Con Minion Blast,0,False
2026-08-22 07:54:55,Universal Studios Florida,Race Through New York Starring Jimmy Fallon™,0,False
2026-08-22 07:54:55,Universal Studios Florida,Revenge of the Mummy™,0,False
2026-08-22 07:54:55,Universal Studios Florida,Revenge of the Mummy™ Single Rider,0,True
2026-08-22 07:54:55,Universal Studios Florida,TRANSFORMERS™ The Ride-3D,0,False
2026-08-22 07:54:55,Universal Studios Florida,Fast & Furious - Supercharged™,0,True
2026-08-22 07:54:55,Universal Studios Florida,Fast & Furious - Supercharged™ Single Rider,0,True
2026-08-22 07:54:55,Universal Studios Florida,Harry Potter and the Escape from Gringotts™,0,False
2026-08-22 07:54:55,Universal Studios Florida,Harry Potter and the Escape from Gringotts™ Single Rider,0,True
2026-08-22 07:54:55,Universal Studios Florida,Hogwarts Express™ - King's Cross Station,0,False
2026-08-22 07:54:55,Universal Studios Florida,Hogwarts™ Express - First Train,0,False
2026-08-22 07:54:55,Universal Studios Florida,Hogwarts™ Express - Last Train,0,False
2026-08-22 07:54:55,Universal Studios Florida,Ollivanders™ Experience in Diagon Alley™,5,True
2026-08-22 07:54:55,Universal Studios Florida,Kang & Kodos' Twirl 'n' Hurl,0,False
2026-08-22 07:54:55,Universal Studios Florida,MEN IN BLACK™ Alien Attack!,0,False
2026-08-22 07:54:55,Universal Studios Florida,MEN IN BLACK™ Alien Attack!™ Single Rider,0,True
2026-08-22 07:54:55,Universal Studios Florida,The Simpsons Ride™,0,False
2026-08-22 07:54:55,Epic Universe,Constellation Carousel,0,False
2026-08-22 07:54:55,Epic Universe,Stardust Racers,0,False
2026-08-22 07:54:55,Epic Universe,Stardust Racers Single Rider,0,False
2026-08-22 07:54:55,Epic Universe,Curse of the Werewolf,0,False
2026-08-22 07:54:55,Epic Universe,Curse of the Werewolf Single Rider,0,True
2026-08-22 07:54:55,Epic Universe,Monsters Unchained: The Frankenstein Experiment,0,False
2026-08-22 07:54:55,Epic Universe,Dragon Racer's Rally,0,False
2026-08-22 07:54:55,Epic Universe,Fyre Drill,0,False
2026-08-22 07:54:55,Epic Universe,Hiccup's Wing Gliders,0,False
2026-08-22 07:54:55,Epic Universe,Meet Toothless and Friends,35,True
2026-08-22 07:54:55,Epic Universe,Bowser Jr. Challenge,0,False
2026-08-22 07:54:55,Epic Universe,Mario Kart™: Bowser's Challenge,0,False
2026-08-22 07:54:55,Epic Universe,Mario Kart™: Bowser's Challenge Single Rider,0,True
2026-08-22 07:54:55,Epic Universe,Mine-Cart Madness™,0,False
2026-08-22 07:54:55,Epic Universe,Mine-Cart Madness™ Single Rider,0,True
2026-08-22 07:54:55,Epic Universe,Yoshi's Adventure™,0,False
2026-08-22 07:54:55,Epic Universe,Harry Potter and the Battle at the Ministry™,0,False
2026-08-22 07:54:55,Epic Universe,Harry Potter and the Battle at the Ministry™ Single Rider,0,True
2026-08-22 08:31:15,Islands of Adventure,Camp Jurassic™,0,False
2026-08-22 08:31:15,Islands of Adventure,Jurassic Park Discovery Center,0,False
2026-08-22 08:31:15,Islands of Adventure,Jurassic Park River Adventure,0,False
2026-08-22 08:31:15,Islands of Adventure,Jurassic World VelociCoaster,0,False
2026-08-22 08:31:15,Islands of Adventure,Pteranodon Flyers,0,False
2026-08-22 08:31:15,Islands of Adventure,Skull Island: Reign of Kong,0,False
2026-08-22 08:31:15,Islands of Adventure,Doctor Doom's Fearfall®,0,False
2026-08-22 08:31:15,Islands of Adventure,Doctor Doom's Fearfall® Single Rider,0,True
2026-08-22 08:31:15,Islands of Adventure,Storm Force Accelatron®,0,False
2026-08-22 08:31:15,Islands of Adventure,The Amazing Adventures of Spider-Man®,0,False
2026-08-22 08:31:15,Islands of Adventure,The Incredible Hulk Coaster®,0,False
2026-08-22 08:31:15,Islands of Adventure,The Incredible Hulk Coaster® Single Rider,0,True
2026-08-22 08:31:15,Islands of Adventure,Caro-Seuss-el™,0,False
2026-08-22 08:31:15,Islands of Adventure,If I Ran The Zoo™,0,False
2026-08-22 08:31:15,Islands of Adventure,"One Fish, Two Fish, Red Fish, Blue Fish™",0,False
2026-08-22 08:31:15,Islands of Adventure,The Cat in The Hat™,0,False
2026-08-22 08:31:15,Islands of Adventure,The High in the Sky Seuss Trolley Train Ride!™,0,False
2026-08-22 08:31:15,Islands of Adventure,Flight of the Hippogriff™,0,False
2026-08-22 08:31:15,Islands of Adventure,Hagrid's Magical Creatures Motorbike Adventure™,0,False
2026-08-22 08:31:15,Islands of Adventure,Hagrid's Magical Creatures Motorbike Adventure™ Single Rider,0,True
2026-08-22 08:31:15,Islands of Adventure,Harry Potter and the Forbidden Journey™,0,False
2026-08-22 08:31:15,Islands of Adventure,Harry Potter and the Forbidden Journey™ Single Rider,0,True
2026-08-22 08:31:15,Islands of Adventure,Hogwarts Express™ - Hogsmeade™ Station,0,False
2026-08-22 08:31:15,Islands of Adventure,Ollivanders™ Experience in Hogsmeade™,15,True
2026-08-22 08:31:15,Islands of Adventure,Dudley Do-Right's Ripsaw Falls®,0,False
2026-08-22 08:31:15,Islands of Adventure,"Me Ship, The Olive®",0,False
2026-08-22 08:31:15,Islands of Adventure,Popeye & Bluto's Bilge-Rat Barges®,0,False
2026-08-22 08:31:15,Universal Studios Florida,Trolls Trollercoaster,0,False
2026-08-22 08:31:15,Universal Studios Florida,E.T. Adventure,0,False
2026-08-22 08:31:15,Universal Studios Florida,Despicable Me Minion Mayhem™,0,False
2026-08-22 08:31:15,Universal Studios Florida,Illumination's Villain-Con Minion Blast,0,False
2026-08-22 08:31:15,Universal Studios Florida,Race Through New York Starring Jimmy Fallon™,0,False
2026-08-22 08:31:15,Universal Studios Florida,Revenge of the Mummy™,0,False
2026-08-22 08:31:15,Universal Studios Florida,Revenge of the Mummy™ Single Rider,0,True
2026-08-22 08:31:15,Universal Studios Florida,TRANSFORMERS™ The Ride-3D,0,False
2026-08-22 08:31:15,Universal Studios Florida,Fast & Furious - Supercharged™,0,True
2026-08-22 08:31:15,Universal Studios Florida,Fast & Furious - Supercharged™ Single Rider,0,True
2026-08-22 08:31:15,Universal Studios Florida,Harry Potter and the Escape from Gringotts™,0,False
2026-08-22 08:31:15,Universal Studios Florida,Harry Potter and the Escape from Gringotts™ Single Rider,0,True
2026-08-22 08:31:15,Universal Studios Florida,Hogwarts Express™ - King's Cross Station,0,False
2026-08-22 08:31:15,Universal Studios Florida,Hogwarts™ Express - First Train,0,False
2026-08-22 08:31:15,Universal Studios Florida,Hogwarts™ Express - Last Train,0,False
2026-08-22 08:31:15,Universal Studios Florida,Ollivanders™ Experience in Diagon Alley™,5,True
2026-08-22 08:31:15,Universal Studios Florida,Kang & Kodos' Twirl 'n' Hurl,0,False
2026-08-22 08:31:15,Universal Studios Florida,MEN IN BLACK™ Alien Attack!,0,False
2026-08-22 08:31:15,Universal Studios Florida,MEN IN BLACK™ Alien Attack!™ Single Rider,0,True
2026-08-22 08:31:15,Universal Studios Florida,The Simpsons Ride™,0,False
2026-08-22 08:31:15,Epic Universe,Constellation Carousel,0,False
2026-08-22 08:31:15,Epic Universe,Stardust Racers,0,False
2026-08-22 08:31:15,Epic Universe,Stardust Racers Single Rider,0,False
2026-08-22 08:31:15,Epic Universe,Curse of the Werewolf,0,False
2026-08-22 08:31:15,Epic Universe,Curse of the Werewolf Single Rider,0,True
2026-08-22 08:31:15,Epic Universe,Monsters Unchained: The Frankenstein Experiment,0,False
2026-08-22 08:31:15,Epic Universe,Dragon Racer's Rally,0,False
2026-08-22 08:31:15,Epic Universe,Fyre Drill,0,False
2026-08-22 08:31:15,Epic Universe,Hiccup's Wing Gliders,0,False
2026-08-22 08:31:15,Epic Universe,Meet Toothless and Friends,35,True
2026-08-22 08:31:15,Epic Universe,Bowser Jr. Challenge,0,False
2026-08-22 08:31:15,Epic Universe,Mario Kart™: Bowser's Challenge,0,False
2026-08-22 08:31:15,Epic Universe,Mario Kart™: Bowser's Challenge Single Rider,0,True
2026-08-22 08:31:15,Epic Universe,Mine-Cart Madness™,0,False
2026-08-22 08:31:15,Epic Universe,Mine-Cart Madness™ Single Rider,0,True
2026-08-22 08:31:15,Epic Universe,Yoshi's Adventure™,0,False
2026-08-22 08:31:15,Epic Universe,Harry Potter and the Battle at the Ministry™,0,False
2026-08-22 08:31:15,Epic Universe,Harry Potter and the Battle at the Ministry™ Single Rider,0,True
2026-08-22 09:03:29,Islands of Adventure,Camp Jurassic™,0,False
2026-08-22 09:03:29,Islands of Adventure,Jurassic Park Discovery Center,0,False
2026-08-22 09:03:29,Islands of Adventure,Jurassic Park River Adventure,0,False
2026-08-22 09:03:29,Islands of Adventure,Jurassic World VelociCoaster,0,False
2026-08-22 09:03:29,Islands of Adventure,Pteranodon Flyers,0,False
2026-08-22 09:03:29,Islands of Adventure,Skull Island: Reign of Kong,0,False
2026-08-22 09:03:29,Islands of Adventure,Doctor Doom's Fearfall®,0,False
2026-08-22 09:03:29,Islands of Adventure,Doctor Doom's Fearfall® Single Rider,0,True
2026-08-22 09:03:29,Islands of Adventure,Storm Force Accelatron®,0,False
2026-08-22 09:03:29,Islands of Adventure,The Amazing Adventures of Spider-Man®,0,False
2026-08-22 09:03:29,Islands of Adventure,The Incredible Hulk Coaster®,0,False
2026-08-22 09:03:29,Islands of Adventure,The Incredible Hulk Coaster® Single Rider,0,True
2026-08-22 09:03:29,Islands of Adventure,Caro-Seuss-el™,0,False
2026-08-22 09:03:29,Islands of Adventure,If I Ran The Zoo™,0,False
2026-08-22 09:03:29,Islands of Adventure,"One Fish, Two Fish, Red Fish, Blue Fish™",0,False
2026-08-22 09:03:29,Islands of Adventure,The Cat in The Hat™,0,False
2026-08-22 09:03:29,Islands of Adventure,The High in the Sky Seuss Trolley Train Ride!™,0,False
2026-08-22 09:03:29,Islands of Adventure,Flight of the Hippogriff™,0,False
2026-08-22 09:03:29,Islands of Adventure,Hagrid's Magical Creatures Motorbike Adventure™,0,False
2026-08-22 09:03:29,Islands of Adventure,Hagrid's Magical Creatures Motorbike Adventure™ Single Rider,0,True
2026-08-22 09:03:29,Islands of Adventure,Harry Potter and the Forbidden Journey™,0,False
2026-08-22 09:03:29,Islands of Adventure,Harry Potter and the Forbidden Journey™ Single Rider,0,True
2026-08-22 09:03:29,Islands of Adventure,Hogwarts Express™ - Hogsmeade™ Station,0,False
2026-08-22 09:03:29,Islands of Adventure,Ollivanders™ Experience in Hogsmeade™,15,True
2026-08-22 09:03:29,Islands of Adventure,Dudley Do-Right's Ripsaw Falls®,0,False
2026-08-22 09:03:29,Islands of Adventure,"Me Ship, The Olive®",0,False
2026-08-22 09:03:29,Islands of Adventure,Popeye & Bluto's Bilge-Rat Barges®,0,False
2026-08-22 09:03:29,Universal Studios Florida,Trolls Trollercoaster,0,False
2026-08-22 09:03:29,Universal Studios Florida,E.T. Adventure,0,False
2026-08-22 09:03:29,Universal Studios Florida,Despicable Me Minion Mayhem™,0,False
2026-08-22 09:03:29,Universal Studios Florida,Illumination's Villain-Con Minion Blast,0,False
2026-08-22 09:03:29,Universal Studios Florida,Race Through New York Starring Jimmy Fallon™,0,False
2026-08-22 09:03:29,Universal Studios Florida,Revenge of the Mummy™,0,False
2026-08-22 09:03:29,Universal Studios Florida,Revenge of the Mummy™ Single Rider,0,True
2026-08-22 09:03:29,Universal Studios Florida,TRANSFORMERS™ The Ride-3D,0,False
2026-08-22 09:03:29,Universal Studios Florida,Fast & Furious - Supercharged™,0,True
2026-08-22 09:03:29,Universal Studios Florida,Fast & Furious - Supercharged™ Single Rider,0,True
2026-08-22 09:03:29,Universal Studios Florida,Harry Potter and the Escape from Gringotts™,0,False
2026-08-22 09:03:29,Universal Studios Florida,Harry Potter and the Escape from Gringotts™ Single Rider,0,True
2026-08-22 09:03:29,Universal Studios Florida,Hogwarts Express™ - King's Cross Station,0,False
2026-08-22 09:03:29,Universal Studios Florida,Hogwarts™ Express - First Train,0,False
2026-08-22 09:03:29,Universal Studios Florida,Hogwarts™ Express - Last Train,0,False
2026-08-22 09:03:29,Universal Studios Florida,Ollivanders™ Experience in Diagon Alley™,5,True
2026-08-22 09:03:29,Universal Studios Florida,Kang & Kodos' Twirl 'n' Hurl,0,False
2026-08-22 09:03:29,Universal Studios Florida,MEN IN BLACK™ Alien Attack!,0,False
2026-08-22 09:03:29,Universal Studios Florida,MEN IN BLACK™ Alien Attack!™ Single Rider,0,True
2026-08-22 09:03:29,Universal Studios Florida,The Simpsons Ride™,0,False
2026-08-22 09:03:29,Epic Universe,Constellation Carousel,0,False
2026-08-22 09:03:29,Epic Universe,Stardust Racers,0,False
2026-08-22 09:03:29,Epic Universe,Stardust Racers Single Rider,0,False
2026-08-22 09:03:29,Epic Universe,Curse of the Werewolf,0,False
2026-08-22 09:03:29,Epic Universe,Curse of the Werewolf Single Rider,0,True
2026-08-22 09:03:29,Epic Universe,Monsters Unchained: The Frankenstein Experiment,0,False
2026-08-22 09:03:29,Epic Universe,Dragon Racer's Rally,0,False
2026-08-22 09:03:29,Epic Universe,Fyre Drill,0,False
2026-08-22 09:03:29,Epic Universe,Hiccup's Wing Gliders,0,False
2026-08-22 09:03:29,Epic Universe,Meet Toothless and Friends,35,True
2026-08-22 09:03:29,Epic Universe,Bowser Jr. Challenge,0,False
2026-08-22 09:03:29,Epic Universe,Mario Kart™: Bowser's Challenge,0,False
2026-08-22 09:03:29,Epic Universe,Mario Kart™: Bowser's Challenge Single Rider,0,True
2026-08-22 09:03:29,Epic Universe,Mine-Cart Madness™,0,False
2026-08-22 09:03:29,Epic Universe,Mine-Cart Madness™ Single Rider,0,True
2026-08-22 09:03:29,Epic Universe,Yoshi's Adventure™,0,False
2026-08-22 09:03:29,Epic Universe,Harry Potter and the Battle at the Ministry™,0,False
2026-08-22 09:03:29,Epic Universe,Harry Potter and the Battle at the Ministry™ Single Rider,0,True
2026-08-22 09:42:41,Islands of Adventure,Camp Jurassic™,0,False
2026-08-22 09:42:41,Islands of Adventure,Jurassic Park Discovery Center,0,False
2026-08-22 09:42:41,Islands of Adventure,Jurassic Park River Adventure,0,False
2026-08-22 09:42:41,Islands of Adventure,Jurassic World VelociCoaster,0,False
2026-08-22 09:42:41,Islands of Adventure,Pteranodon Flyers,0,False
2026-08-22 09:42:41,Islands of Adventure,Skull Island: Reign of Kong,0,False
2026-08-22 09:42:41,Islands of Adventure,Doctor Doom's Fearfall®,0,False
2026-08-22 09:42:41,Islands of Adventure,Doctor Doom's Fearfall® Single Rider,0,True
2026-08-22 09:42:41,Islands of Adventure,Storm Force Accelatron®,0,False
2026-08-22 09:42:41,Islands of Adventure,The Amazing Adventures of Spider-Man®,0,False
2026-08-22 09:42:41,Islands of Adventure,The Incredible Hulk Coaster®,0,False
2026-08-22 09:42:41,Islands of Adventure,The Incredible Hulk Coaster® Single Rider,0,True
2026-08-22 09:42:41,Islands of Adventure,Caro-Seuss-el™,0,False
2026-08-22 09:42:41,Islands of Adventure,If I Ran The Zoo™,0,False
2026-08-22 09:42:41,Islands of Adventure,"One Fish, Two Fish, Red Fish, Blue Fish™",0,False
2026-08-22 09:42:41,Islands of Adventure,The Cat in The Hat™,0,False
2026-08-22 09:42:41,Islands of Adventure,The High in the Sky Seuss Trolley Train Ride!™,0,False
2026-08-22 09:42:41,Islands of Adventure,Flight of the Hippogriff™,0,False
2026-08-22 09:42:41,Islands of Adventure,Hagrid's Magical Creatures Motorbike Adventure™,0,False
2026-08-22 09:42:41,Islands of Adventure,Hagrid's Magical Creatures Motorbike Adventure™ Single Rider,0,True
2026-08-22 09:42:41,Islands of Adventure,Harry Potter and the Forbidden Journey™,0,False
2026-08-22 09:42:41,Islands of Adventure,Harry Potter and the Forbidden Journey™ Single Rider,0,True
2026-08-22 09:42:41,Islands of Adventure,Hogwarts Express™ - Hogsmeade™ Station,0,False
2026-08-22 09:42:41,Islands of Adventure,Ollivanders™ Experience in Hogsmeade™,15,True
2026-08-22 09:42:41,Islands of Adventure,Dudley Do-Right's Ripsaw Falls®,0,False
2026-08-22 09:42:41,Islands of Adventure,"Me Ship, The Olive®",0,False
2026-08-22 09:42:41,Islands of Adventure,Popeye & Bluto's Bilge-Rat Barges®,0,False
2026-08-22 09:42:41,Universal Studios Florida,Trolls Trollercoaster,0,False
2026-08-22 09:42:41,Universal Studios Florida,E.T. Adventure,0,False
2026-08-22 09:42:41,Universal Studios Florida,Despicable Me Minion Mayhem™,0,False
2026-08-22 09:42:41,Universal Studios Florida,Illumination's Villain-Con Minion Blast,0,False
2026-08-22 09:42:41,Universal Studios Florida,Race Through New York Starring Jimmy Fallon™,0,False
2026-08-22 09:42:41,Universal Studios Florida,Revenge of the Mummy™,0,False
2026-08-22 09:42:41,Universal Studios Florida,Revenge of the Mummy™ Single Rider,0,True
2026-08-22 09:42:41,Universal Studios Florida,TRANSFORMERS™ The Ride-3D,0,False
2026-08-22 09:42:41,Universal Studios Florida,Fast & Furious - Supercharged™,0,True
2026-08-22 09:42:41,Universal Studios Florida,Fast & Furious - Supercharged™ Single Rider,0,True
2026-08-22 09:42:41,Universal Studios Florida,Harry Potter and the Escape from Gringotts™,0,False
2026-08-22 09:42:41,Universal Studios Florida,Harry Potter and the Escape from Gringotts™ Single Rider,0,True
2026-08-22 09:42:41,Universal Studios Florida,Hogwarts Express™ - King's Cross Station,0,False
2026-08-22 09:42:41,Universal Studios Florida,Hogwarts™ Express - First Train,0,False
2026-08-22 09:42:41,Universal Studios Florida,Hogwarts™ Express - Last Train,0,False
2026-08-22 09:42:41,Universal Studios Florida,Ollivanders™ Experience in Diagon Alley™,5,True
2026-08-22 09:42:41,Universal Studios Florida,Kang & Kodos' Twirl 'n' Hurl,0,False
2026-08-22 09:42:41,Universal Studios Florida,MEN IN BLACK™ Alien Attack!,0,False
2026-08-22 09:42:41,Universal Studios Florida,MEN IN BLACK™ Alien Attack!™ Single Rider,0,True
2026-08-22 09:42:41,Universal Studios Florida,The Simpsons Ride™,0,False
2026-08-22 09:42:41,Epic Universe,Constellation Carousel,0,False
2026-08-22 09:42:41,Epic Universe,Stardust Racers,0,False
2026-08-22 09:42:41,Epic Universe,Stardust Racers Single Rider,0,False
2026-08-22 09:42:41,Epic Universe,Curse of the Werewolf,0,False
2026-08-22 09:42:41,Epic Universe,Curse of the Werewolf Single Rider,0,True
2026-08-22 09:42:41,Epic Universe,Monsters Unchained: The Frankenstein Experiment,0,False
2026-08-22 09:42:41,Epic Universe,Dragon Racer's Rally,0,False
2026-08-22 09:42:41,Epic Universe,Fyre Drill,0,False
2026-08-22 09:42:41,Epic Universe,Hiccup's Wing Gliders,0,False
2026-08-22 09:42:41,Epic Universe,Meet Toothless and Friends,35,True
2026-08-22 09:42:41,Epic Universe,Bowser Jr. Challenge,0,False
2026-08-22 09:42:41,Epic Universe,Mario Kart™: Bowser's Challenge,0,False
2026-08-22 09:42:41,Epic Universe,Mario Kart™: Bowser's Challenge Single Rider,0,True
2026-08-22 09:42:41,Epic Universe,Mine-Cart Madness™,0,False
2026-08-22 09:42:41,Epic Universe,Mine-Cart Madness™ Single Rider,0,True
2026-08-22 09:42:41,Epic Universe,Yoshi's Adventure™,0,False
2026-08-22 09:42:41,Epic Universe,Harry Potter and the Battle at the Ministry™,0,False
2026-08-22 09:42:41,Epic Universe,Harry Potter and the Battle at the Ministry™ Single Rider,0,True
2026-08-22 10:01:01,Islands of Adventure,Camp Jurassic™,0,False
2026-08-22 10:01:01,Islands of Adventure,Jurassic Park Discovery Center,0,False
2026-08-22 10:01:01,Islands of Adventure,Jurassic Park River Adventure,0,False
2026-08-22 10:01:01,Islands of Adventure,Jurassic World VelociCoaster,0,False
2026-08-22 10:01:01,Islands of Adventure,Pteranodon Flyers,0,False
2026-08-22 10:01:01,Islands of Adventure,Skull Island: Reign of Kong,0,False
2026-08-22 10:01:01,Islands of Adventure,Doctor Doom's Fearfall®,0,False
2026-08-22 10:01:01,Islands of Adventure,Doctor Doom's Fearfall® Single Rider,0,True
2026-08-22 10:01:01,Islands of Adventure,Storm Force Accelatron®,0,False
2026-08-22 10:01:01,Islands of Adventure,The Amazing Adventures of Spider-Man®,0,False
2026-08-22 10:01:01,Islands of Adventure,The Incredible Hulk Coaster®,0,False
2026-08-22 10:01:01,Islands of Adventure,The Incredible Hulk Coaster® Single Rider,0,True
2026-08-22 10:01:01,Islands of Adventure,Caro-Seuss-el™,0,False
2026-08-22 10:01:01,Islands of Adventure,If I Ran The Zoo™,0,False
2026-08-22 10:01:01,Islands of Adventure,"One Fish, Two Fish, Red Fish, Blue Fish™",0,False
2026-08-22 10:01:01,Islands of Adventure,The Cat in The Hat™,0,False
2026-08-22 10:01:01,Islands of Adventure,The High in the Sky Seuss Trolley Train Ride!™,0,False
2026-08-22 10:01:01,Islands of Adventure,Flight of the Hippogriff™,0,False
2026-08-22 10:01:01,Islands of Adventure,Hagrid's Magical Creatures Motorbike Adventure™,0,False
2026-08-22 10:01:01,Islands of Adventure,Hagrid's Magical Creatures Motorbike Adventure™ Single Rider,0,True
2026-08-22 10:01:01,Islands of Adventure,Harry Potter and the Forbidden Journey™,0,False
2026-08-22 10:01:01,Islands of Adventure,Harry Potter and the Forbidden Journey™ Single Rider,0,True
2026-08-22 10:01:01,Islands of Adventure,Hogwarts Express™ - Hogsmeade™ Station,0,False
2026-08-22 10:01:01,Islands of Adventure,Ollivanders™ Experience in Hogsmeade™,15,True
2026-08-22 10:01:01,Islands of Adventure,Dudley Do-Right's Ripsaw Falls®,0,False
2026-08-22 10:01:01,Islands of Adventure,"Me Ship, The Olive®",0,False
2026-08-22 10:01:01,Islands of Adventure,Popeye & Bluto's Bilge-Rat Barges®,0,False
2026-08-22 10:01:01,Universal Studios Florida,Trolls Trollercoaster,0,False
2026-08-22 10:01:01,Universal Studios Florida,E.T. Adventure,0,False
2026-08-22 10:01:01,Universal Studios Florida,Despicable Me Minion Mayhem™,0,False
2026-08-22 10:01:01,Universal Studios Florida,Illumination's Villain-Con Minion Blast,0,False
2026-08-22 10:01:01,Universal Studios Florida,Race Through New York Starring Jimmy Fallon™,0,False
2026-08-22 10:01:01,Universal Studios Florida,Revenge of the Mummy™,0,False
2026-08-22 10:01:01,Universal Studios Florida,Revenge of the Mummy™ Single Rider,0,True
2026-08-22 10:01:01,Universal Studios Florida,TRANSFORMERS™ The Ride-3D,0,False
2026-08-22 10:01:01,Universal Studios Florida,Fast & Furious - Supercharged™,0,True
2026-08-22 10:01:01,Universal Studios Florida,Fast & Furious - Supercharged™ Single Rider,0,True
2026-08-22 10:01:01,Universal Studios Florida,Harry Potter and the Escape from Gringotts™,0,False
2026-08-22 10:01:01,Universal Studios Florida,Harry Potter and the Escape from Gringotts™ Single Rider,0,True
2026-08-22 10:01:01,Universal Studios Florida,Hogwarts Express™ - King's Cross Station,0,False
2026-08-22 10:01:01,Universal Studios Florida,Hogwarts™ Express - First Train,0,False
2026-08-22 10:01:01,Universal Studios Florida,Hogwarts™ Express - Last Train,0,False
2026-08-22 10:01:01,Universal Studios Florida,Ollivanders™ Experience in Diagon Alley™,5,True
2026-08-22 10:01:01,Universal Studios Florida,Kang & Kodos' Twirl 'n' Hurl,0,False
2026-08-22 10:01:01,Universal Studios Florida,MEN IN BLACK™ Alien Attack!,0,False
2026-08-22 10:01:01,Universal Studios Florida,MEN IN BLACK™ Alien Attack!™ Single Rider,0,True
2026-08-22 10:01:01,Universal Studios Florida,The Simpsons Ride™,0,False
2026-08-22 10:01:01,Epic Universe,Constellation Carousel,0,False
2026-08-22 10:01:01,Epic Universe,Stardust Racers,0,False
2026-08-22 10:01:01,Epic Universe,Stardust Racers Single Rider,0,False
2026-08-22 10:01:01,Epic Universe,Curse of the Werewolf,0,False
2026-08-22 10:01:01,Epic Universe,Curse of the Werewolf Single Rider,0,True
2026-08-22 10:01:01,Epic Universe,Monsters Unchained: The Frankenstein Experiment,0,False
2026-08-22 10:01:01,Epic Universe,Dragon Racer's Rally,0,False
2026-08-22 10:01:01,Epic Universe,Fyre Drill,0,False
2026-08-22 10:01:01,Epic Universe,Hiccup's Wing Gliders,0,False
2026-08-22 10:01:01,Epic Universe,Meet Toothless and Friends,35,True
2026-08-22 10:01:01,Epic Universe,Bowser Jr. Challenge,0,False
2026-08-22 10:01:01,Epic Universe,Mario Kart™: Bowser's Challenge,0,False
2026-08-22 10:01:01,Epic Universe,Mario Kart™: Bowser's Challenge Single Rider,0,True
2026-08-22 10:01:01,Epic Universe,Mine-Cart Madness™,0,False
2026-08-22 10:01:01,Epic Universe,Mine-Cart Madness™ Single Rider,0,True
2026-08-22 10:01:01,Epic Universe,Yoshi's Adventure™,0,False
2026-08-22 10:01:01,Epic Universe,Harry Potter and the Battle at the Ministry™,0,False
2026-08-22 10:01:01,Epic Universe,Harry Potter and the Battle at the Ministry™ Single Rider,0,True
2026-08-22 10:40:52,Islands of Adventure,Camp Jurassic™,0,False
2026-08-22 10:40:52,Islands of Adventure,Jurassic Park Discovery Center,0,False
2026-08-22 10:40:52,Islands of Adventure,Jurassic Park River Adventure,0,False
2026-08-22 10:40:52,Islands of Adventure,Jurassic World VelociCoaster,0,False
2026-08-22 10:40:52,Islands of Adventure,Pteranodon Flyers,0,False
2026-08-22 10:40:52,Islands of Adventure,Skull Island: Reign of Kong,0,False
2026-08-22 10:40:52,Islands of Adventure,Doctor Doom's Fearfall®,0,False
2026-08-22 10:40:52,Islands of Adventure,Doctor Doom's Fearfall® Single Rider,0,True
2026-08-22 10:40:52,Islands of Adventure,Storm Force Accelatron®,0,False
2026-08-22 10:40:52,Islands of Adventure,The Amazing Adventures of Spider-Man®,0,False
2026-08-22 10:40:52,Islands of Adventure,The Incredible Hulk Coaster®,0,False
2026-08-22 10:40:52,Islands of Adventure,The Incredible Hulk Coaster® Single Rider,0,True
2026-08-22 10:40:52,Islands of Adventure,Caro-Seuss-el™,0,False
2026-08-22 10:40:52,Islands of Adventure,If I Ran The Zoo™,0,False
2026-08-22 10:40:52,Islands of Adventure,"One Fish, Two Fish, Red Fish, Blue Fish™",0,False
2026-08-22 10:40:52,Islands of Adventure,The Cat in The Hat™,0,False
2026-08-22 10:40:52,Islands of Adventure,The High in the Sky Seuss Trolley Train Ride!™,0,False
2026-08-22 10:40:52,Islands of Adventure,Flight of the Hippogriff™,0,False
2026-08-22 10:40:52,Islands of Adventure,Hagrid's Magical Creatures Motorbike Adventure™,0,False
2026-08-22 10:40:52,Islands of Adventure,Hagrid's Magical Creatures Motorbike Adventure™ Single Rider,0,True
2026-08-22 10:40:52,Islands of Adventure,Harry Potter and the Forbidden Journey™,0,False
2026-08-22 10:40:52,Islands of Adventure,Harry Potter and the Forbidden Journey™ Single Rider,0,True
2026-08-22 10:40:52,Islands of Adventure,Hogwarts Express™ - Hogsmeade™ Station,0,False
2026-08-22 10:40:52,Islands of Adventure,Ollivanders™ Experience in Hogsmeade™,15,True
2026-08-22 10:40:52,Islands of Adventure,Dudley Do-Right's Ripsaw Falls®,0,False
2026-08-22 10:40:52,Islands of Adventure,"Me Ship, The Olive®",0,False
2026-08-22 10:40:52,Islands of Adventure,Popeye & Bluto's Bilge-Rat Barges®,0,False
2026-08-22 10:40:52,Universal Studios Florida,Trolls Trollercoaster,0,False
2026-08-22 10:40:52,Universal Studios Florida,E.T. Adventure,0,False
2026-08-22 10:40:52,Universal Studios Florida,Despicable Me Minion Mayhem™,0,False
2026-08-22 10:40:52,Universal Studios Florida,Illumination's Villain-Con Minion Blast,0,False
2026-08-22 10:40:52,Universal Studios Florida,Race Through New York Starring Jimmy Fallon™,0,False
2026-08-22 10:40:52,Universal Studios Florida,Revenge of the Mummy™,0,False
2026-08-22 10:40:52,Universal Studios Florida,Revenge of the Mummy™ Single Rider,0,True
2026-08-22 10:40:52,Universal Studios Florida,TRANSFORMERS™ The Ride-3D,0,False
2026-08-22 10:40:52,Universal Studios Florida,Fast & Furious - Supercharged™,0,True
2026-08-22 10:40:52,Universal Studios Florida,Fast & Furious - Supercharged™ Single Rider,0,True
2026-08-22 10:40:52,Universal Studios Florida,Harry Potter and the Escape from Gringotts™,0,False
2026-08-22 10:40:52,Universal Studios Florida,Harry Potter and the Escape from Gringotts™ Single Rider,0,True
2026-08-22 10:40:52,Universal Studios Florida,Hogwarts Express™ - King's Cross Station,0,False
2026-08-22 10:40:52,Universal Studios Florida,Hogwarts™ Express - First Train,0,False
2026-08-22 10:40:52,Universal Studios Florida,Hogwarts™ Express - Last Train,0,False
2026-08-22 10:40:52,Universal Studios Florida,Ollivanders™ Experience in Diagon Alley™,5,True
2026-08-22 10:40:52,Universal Studios Florida,Kang & Kodos' Twirl 'n' Hurl,0,False
2026-08-22 10:40:52,Universal Studios Florida,MEN IN BLACK™ Alien Attack!,0,False
2026-08-22 10:40:52,Universal Studios Florida,MEN IN BLACK™ Alien Attack!™ Single Rider,0,True
2026-08-22 10:40:52,Universal Studios Florida,The Simpsons Ride™,0,False
2026-08-22 10:40:52,Epic Universe,Constellation Carousel,0,False
2026-08-22 10:40:52,Epic Universe,Stardust Racers,0,False
2026-08-22 10:40:52,Epic Universe,Stardust Racers Single Rider,0,False
2026-08-22 10:40:52,Epic Universe,Curse of the Werewolf,0,False
2026-08-22 10:40:52,Epic Universe,Curse of the Werewolf Single Rider,0,True
2026-08-22 10:40:52,Epic Universe,Monsters Unchained: The Frankenstein Experiment,0,False
2026-08-22 10:40:52,Epic Universe,Dragon Racer's Rally,0,False
2026-08-22 10:40:52,Epic Universe,Fyre Drill,0,False
2026-08-22 10:40:52,Epic Universe,Hiccup's Wing Gliders,0,False
2026-08-22 10:40:52,Epic Universe,Meet Toothless and Friends,35,True
2026-08-22 10:40:52,Epic Universe,Bowser Jr. Challenge,0,False
2026-08-22 10:40:52,Epic Universe,Mario Kart™: Bowser's Challenge,0,False
2026-08-22 10:40:52,Epic Universe,Mario Kart™: Bowser's Challenge Single Rider,0,True
2026-08-22 10:40:52,Epic Universe,Mine-Cart Madness™,0,False
2026-08-22 10:40:52,Epic Universe,Mine-Cart Madness™ Single Rider,0,True
2026-08-22 10:40:52,Epic Universe,Yoshi's Adventure™,0,False
2026-08-22 10:40:52,Epic Universe,Harry Potter and the Battle at the Ministry™,0,False
2026-08-22 10:40:52,Epic Universe,Harry Potter and the Battle at the Ministry™ Single Rider,0,True
2026-08-22 10:59:59,Islands of Adventure,Camp Jurassic™,0,False
2026-08-22 10:59:59,Islands of Adventure,Jurassic Park Discovery Center,0,False
2026-08-22 10:59:59,Islands of Adventure,Jurassic Park River Adventure,0,False
2026-08-22 10:59:59,Islands of Adventure,Jurassic World VelociCoaster,0,False
2026-08-22 10:59:59,Islands of Adventure,Pteranodon Flyers,0,False
2026-08-22 10:59:59,Islands of Adventure,Skull Island: Reign of Kong,0,False
2026-08-22 10:59:59,Islands of Adventure,Doctor Doom's Fearfall®,0,False
2026-08-22 10:59:59,Islands of Adventure,Doctor Doom's Fearfall® Single Rider,0,True
2026-08-22 10:59:59,Islands of Adventure,Storm Force Accelatron®,0,False
2026-08-22 10:59:59,Islands of Adventure,The Amazing Adventures of Spider-Man®,0,False
2026-08-22 10:59:59,Islands of Adventure,The Incredible Hulk Coaster®,0,False
2026-08-22 10:59:59,Islands of Adventure,The Incredible Hulk Coaster® Single Rider,0,True
2026-08-22 10:59:59,Islands of Adventure,Caro-Seuss-el™,0,False
2026-08-22 10:59:59,Islands of Adventure,If I Ran The Zoo™,0,False
2026-08-22 10:59:59,Islands of Adventure,"One Fish, Two Fish, Red Fish, Blue Fish™",0,False
2026-08-22 10:59:59,Islands of Adventure,The Cat in The Hat™,0,False
2026-08-22 10:59:59,Islands of Adventure,The High in the Sky Seuss Trolley Train Ride!™,0,False
2026-08-22 10:59:59,Islands of Adventure,Flight of the Hippogriff™,0,False
2026-08-22 10:59:59,Islands of Adventure,Hagrid's Magical Creatures Motorbike Adventure™,0,False
2026-08-22 10:59:59,Islands of Adventure,Hagrid's Magical Creatures Motorbike Adventure™ Single Rider,0,True
2026-08-22 10:59:59,Islands of Adventure,Harry Potter and the Forbidden Journey™,0,False
2026-08-22 10:59:59,Islands of Adventure,Harry Potter and the Forbidden Journey™ Single Rider,0,True
2026-08-22 10:59:59,Islands of Adventure,Hogwarts Express™ - Hogsmeade™ Station,0,False
2026-08-22 10:59:59,Islands of Adventure,Ollivanders™ Experience in Hogsmeade™,15,True
2026-08-22 10:59:59,Islands of Adventure,Dudley Do-Right's Ripsaw Falls®,0,False
2026-08-22 10:59:59,Islands of Adventure,"Me Ship, The Olive®",0,False
2026-08-22 10:59:59,Islands of Adventure,Popeye & Bluto's Bilge-Rat Barges®,0,False
2026-08-22 10:59:59,Universal Studios Florida,Trolls Trollercoaster,0,False
2026-08-22 10:59:59,Universal Studios Florida,E.T. Adventure,0,False
2026-08-22 10:59:59,Universal Studios Florida,Despicable Me Minion Mayhem™,0,False
2026-08-22 10:59:59,Universal Studios Florida,Illumination's Villain-Con Minion Blast,0,False
2026-08-22 10:59:59,Universal Studios Florida,Race Through New York Starring Jimmy Fallon™,0,False
2026-08-22 10:59:59,Universal Studios Florida,Revenge of the Mummy™,0,False
2026-08-22 10:59:59,Universal Studios Florida,Revenge of the Mummy™ Single Rider,0,True
2026-08-22 10:59:59,Universal Studios Florida,TRANSFORMERS™ The Ride-3D,0,False
2026-08-22 10:59:59,Universal Studios Florida,Fast & Furious - Supercharged™,0,True
2026-08-22 10:59:59,Universal Studios Florida,Fast & Furious - Supercharged™ Single Rider,0,True
2026-08-22 10:59:59,Universal Studios Florida,Harry Potter and the Escape from Gringotts™,0,False
2026-08-22 10:59:59,Universal Studios Florida,Harry Potter and the Escape from Gringotts™ Single Rider,0,True
2026-08-22 10:59:59,Universal Studios Florida,Hogwarts Express™ - King's Cross Station,0,False
2026-08-22 10:59:59,Universal Studios Florida,Hogwarts™ Express - First Train,0,False
2026-08-22 10:59:59,Universal Studios Florida,Hogwarts™ Express - Last Train,0,False
2026-08-22 10:59:59,Universal Studios Florida,Ollivanders™ Experience in Diagon Alley™,5,True
2026-08-22 10:59:59,Universal Studios Florida,Kang & Kodos' Twirl 'n' Hurl,0,False
2026-08-22 10:59:59,Universal Studios Florida,MEN IN BLACK™ Alien Attack!,0,False
2026-08-22 10:59:59,Universal Studios Florida,MEN IN BLACK™ Alien Attack!™ Single Rider,0,True
2026-08-22 10:59:59,Universal Studios Florida,The Simpsons Ride™,0,False
2026-08-22 10:59:59,Epic Universe,Constellation Carousel,0,False
2026-08-22 10:59:59,Epic Universe,Stardust Racers,0,False
2026-08-22 10:59:59,Epic Universe,Stardust Racers Single Rider,0,False
2026-08-22 10:59:59,Epic Universe,Curse of the Werewolf,0,False
2026-08-22 10:59:59,Epic Universe,Curse of the Werewolf Single Rider,0,True
2026-08-22 10:59:59,Epic Universe,Monsters Unchained: The Frankenstein Experiment,0,False
2026-08-22 10:59:59,Epic Universe,Dragon Racer's Rally,0,False
2026-08-22 10:59:59,Epic Universe,Fyre Drill,0,False
2026-08-22 10:59:59,Epic Universe,Hiccup's Wing Gliders,0,False
2026-08-22 10:59:59,Epic Universe,Meet Toothless and Friends,35,True
2026-08-22 10:59:59,Epic Universe,Bowser Jr. Challenge,0,False
2026-08-22 10:59:59,Epic Universe,Mario Kart™: Bowser's Challenge,0,False
2026-08-22 10:59:59,Epic Universe,Mario Kart™: Bowser's Challenge Single Rider,0,True
2026-08-22 10:59:59,Epic Universe,Mine-Cart Madness™,0,False
2026-08-22 10:59:59,Epic Universe,Mine-Cart Madness™ Single Rider,0,True
2026-08-22 10:59:59,Epic Universe,Yoshi's Adventure™,0,False
2026-08-22 10:59:59,Epic Universe,Harry Potter and the Battle at the Ministry™,0,False
2026-08-22 10:59:59,Epic Universe,Harry Potter and the Battle at the Ministry™ Single Rider,0,True
2026-08-22 11:29:16,Islands of Adventure,Camp Jurassic™,0,False
2026-08-22 11:29:16,Islands of Adventure,Jurassic Park Discovery Center,0,False
2026-08-22 11:29:16,Islands of Adventure,Jurassic Park River Adventure,0,False
2026-08-22 11:29:16,Islands of Adventure,Jurassic World VelociCoaster,0,False
2026-08-22 11:29:16,Islands of Adventure,Pteranodon Flyers,0,False
2026-08-22 11:29:16,Islands of Adventure,Skull Island: Reign of Kong,0,False
2026-08-22 11:29:16,Islands of Adventure,Doctor Doom's Fearfall®,0,False
2026-08-22 11:29:16,Islands of Adventure,Doctor Doom's Fearfall® Single Rider,0,True
2026-08-22 11:29:16,Islands of Adventure,Storm Force Accelatron®,0,False
2026-08-22 11:29:16,Islands of Adventure,The Amazing Adventures of Spider-Man®,0,False
2026-08-22 11:29:16,Islands of Adventure,The Incredible Hulk Coaster®,0,False
2026-08-22 11:29:16,Islands of Adventure,The Incredible Hulk Coaster® Single Rider,0,True
2026-08-22 11:29:16,Islands of Adventure,Caro-Seuss-el™,0,False
2026-08-22 11:29:16,Islands of Adventure,If I Ran The Zoo™,0,False
2026-08-22 11:29:16,Islands of Adventure,"One Fish, Two Fish, Red Fish, Blue Fish™",0,False
2026-08-22 11:29:16,Islands of Adventure,The Cat in The Hat™,0,False
2026-08-22 11:29:16,Islands of Adventure,The High in the Sky Seuss Trolley Train Ride!™,0,False
2026-08-22 11:29:16,Islands of Adventure,Flight of the Hippogriff™,0,False
2026-08-22 11:29:16,Islands of Adventure,Hagrid's Magical Creatures Motorbike Adventure™,0,False
2026-08-22 11:29:16,Islands of Adventure,Hagrid's Magical Creatures Motorbike Adventure™ Single Rider,0,True
2026-08-22 11:29:16,Islands of Adventure,Harry Potter and the Forbidden Journey™,0,False
2026-08-22 11:29:16,Islands of Adventure,Harry Potter and the Forbidden Journey™ Single Rider,0,True
2026-08-22 11:29:16,Islands of Adventure,Hogwarts Express™ - Hogsmeade™ Station,0,False
2026-08-22 11:29:16,Islands of Adventure,Ollivanders™ Experience in Hogsmeade™,15,True
2026-08-22 11:29:16,Islands of Adventure,Dudley Do-Right's Ripsaw Falls®,0,False
2026-08-22 11:29:16,Islands of Adventure,"Me Ship, The Olive®",0,False
2026-08-22 11:29:16,Islands of Adventure,Popeye & Bluto's Bilge-Rat Barges®,0,False
2026-08-22 11:29:16,Universal Studios Florida,Trolls Trollercoaster,0,False
2026-08-22 11:29:16,Universal Studios Florida,E.T. Adventure,0,False
2026-08-22 11:29:16,Universal Studios Florida,Despicable Me Minion Mayhem™,0,False
2026-08-22 11:29:16,Universal Studios Florida,Illumination's Villain-Con Minion Blast,0,False
2026-08-22 11:29:16,Universal Studios Florida,Race Through New York Starring Jimmy Fallon™,0,False
2026-08-22 11:29:16,Universal Studios Florida,Revenge of the Mummy™,0,False
2026-08-22 11:29:16,Universal Studios Florida,Revenge of the Mummy™ Single Rider,0,True
2026-08-22 11:29:16,Universal Studios Florida,TRANSFORMERS™ The Ride-3D,0,False
2026-08-22 11:29:16,Universal Studios Florida,Fast & Furious - Supercharged™,0,True
2026-08-22 11:29:16,Universal Studios Florida,Fast & Furious - Supercharged™ Single Rider,0,True
2026-08-22 11:29:16,Universal Studios Florida,Harry Potter and the Escape from Gringotts™,0,False
2026-08-22 11:29:16,Universal Studios Florida,Harry Potter and the Escape from Gringotts™ Single Rider,0,True
2026-08-22 11:29:16,Universal Studios Florida,Hogwarts Express™ - King's Cross Station,0,False
2026-08-22 11:29:16,Universal Studios Florida,Hogwarts™ Express - First Train,0,False
2026-08-22 11:29:16,Universal Studios Florida,Hogwarts™ Express - Last Train,0,False
2026-08-22 11:29:16,Universal Studios Florida,Ollivanders™ Experience in Diagon Alley™,5,True
2026-08-22 11:29:16,Universal Studios Florida,Kang & Kodos' Twirl 'n' Hurl,0,False
2026-08-22 11:29:16,Universal Studios Florida,MEN IN BLACK™ Alien Attack!,0,False
2026-08-22 11:29:16,Universal Studios Florida,MEN IN BLACK™ Alien Attack!™ Single Rider,0,True
2026-08-22 11:29:16,Universal Studios Florida,The Simpsons Ride™,0,False
2026-08-22 11:29:16,Epic Universe,Constellation Carousel,0,False
2026-08-22 11:29:16,Epic Universe,Stardust Racers,0,False
2026-08-22 11:29:16,Epic Universe,Stardust Racers Single Rider,0,False
2026-08-22 11:29:16,Epic Universe,Curse of the Werewolf,0,False
2026-08-22 11:29:16,Epic Universe,Curse of the Werewolf Single Rider,0,True
2026-08-22 11:29:16,Epic Universe,Monsters Unchained: The Frankenstein Experiment,0,False
2026-08-22 11:29:16,Epic Universe,Dragon Racer's Rally,0,False
2026-08-22 11:29:16,Epic Universe,Fyre Drill,0,False
2026-08-22 11:29:16,Epic Universe,Hiccup's Wing Gliders,0,False
2026-08-22 11:29:16,Epic Universe,Meet Toothless and Friends,35,True
2026-08-22 11:29:16,Epic Universe,Bowser Jr. Challenge,0,False
2026-08-22 11:29:16,Epic Universe,Mario Kart™: Bowser's Challenge,0,False
2026-08-22 11:29:16,Epic Universe,Mario Kart™: Bowser's Challenge Single Rider,0,True
2026-08-22 11:29:16,Epic Universe,Mine-Cart Madness™,0,False
2026-08-22 11:29:16,Epic Universe,Mine-Cart Madness™ Single Rider,0,True
2026-08-22 11:29:16,Epic Universe,Yoshi's Adventure™,0,False
2026-08-22 11:29:16,Epic Universe,Harry Potter and the Battle at the Ministry™,0,False
2026-08-22 11:29:16,Epic Universe,Harry Potter and the Battle at the Ministry™ Single Rider,0,True
2026-08-22 11:50:09,Islands of Adventure,Camp Jurassic™,0,False
2026-08-22 11:50:09,Islands of Adventure,Jurassic Park Discovery Center,0,False
2026-08-22 11:50:09,Islands of Adventure,Jurassic Park River Adventure,0,False
2026-08-22 11:50:09,Islands of Adventure,Jurassic World VelociCoaster,0,False
2026-08-22 11:50:09,Islands of Adventure,Pteranodon Flyers,0,False
2026-08-22 11:50:09,Islands of Adventure,Skull Island: Reign of Kong,0,False
2026-08-22 11:50:09,Islands of Adventure,Doctor Doom's Fearfall®,0,False
2026-08-22 11:50:09,Islands of Adventure,Doctor Doom's Fearfall® Single Rider,0,True
2026-08-22 11:50:09,Islands of Adventure,Storm Force Accelatron®,0,False
2026-08-22 11:50:09,Islands of Adventure,The Amazing Adventures of Spider-Man®,0,False
2026-08-22 11:50:09,Islands of Adventure,The Incredible Hulk Coaster®,0,False
2026-08-22 11:50:09,Islands of Adventure,The Incredible Hulk Coaster® Single Rider,0,True
2026-08-22 11:50:09,Islands of Adventure,Caro-Seuss-el™,0,False
2026-08-22 11:50:09,Islands of Adventure,If I Ran The Zoo™,0,False
2026-08-22 11:50:09,Islands of Adventure,"One Fish, Two Fish, Red Fish, Blue Fish™",0,False
2026-08-22 11:50:09,Islands of Adventure,The Cat in The Hat™,0,False
2026-08-22 11:50:09,Islands of Adventure,The High in the Sky Seuss Trolley Train Ride!™,0,False
2026-08-22 11:50:09,Islands of Adventure,Flight of the Hippogriff™,0,False
2026-08-22 11:50:09,Islands of Adventure,Hagrid's Magical Creatures Motorbike Adventure™,0,False
2026-08-22 11:50:09,Islands of Adventure,Hagrid's Magical Creatures Motorbike Adventure™ Single Rider,0,True
2026-08-22 11:50:09,Islands of Adventure,Harry Potter and the Forbidden Journey™,0,False
2026-08-22 11:50:09,Islands of Adventure,Harry Potter and the Forbidden Journey™ Single Rider,0,True
2026-08-22 11:50:09,Islands of Adventure,Hogwarts Express™ - Hogsmeade™ Station,0,False
2026-08-22 11:50:09,Islands of Adventure,Ollivanders™ Experience in Hogsmeade™,15,True
2026-08-22 11:50:09,Islands of Adventure,Dudley Do-Right's Ripsaw Falls®,0,False
2026-08-22 11:50:09,Islands of Adventure,"Me Ship, The Olive®",0,False
2026-08-22 11:50:09,Islands of Adventure,Popeye & Bluto's Bilge-Rat Barges®,0,False
2026-08-22 11:50:09,Universal Studios Florida,Trolls Trollercoaster,0,False
2026-08-22 11:50:09,Universal Studios Florida,E.T. Adventure,0,False
2026-08-22 11:50:09,Universal Studios Florida,Despicable Me Minion Mayhem™,0,False
2026-08-22 11:50:09,Universal Studios Florida,Illumination's Villain-Con Minion Blast,0,False
2026-08-22 11:50:09,Universal Studios Florida,Race Through New York Starring Jimmy Fallon™,0,False
2026-08-22 11:50:09,Universal Studios Florida,Revenge of the Mummy™,0,False
2026-08-22 11:50:09,Universal Studios Florida,Revenge of the Mummy™ Single Rider,0,True
2026-08-22 11:50:09,Universal Studios Florida,TRANSFORMERS™ The Ride-3D,0,False
2026-08-22 11:50:09,Universal Studios Florida,Fast & Furious - Supercharged™,0,True
2026-08-22 11:50:09,Universal Studios Florida,Fast & Furious - Supercharged™ Single Rider,0,True
2026-08-22 11:50:09,Universal Studios Florida,Harry Potter and the Escape from Gringotts™,0,False
2026-08-22 11:50:09,Universal Studios Florida,Harry Potter and the Escape from Gringotts™ Single Rider,0,True
2026-08-22 11:50:09,Universal Studios Florida,Hogwarts Express™ - King's Cross Station,0,False
2026-08-22 11:50:09,Universal Studios Florida,Hogwarts™ Express - First Train,0,False
2026-08-22 11:50:09,Universal Studios Florida,Hogwarts™ Express - Last Train,0,False
2026-08-22 11:50:09,Universal Studios Florida,Ollivanders™ Experience in Diagon Alley™,5,True
2026-08-22 11:50:09,Universal Studios Florida,Kang & Kodos' Twirl 'n' Hurl,0,False
2026-08-22 11:50:09,Universal Studios Florida,MEN IN BLACK™ Alien Attack!,0,False
2026-08-22 11:50:09,Universal Studios Florida,MEN IN BLACK™ Alien Attack!™ Single Rider,0,True
2026-08-22 11:50:09,Universal Studios Florida,The Simpsons Ride™,0,False
2026-08-22 11:50:09,Epic Universe,Constellation Carousel,0,False
2026-08-22 11:50:09,Epic Universe,Stardust Racers,0,False
2026-08-22 11:50:09,Epic Universe,Stardust Racers Single Rider,0,False
2026-08-22 11:50:09,Epic Universe,Curse of the Werewolf,0,False
2026-08-22 11:50:09,Epic Universe,Curse of the Werewolf Single Rider,0,True
2026-08-22 11:50:09,Epic Universe,Monsters Unchained: The Frankenstein Experiment,0,False
2026-08-22 11:50:09,Epic Universe,Dragon Racer's Rally,0,False
2026-08-22 11:50:09,Epic Universe,Fyre Drill,0,False
2026-08-22 11:50:09,Epic Universe,Hiccup's Wing Gliders,0,False
2026-08-22 11:50:09,Epic Universe,Meet Toothless and Friends,35,True
2026-08-22 11:50:09,Epic Universe,Bowser Jr. Challenge,0,False
2026-08-22 11:50:09,Epic Universe,Mario Kart™: Bowser's Challenge,0,False
2026-08-22 11:50:09,Epic Universe,Mario Kart™: Bowser's Challenge Single Rider,0,True
2026-08-22 11:50:09,Epic Universe,Mine-Cart Madness™,0,False
2026-08-22 11:50:09,Epic Universe,Mine-Cart Madness™ Single Rider,0,True
2026-08-22 11:50:09,Epic Universe,Yoshi's Adventure™,0,False
2026-08-22 11:50:09,Epic Universe,Harry Potter and the Battle at the Ministry™,0,False
2026-08-22 11:50:09,Epic Universe,Harry Potter and the Battle at the Ministry™ Single Rider,0,True
2026-08-22 12:40:18,Islands of Adventure,Camp Jurassic™,0,False
2026-08-22 12:40:18,Islands of Adventure,Jurassic Park Discovery Center,0,False
2026-08-22 12:40:18,Islands of Adventure,Jurassic Park River Adventure,0,False
2026-08-22 12:40:18,Islands of Adventure,Jurassic World VelociCoaster,10,True
2026-08-22 12:40:18,Islands of Adventure,Pteranodon Flyers,0,False
2026-08-22 12:40:18,Islands of Adventure,Skull Island: Reign of Kong,0,False
2026-08-22 12:40:18,Islands of Adventure,Doctor Doom's Fearfall®,0,False
2026-08-22 12:40:18,Islands of Adventure,Doctor Doom's Fearfall® Single Rider,0,True
2026-08-22 12:40:18,Islands of Adventure,Storm Force Accelatron®,5,True
2026-08-22 12:40:18,Islands of Adventure,The Amazing Adventures of Spider-Man®,0,False
2026-08-22 12:40:18,Islands of Adventure,The Incredible Hulk Coaster®,0,False
2026-08-22 12:40:18,Islands of Adventure,The Incredible Hulk Coaster® Single Rider,0,True
2026-08-22 12:40:18,Islands of Adventure,Caro-Seuss-el™,0,False
2026-08-22 12:40:18,Islands of Adventure,If I Ran The Zoo™,0,False
2026-08-22 12:40:18,Islands of Adventure,"One Fish, Two Fish, Red Fish, Blue Fish™",0,False
2026-08-22 12:40:18,Islands of Adventure,The Cat in The Hat™,0,False
2026-08-22 12:40:18,Islands of Adventure,The High in the Sky Seuss Trolley Train Ride!™,0,False
2026-08-22 12:40:18,Islands of Adventure,Flight of the Hippogriff™,5,True
2026-08-22 12:40:18,Islands of Adventure,Hagrid's Magical Creatures Motorbike Adventure™,75,True
2026-08-22 12:40:18,Islands of Adventure,Hagrid's Magical Creatures Motorbike Adventure™ Single Rider,0,True
2026-08-22 12:40:18,Islands of Adventure,Harry Potter and the Forbidden Journey™,10,True
2026-08-22 12:40:18,Islands of Adventure,Harry Potter and the Forbidden Journey™ Single Rider,0,True
2026-08-22 12:40:18,Islands of Adventure,Hogwarts Express™ - Hogsmeade™ Station,0,False
2026-08-22 12:40:18,Islands of Adventure,Ollivanders™ Experience in Hogsmeade™,10,True
2026-08-22 12:40:18,Islands of Adventure,Dudley Do-Right's Ripsaw Falls®,0,False
2026-08-22 12:40:18,Islands of Adventure,"Me Ship, The Olive®",0,False
2026-08-22 12:40:18,Islands of Adventure,Popeye & Bluto's Bilge-Rat Barges®,0,False
2026-08-22 12:40:18,Universal Studios Florida,Trolls Trollercoaster,0,False
2026-08-22 12:40:18,Universal Studios Florida,E.T. Adventure,0,False
2026-08-22 12:40:18,Universal Studios Florida,Despicable Me Minion Mayhem™,0,False
2026-08-22 12:40:18,Universal Studios Florida,Illumination's Villain-Con Minion Blast,0,False
2026-08-22 12:40:18,Universal Studios Florida,Race Through New York Starring Jimmy Fallon™,0,False
2026-08-22 12:40:18,Universal Studios Florida,Revenge of the Mummy™,0,False
2026-08-22 12:40:18,Universal Studios Florida,Revenge of the Mummy™ Single Rider,0,True
2026-08-22 12:40:18,Universal Studios Florida,TRANSFORMERS™ The Ride-3D,0,False
2026-08-22 12:40:18,Universal Studios Florida,Fast & Furious - Supercharged™,0,True
2026-08-22 12:40:18,Universal Studios Florida,Fast & Furious - Supercharged™ Single Rider,0,True
2026-08-22 12:40:18,Universal Studios Florida,Harry Potter and the Escape from Gringotts™,0,False
2026-08-22 12:40:18,Universal Studios Florida,Harry Potter and the Escape from Gringotts™ Single Rider,0,True
2026-08-22 12:40:18,Universal Studios Florida,Hogwarts Express™ - King's Cross Station,0,False
2026-08-22 12:40:18,Universal Studios Florida,Hogwarts™ Express - First Train,0,False
2026-08-22 12:40:18,Universal Studios Florida,Hogwarts™ Express - Last Train,0,False
2026-08-22 12:40:18,Universal Studios Florida,Ollivanders™ Experience in Diagon Alley™,5,True
2026-08-22 12:40:18,Universal Studios Florida,Kang & Kodos' Twirl 'n' Hurl,0,False
2026-08-22 12:40:18,Universal Studios Florida,MEN IN BLACK™ Alien Attack!,0,False
2026-08-22 12:40:18,Universal Studios Florida,MEN IN BLACK™ Alien Attack!™ Single Rider,0,True
2026-08-22 12:40:18,Universal Studios Florida,The Simpsons Ride™,0,False
2026-08-22 12:40:18,Epic Universe,Constellation Carousel,0,False
2026-08-22 12:40:18,Epic Universe,Stardust Racers,10,True
2026-08-22 12:40:18,Epic Universe,Stardust Racers Single Rider,0,False
2026-08-22 12:40:18,Epic Universe,Curse of the Werewolf,0,False
2026-08-22 12:40:18,Epic Universe,Curse of the Werewolf Single Rider,0,True
2026-08-22 12:40:18,Epic Universe,Monsters Unchained: The Frankenstein Experiment,0,False
2026-08-22 12:40:18,Epic Universe,Dragon Racer's Rally,5,True
2026-08-22 12:40:18,Epic Universe,Fyre Drill,0,False
2026-08-22 12:40:18,Epic Universe,Hiccup's Wing Gliders,5,True
2026-08-22 12:40:18,Epic Universe,Meet Toothless and Friends,10,True
2026-08-22 12:40:18,Epic Universe,Bowser Jr. Challenge,5,True
2026-08-22 12:40:18,Epic Universe,Mario Kart™: Bowser's Challenge,15,True
2026-08-22 12:40:18,Epic Universe,Mario Kart™: Bowser's Challenge Single Rider,0,True
2026-08-22 12:40:18,Epic Universe,Mine-Cart Madness™,75,True
2026-08-22 12:40:18,Epic Universe,Mine-Cart Madness™ Single Rider,0,True
2026-08-22 12:40:18,Epic Universe,Yoshi's Adventure™,5,True
2026-08-22 12:40:18,Epic Universe,Harry Potter and the Battle at the Ministry™,0,False
2026-08-22 12:40:18,Epic Universe,Harry Potter and the Battle at the Ministry™ Single Rider,0,True
2026-08-22 13:19:24,Islands of Adventure,Camp Jurassic™,0,False
2026-08-22 13:19:24,Islands of Adventure,Jurassic Park Discovery Center,0,False
2026-08-22 13:19:24,Islands of Adventure,Jurassic Park River Adventure,0,False
2026-08-22 13:19:24,Islands of Adventure,Jurassic World VelociCoaster,10,True
2026-08-22 13:19:24,Islands of Adventure,Pteranodon Flyers,10,True
2026-08-22 13:19:24,Islands of Adventure,Skull Island: Reign of Kong,5,True
2026-08-22 13:19:24,Islands of Adventure,Doctor Doom's Fearfall®,10,True
2026-08-22 13:19:24,Islands of Adventure,Doctor Doom's Fearfall® Single Rider,0,True
2026-08-22 13:19:24,Islands of Adventure,Storm Force Accelatron®,5,True
2026-08-22 13:19:24,Islands of Adventure,The Amazing Adventures of Spider-Man®,5,True
2026-08-22 13:19:24,Islands of Adventure,The Incredible Hulk Coaster®,5,True
2026-08-22 13:19:24,Islands of Adventure,The Incredible Hulk Coaster® Single Rider,0,True
2026-08-22 13:19:24,Islands of Adventure,Caro-Seuss-el™,5,True
2026-08-22 13:19:24,Islands of Adventure,If I Ran The Zoo™,0,False
2026-08-22 13:19:24,Islands of Adventure,"One Fish, Two Fish, Red Fish, Blue Fish™",5,True
2026-08-22 13:19:24,Islands of Adventure,The Cat in The Hat™,5,True
2026-08-22 13:19:24,Islands of Adventure,The High in the Sky Seuss Trolley Train Ride!™,5,True
2026-08-22 13:19:24,Islands of Adventure,Flight of the Hippogriff™,15,True
2026-08-22 13:19:24,Islands of Adventure,Hagrid's Magical Creatures Motorbike Adventure™,90,True
2026-08-22 13:19:24,Islands of Adventure,Hagrid's Magical Creatures Motorbike Adventure™ Single Rider,0,True
2026-08-22 13:19:24,Islands of Adventure,Harry Potter and the Forbidden Journey™,10,True
2026-08-22 13:19:24,Islands of Adventure,Harry Potter and the Forbidden Journey™ Single Rider,0,True
2026-08-22 13:19:24,Islands of Adventure,Hogwarts Express™ - Hogsmeade™ Station,0,False
2026-08-22 13:19:24,Islands of Adventure,Ollivanders™ Experience in Hogsmeade™,25,True
2026-08-22 13:19:24,Islands of Adventure,Dudley Do-Right's Ripsaw Falls®,0,False
2026-08-22 13:19:24,Islands of Adventure,"Me Ship, The Olive®",0,False
2026-08-22 13:19:24,Islands of Adventure,Popeye & Bluto's Bilge-Rat Barges®,0,False
2026-08-22 13:19:24,Universal Studios Florida,Trolls Trollercoaster,0,False
2026-08-22 13:19:24,Universal Studios Florida,E.T. Adventure,0,False
2026-08-22 13:19:24,Universal Studios Florida,Despicable Me Minion Mayhem™,0,False
2026-08-22 13:19:24,Universal Studios Florida,Illumination's Villain-Con Minion Blast,0,False
2026-08-22 13:19:24,Universal Studios Florida,Race Through New York Starring Jimmy Fallon™,0,False
2026-08-22 13:19:24,Universal Studios Florida,Revenge of the Mummy™,0,False
2026-08-22 13:19:24,Universal Studios Florida,Revenge of the Mummy™ Single Rider,0,True
2026-08-22 13:19:24,Universal Studios Florida,TRANSFORMERS™ The Ride-3D,0,False
2026-08-22 13:19:24,Universal Studios Florida,Fast & Furious - Supercharged™,0,True
2026-08-22 13:19:24,Universal Studios Florida,Fast & Furious - Supercharged™ Single Rider,0,True
2026-08-22 13:19:24,Universal Studios Florida,Harry Potter and the Escape from Gringotts™,0,False
2026-08-22 13:19:24,Universal Studios Florida,Harry Potter and the Escape from Gringotts™ Single Rider,0,True
2026-08-22 13:19:24,Universal Studios Florida,Hogwarts Express™ - King's Cross Station,0,False
2026-08-22 13:19:24,Universal Studios Florida,Hogwarts™ Express - First Train,0,False
2026-08-22 13:19:24,Universal Studios Florida,Hogwarts™ Express - Last Train,0,False
2026-08-22 13:19:24,Universal Studios Florida,Ollivanders™ Experience in Diagon Alley™,5,True
2026-08-22 13:19:24,Universal Studios Florida,Kang & Kodos' Twirl 'n' Hurl,0,False
2026-08-22 13:19:24,Universal Studios Florida,MEN IN BLACK™ Alien Attack!,0,False
2026-08-22 13:19:24,Universal Studios Florida,MEN IN BLACK™ Alien Attack!™ Single Rider,0,True
2026-08-22 13:19:24,Universal Studios Florida,The Simpsons Ride™,0,False
2026-08-22 13:19:24,Epic Universe,Constellation Carousel,5,True
2026-08-22 13:19:24,Epic Universe,Stardust Racers,10,True
2026-08-22 13:19:24,Epic Universe,Stardust Racers Single Rider,0,False
2026-08-22 13:19:24,Epic Universe,Curse of the Werewolf,5,True
2026-08-22 13:19:24,Epic Universe,Curse of the Werewolf Single Rider,0,True
2026-08-22 13:19:24,Epic Universe,Monsters Unchained: The Frankenstein Experiment,10,True
2026-08-22 13:19:24,Epic Universe,Dragon Racer's Rally,10,True
2026-08-22 13:19:24,Epic Universe,Fyre Drill,5,True
2026-08-22 13:19:24,Epic Universe,Hiccup's Wing Gliders,5,True
2026-08-22 13:19:24,Epic Universe,Meet Toothless and Friends,20,True
2026-08-22 13:19:24,Epic Universe,Bowser Jr. Challenge,5,True
2026-08-22 13:19:24,Epic Universe,Mario Kart™: Bowser's Challenge,50,True
2026-08-22 13:19:24,Epic Universe,Mario Kart™: Bowser's Challenge Single Rider,0,True
2026-08-22 13:19:24,Epic Universe,Mine-Cart Madness™,75,True
2026-08-22 13:19:24,Epic Universe,Mine-Cart Madness™ Single Rider,0,True
2026-08-22 13:19:24,Epic Universe,Yoshi's Adventure™,10,True
2026-08-22 13:19:24,Epic Universe,Harry Potter and the Battle at the Ministry™,50,True
2026-08-22 13:19:24,Epic Universe,Harry Potter and the Battle at the Ministry™ Single Rider,0,True
2026-08-22 13:52:21,Islands of Adventure,Camp Jurassic™,0,False
2026-08-22 13:52:21,Islands of Adventure,Jurassic Park Discovery Center,0,False
2026-08-22 13:52:21,Islands of Adventure,Jurassic Park River Adventure,0,False
2026-08-22 13:52:21,Islands of Adventure,Jurassic World VelociCoaster,25,True
2026-08-22 13:52:21,Islands of Adventure,Pteranodon Flyers,30,True
2026-08-22 13:52:21,Islands of Adventure,Skull Island: Reign of Kong,5,True
2026-08-22 13:52:21,Islands of Adventure,Doctor Doom's Fearfall®,10,True
2026-08-22 13:52:21,Islands of Adventure,Doctor Doom's Fearfall® Single Rider,0,True
2026-08-22 13:52:21,Islands of Adventure,Storm Force Accelatron®,5,True
2026-08-22 13:52:21,Islands of Adventure,The Amazing Adventures of Spider-Man®,30,True
2026-08-22 13:52:21,Islands of Adventure,The Incredible Hulk Coaster®,5,True
2026-08-22 13:52:21,Islands of Adventure,The Incredible Hulk Coaster® Single Rider,0,True
2026-08-22 13:52:21,Islands of Adventure,Caro-Seuss-el™,5,True
2026-08-22 13:52:21,Islands of Adventure,If I Ran The Zoo™,0,False
2026-08-22 13:52:21,Islands of Adventure,"One Fish, Two Fish, Red Fish, Blue Fish™",5,True
2026-08-22 13:52:21,Islands of Adventure,The Cat in The Hat™,5,True
2026-08-22 13:52:21,Islands of Adventure,The High in the Sky Seuss Trolley Train Ride!™,5,True
2026-08-22 13:52:21,Islands of Adventure,Flight of the Hippogriff™,25,True
2026-08-22 13:52:21,Islands of Adventure,Hagrid's Magical Creatures Motorbike Adventure™,75,True
2026-08-22 13:52:21,Islands of Adventure,Hagrid's Magical Creatures Motorbike Adventure™ Single Rider,0,True
2026-08-22 13:52:21,Islands of Adventure,Harry Potter and the Forbidden Journey™,10,True
2026-08-22 13:52:21,Islands of Adventure,Harry Potter and the Forbidden Journey™ Single Rider,0,True
2026-08-22 13:52:21,Islands of Adventure,Hogwarts Express™ - Hogsmeade™ Station,0,False
2026-08-22 13:52:21,Islands of Adventure,Ollivanders™ Experience in Hogsmeade™,20,True
2026-08-22 13:52:21,Islands of Adventure,Dudley Do-Right's Ripsaw Falls®,0,False
2026-08-22 13:52:21,Islands of Adventure,"Me Ship, The Olive®",0,False
2026-08-22 13:52:21,Islands of Adventure,Popeye & Bluto's Bilge-Rat Barges®,0,False
2026-08-22 13:52:21,Universal Studios Florida,Trolls Trollercoaster,0,False
2026-08-22 13:52:21,Universal Studios Florida,E.T. Adventure,0,False
2026-08-22 13:52:21,Universal Studios Florida,Despicable Me Minion Mayhem™,0,False
2026-08-22 13:52:21,Universal Studios Florida,Illumination's Villain-Con Minion Blast,0,False
2026-08-22 13:52:21,Universal Studios Florida,Race Through New York Starring Jimmy Fallon™,0,False
2026-08-22 13:52:21,Universal Studios Florida,Revenge of the Mummy™,0,False
2026-08-22 13:52:21,Universal Studios Florida,Revenge of the Mummy™ Single Rider,0,True
2026-08-22 13:52:21,Universal Studios Florida,TRANSFORMERS™ The Ride-3D,0,False
2026-08-22 13:52:21,Universal Studios Florida,Fast & Furious - Supercharged™,0,True
2026-08-22 13:52:21,Universal Studios Florida,Fast & Furious - Supercharged™ Single Rider,0,True
2026-08-22 13:52:21,Universal Studios Florida,Harry Potter and the Escape from Gringotts™,20,True
2026-08-22 13:52:21,Universal Studios Florida,Harry Potter and the Escape from Gringotts™ Single Rider,0,True
2026-08-22 13:52:21,Universal Studios Florida,Hogwarts Express™ - King's Cross Station,0,False
2026-08-22 13:52:21,Universal Studios Florida,Hogwarts™ Express - First Train,0,False
2026-08-22 13:52:21,Universal Studios Florida,Hogwarts™ Express - Last Train,0,False
2026-08-22 13:52:21,Universal Studios Florida,Ollivanders™ Experience in Diagon Alley™,5,True
2026-08-22 13:52:21,Universal Studios Florida,Kang & Kodos' Twirl 'n' Hurl,0,False
2026-08-22 13:52:21,Universal Studios Florida,MEN IN BLACK™ Alien Attack!,0,False
2026-08-22 13:52:21,Universal Studios Florida,MEN IN BLACK™ Alien Attack!™ Single Rider,0,True
2026-08-22 13:52:21,Universal Studios Florida,The Simpsons Ride™,0,False
2026-08-22 13:52:21,Epic Universe,Constellation Carousel,0,False
2026-08-22 13:52:21,Epic Universe,Stardust Racers,15,True
2026-08-22 13:52:21,Epic Universe,Stardust Racers Single Rider,0,False
2026-08-22 13:52:21,Epic Universe,Curse of the Werewolf,5,True
2026-08-22 13:52:21,Epic Universe,Curse of the Werewolf Single Rider,0,True
2026-08-22 13:52:21,Epic Universe,Monsters Unchained: The Frankenstein Experiment,10,True
2026-08-22 13:52:21,Epic Universe,Dragon Racer's Rally,15,True
2026-08-22 13:52:21,Epic Universe,Fyre Drill,5,True
2026-08-22 13:52:21,Epic Universe,Hiccup's Wing Gliders,15,True
2026-08-22 13:52:21,Epic Universe,Meet Toothless and Friends,45,True
2026-08-22 13:52:21,Epic Universe,Bowser Jr. Challenge,5,True
2026-08-22 13:52:21,Epic Universe,Mario Kart™: Bowser's Challenge,85,True
2026-08-22 13:52:21,Epic Universe,Mario Kart™: Bowser's Challenge Single Rider,0,True
2026-08-22 13:52:21,Epic Universe,Mine-Cart Madness™,0,False
2026-08-22 13:52:21,Epic Universe,Mine-Cart Madness™ Single Rider,0,False
2026-08-22 13:52:21,Epic Universe,Yoshi's Adventure™,5,True
2026-08-22 13:52:21,Epic Universe,Harry Potter and the Battle at the Ministry™,30,True
2026-08-22 13:52:21,Epic Universe,Harry Potter and the Battle at the Ministry™ Single Rider,0,True
