timestamp,park,ride,wait_time,is_open
2026-08-25 01:45:12,Islands of Adventure,Camp Jurassic™,0,False
2026-08-25 01:45:12,Islands of Adventure,Jurassic Park Discovery Center,0,False
2026-08-25 01:45:12,Islands of Adventure,Jurassic Park River Adventure,0,False
2026-08-25 01:45:12,Islands of Adventure,Jurassic World VelociCoaster,0,False
2026-08-25 01:45:12,Islands of Adventure,Pteranodon Flyers,0,False
2026-08-25 01:45:12,Islands of Adventure,Skull Island: Reign of Kong,0,False
2026-08-25 01:45:12,Islands of Adventure,Doctor Doom's Fearfall®,0,False
2026-08-25 01:45:12,Islands of Adventure,Doctor Doom's Fearfall® Single Rider,0,False
2026-08-25 01:45:12,Islands of Adventure,Storm Force Accelatron®,0,False
2026-08-25 01:45:12,Islands of Adventure,The Amazing Adventures of Spider-Man®,0,False
2026-08-25 01:45:12,Islands of Adventure,The Incredible Hulk Coaster®,0,False
2026-08-25 01:45:12,Islands of Adventure,The Incredible Hulk Coaster® Single Rider,0,True
2026-08-25 01:45:12,Islands of Adventure,Caro-Seuss-el™,0,False
2026-08-25 01:45:12,Islands of Adventure,If I Ran The Zoo™,0,False
2026-08-25 01:45:12,Islands of Adventure,"One Fish, Two Fish, Red Fish, Blue Fish™",0,False
2026-08-25 01:45:12,Islands of Adventure,The Cat in The Hat™,0,False
2026-08-25 01:45:12,Islands of Adventure,The High in the Sky Seuss Trolley Train Ride!™,0,False
2026-08-25 01:45:12,Islands of Adventure,Flight of the Hippogriff™,0,False
2026-08-25 01:45:12,Islands of Adventure,Hagrid's Magical Creatures Motorbike Adventure™,0,False
2026-08-25 01:45:12,Islands of Adventure,Hagrid's Magical Creatures Motorbike Adventure™ Single Rider,0,True
2026-08-25 01:45:12,Islands of Adventure,Harry Potter and the Forbidden Journey™,0,False
2026-08-25 01:45:12,Islands of Adventure,Harry Potter and the Forbidden Journey™ Single Rider,0,True
2026-08-25 01:45:12,Islands of Adventure,Hogwarts Express™ - Hogsmeade™ Station,0,False
2026-08-25 01:45:12,Islands of Adventure,Ollivanders™ Experience in Hogsmeade™,15,True
2026-08-25 01:45:12,Islands of Adventure,Dudley Do-Right's Ripsaw Falls®,0,False
2026-08-25 01:45:12,Islands of Adventure,"Me Ship, The Olive®",0,False
2026-08-25 01:45:12,Islands of Adventure,Popeye & Bluto's Bilge-Rat Barges®,0,False
2026-08-25 01:45:12,Universal Studios Florida,Trolls Trollercoaster,0,False
2026-08-25 01:45:12,Universal Studios Florida,E.T. Adventure,0,False
2026-08-25 01:45:12,Universal Studios Florida,Despicable Me Minion Mayhem™,0,False
2026-08-25 01:45:12,Universal Studios Florida,Illumination's Villain-Con Minion Blast,0,False
2026-08-25 01:45:12,Universal Studios Florida,Race Through New York Starring Jimmy Fallon™,0,False
2026-08-25 01:45:12,Universal Studios Florida,Revenge of the Mummy™,0,False
2026-08-25 01:45:12,Universal Studios Florida,Revenge of the Mummy™ Single Rider,0,True
2026-08-25 01:45:12,Universal Studios Florida,TRANSFORMERS™ The Ride-3D,0,False
2026-08-25 01:45:12,Universal Studios Florida,Fast & Furious - Supercharged™,0,True
2026-08-25 01:45:12,Universal Studios Florida,Fast & Furious - Supercharged™ Single Rider,0,True
2026-08-25 01:45:12,Universal Studios Florida,Harry Potter and the Escape from Gringotts™,0,False
2026-08-25 01:45:12,Universal Studios Florida,Harry Potter and the Escape from Gringotts™ Single Rider,0,True
2026-08-25 01:45:12,Universal Studios Florida,Hogwarts Express™ - King's Cross Station,0,False
2026-08-25 01:45:12,Universal Studios Florida,Hogwarts™ Express - First Train,0,False
2026-08-25 01:45:12,Universal Studios Florida,Hogwarts™ Express - Last Train,0,False
2026-08-25 01:45:12,Universal Studios Florida,Ollivanders™ Experience in Diagon Alley™,5,True
2026-08-25 01:45:12,Universal Studios Florida,Kang & Kodos' Twirl 'n' Hurl,0,False
2026-08-25 01:45:12,Universal Studios Florida,MEN IN BLACK™ Alien Attack!,0,False
2026-08-25 01:45:12,Universal Studios Florida,MEN IN BLACK™ Alien Attack!™ Single Rider,0,True
2026-08-25 01:45:12,Universal Studios Florida,The Simpsons Ride™,0,False
2026-08-25 01:45:12,Epic Universe,Constellation Carousel,0,False
2026-08-25 01:45:12,Epic Universe,Stardust Racers,0,False
2026-08-25 01:45:12,Epic Universe,Stardust Racers Single Rider,0,False
2026-08-25 01:45:12,Epic Universe,Curse of the Werewolf,0,False
2026-08-25 01:45:12,Epic Universe,Curse of the Werewolf Single Rider,0,True
2026-08-25 01:45:12,Epic Universe,Monsters Unchained: The Frankenstein Experiment,0,False
2026-08-25 01:45:12,Epic Universe,Dragon Racer's Rally,0,False
2026-08-25 01:45:12,Epic Universe,Fyre Drill,0,False
2026-08-25 01:45:12,Epic Universe,Hiccup's Wing Gliders,0,False
2026-08-25 01:45:12,Epic Universe,Meet Toothless and Friends,45,True
2026-08-25 01:45:12,Epic Universe,Bowser Jr. Challenge,0,False
2026-08-25 01:45:12,Epic Universe,Mario Kart™: Bowser's Challenge,0,False
2026-08-25 01:45:12,Epic Universe,Mario Kart™: Bowser's Challenge Single Rider,0,True
2026-08-25 01:45:12,Epic Universe,Mine-Cart Madness™,0,False
2026-08-25 01:45:12,Epic Universe,Mine-Cart Madness™ Single Rider,0,True
2026-08-25 01:45:12,Epic Universe,Yoshi's Adventure™,0,False
2026-08-25 01:45:12,Epic Universe,Harry Potter and the Battle at the Ministry™,0,False
2026-08-25 01:45:12,Epic Universe,Harry Potter and the Battle at the Ministry™ Single Rider,0,True
2026-08-25 02:45:45,Islands of Adventure,Camp Jurassic™,0,False
2026-08-25 02:45:45,Islands of Adventure,Jurassic Park Discovery Center,0,False
2026-08-25 02:45:45,Islands of Adventure,Jurassic Park River Adventure,0,False
2026-08-25 02:45:45,Islands of Adventure,Jurassic World VelociCoaster,0,False
2026-08-25 02:45:45,Islands of Adventure,Pteranodon Flyers,0,False
2026-08-25 02:45:45,Islands of Adventure,Skull Island: Reign of Kong,0,False
2026-08-25 02:45:45,Islands of Adventure,Doctor Doom's Fearfall®,0,False
2026-08-25 02:45:45,Islands of Adventure,Doctor Doom's Fearfall® Single Rider,0,False
2026-08-25 02:45:45,Islands of Adventure,Storm Force Accelatron®,0,False
2026-08-25 02:45:45,Islands of Adventure,The Amazing Adventures of Spider-Man®,0,False
2026-08-25 02:45:45,Islands of Adventure,The Incredible Hulk Coaster®,0,False
2026-08-25 02:45:45,Islands of Adventure,The Incredible Hulk Coaster® Single Rider,0,True
2026-08-25 02:45:45,Islands of Adventure,Caro-Seuss-el™,0,False
2026-08-25 02:45:45,Islands of Adventure,If I Ran The Zoo™,0,False
2026-08-25 02:45:45,Islands of Adventure,"One Fish, Two Fish, Red Fish, Blue Fish™",0,False
2026-08-25 02:45:45,Islands of Adventure,The Cat in The Hat™,0,False
2026-08-25 02:45:45,Islands of Adventure,The High in the Sky Seuss Trolley Train Ride!™,0,False
2026-08-25 02:45:45,Islands of Adventure,Flight of the Hippogriff™,0,False
2026-08-25 02:45:45,Islands of Adventure,Hagrid's Magical Creatures Motorbike Adventure™,0,False
2026-08-25 02:45:45,Islands of Adventure,Hagrid's Magical Creatures Motorbike Adventure™ Single Rider,0,True
2026-08-25 02:45:45,Islands of Adventure,Harry Potter and the Forbidden Journey™,0,False
2026-08-25 02:45:45,Islands of Adventure,Harry Potter and the Forbidden Journey™ Single Rider,0,True
2026-08-25 02:45:45,Islands of Adventure,Hogwarts Express™ - Hogsmeade™ Station,0,False
2026-08-25 02:45:45,Islands of Adventure,Ollivanders™ Experience in Hogsmeade™,15,True
2026-08-25 02:45:45,Islands of Adventure,Dudley Do-Right's Ripsaw Falls®,0,False
2026-08-25 02:45:45,Islands of Adventure,"Me Ship, The Olive®",0,False
2026-08-25 02:45:45,Islands of Adventure,Popeye & Bluto's Bilge-Rat Barges®,0,False
2026-08-25 02:45:45,Universal Studios Florida,Trolls Trollercoaster,0,False
2026-08-25 02:45:45,Universal Studios Florida,E.T. Adventure,0,False
2026-08-25 02:45:45,Universal Studios Florida,Despicable Me Minion Mayhem™,0,False
2026-08-25 02:45:45,Universal Studios Florida,Illumination's Villain-Con Minion Blast,0,False
2026-08-25 02:45:45,Universal Studios Florida,Race Through New York Starring Jimmy Fallon™,0,False
2026-08-25 02:45:45,Universal Studios Florida,Revenge of the Mummy™,0,False
2026-08-25 02:45:45,Universal Studios Florida,Revenge of the Mummy™ Single Rider,0,True
2026-08-25 02:45:45,Universal Studios Florida,TRANSFORMERS™ The Ride-3D,0,False
2026-08-25 02:45:45,Universal Studios Florida,Fast & Furious - Supercharged™,0,True
2026-08-25 02:45:45,Universal Studios Florida,Fast & Furious - Supercharged™ Single Rider,0,True
2026-08-25 02:45:45,Universal Studios Florida,Harry Potter and the Escape from Gringotts™,0,False
2026-08-25 02:45:45,Universal Studios Florida,Harry Potter and the Escape from Gringotts™ Single Rider,0,True
2026-08-25 02:45:45,Universal Studios Florida,Hogwarts Express™ - King's Cross Station,0,False
2026-08-25 02:45:45,Universal Studios Florida,Hogwarts™ Express - First Train,0,False
2026-08-25 02:45:45,Universal Studios Florida,Hogwarts™ Express - Last Train,0,False
2026-08-25 02:45:45,Universal Studios Florida,Ollivanders™ Experience in Diagon Alley™,5,True
2026-08-25 02:45:45,Universal Studios Florida,Kang & Kodos' Twirl 'n' Hurl,0,False
2026-08-25 02:45:45,Universal Studios Florida,MEN IN BLACK™ Alien Attack!,0,False
2026-08-25 02:45:45,Universal Studios Florida,MEN IN BLACK™ Alien Attack!™ Single Rider,0,True
2026-08-25 02:45:45,Universal Studios Florida,The Simpsons Ride™,0,False
2026-08-25 02:45:45,Epic Universe,Constellation Carousel,0,False
2026-08-25 02:45:45,Epic Universe,Stardust Racers,0,False
2026-08-25 02:45:45,Epic Universe,Stardust Racers Single Rider,0,False
2026-08-25 02:45:45,Epic Universe,Curse of the Werewolf,0,False
2026-08-25 02:45:45,Epic Universe,Curse of the Werewolf Single Rider,0,True
2026-08-25 02:45:45,Epic Universe,Monsters Unchained: The Frankenstein Experiment,0,False
2026-08-25 02:45:45,Epic Universe,Dragon Racer's Rally,0,False
2026-08-25 02:45:45,Epic Universe,Fyre Drill,0,False
2026-08-25 02:45:45,Epic Universe,Hiccup's Wing Gliders,0,False
2026-08-25 02:45:45,Epic Universe,Meet Toothless and Friends,45,True
2026-08-25 02:45:45,Epic Universe,Bowser Jr. Challenge,0,False
2026-08-25 02:45:45,Epic Universe,Mario Kart™: Bowser's Challenge,0,False
2026-08-25 02:45:45,Epic Universe,Mario Kart™: Bowser's Challenge Single Rider,0,True
2026-08-25 02:45:45,Epic Universe,Mine-Cart Madness™,0,False
2026-08-25 02:45:45,Epic Universe,Mine-Cart Madness™ Single Rider,0,True
2026-08-25 02:45:45,Epic Universe,Yoshi's Adventure™,0,False
2026-08-25 02:45:45,Epic Universe,Harry Potter and the Battle at the Ministry™,0,False
2026-08-25 02:45:45,Epic Universe,Harry Potter and the Battle at the Ministry™ Single Rider,0,True
2026-08-25 03:49:34,Islands of Adventure,Camp Jurassic™,0,False
2026-08-25 03:49:34,Islands of Adventure,Jurassic Park Discovery Center,0,False
2026-08-25 03:49:34,Islands of Adventure,Jurassic Park River Adventure,0,False
2026-08-25 03:49:34,Islands of Adventure,Jurassic World VelociCoaster,0,False
2026-08-25 03:49:34,Islands of Adventure,Pteranodon Flyers,0,False
2026-08-25 03:49:34,Islands of Adventure,Skull Island: Reign of Kong,0,False
2026-08-25 03:49:34,Islands of Adventure,Doctor Doom's Fearfall®,0,False
2026-08-25 03:49:34,Islands of Adventure,Doctor Doom's Fearfall® Single Rider,0,False
2026-08-25 03:49:34,Islands of Adventure,Storm Force Accelatron®,0,False
2026-08-25 03:49:34,Islands of Adventure,The Amazing Adventures of Spider-Man®,0,False
2026-08-25 03:49:34,Islands of Adventure,The Incredible Hulk Coaster®,0,False
2026-08-25 03:49:34,Islands of Adventure,The Incredible Hulk Coaster® Single Rider,0,True
2026-08-25 03:49:34,Islands of Adventure,Caro-Seuss-el™,0,False
2026-08-25 03:49:34,Islands of Adventure,If I Ran The Zoo™,0,False
2026-08-25 03:49:34,Islands of Adventure,"One Fish, Two Fish, Red Fish, Blue Fish™",0,False
2026-08-25 03:49:34,Islands of Adventure,The Cat in The Hat™,0,False
2026-08-25 03:49:34,Islands of Adventure,The High in the Sky Seuss Trolley Train Ride!™,0,False
2026-08-25 03:49:34,Islands of Adventure,Flight of the Hippogriff™,0,False
2026-08-25 03:49:34,Islands of Adventure,Hagrid's Magical Creatures Motorbike Adventure™,0,False
2026-08-25 03:49:34,Islands of Adventure,Hagrid's Magical Creatures Motorbike Adventure™ Single Rider,0,True
2026-08-25 03:49:34,Islands of Adventure,Harry Potter and the Forbidden Journey™,0,False
2026-08-25 03:49:34,Islands of Adventure,Harry Potter and the Forbidden Journey™ Single Rider,0,True
2026-08-25 03:49:34,Islands of Adventure,Hogwarts Express™ - Hogsmeade™ Station,0,False
2026-08-25 03:49:34,Islands of Adventure,Ollivanders™ Experience in Hogsmeade™,15,True
2026-08-25 03:49:34,Islands of Adventure,Dudley Do-Right's Ripsaw Falls®,0,False
2026-08-25 03:49:34,Islands of Adventure,"Me Ship, The Olive®",0,False
2026-08-25 03:49:34,Islands of Adventure,Popeye & Bluto's Bilge-Rat Barges®,0,False
2026-08-25 03:49:34,Universal Studios Florida,Trolls Trollercoaster,0,False
2026-08-25 03:49:34,Universal Studios Florida,E.T. Adventure,0,False
2026-08-25 03:49:34,Universal Studios Florida,Despicable Me Minion Mayhem™,0,False
2026-08-25 03:49:34,Universal Studios Florida,Illumination's Villain-Con Minion Blast,0,False
2026-08-25 03:49:34,Universal Studios Florida,Race Through New York Starring Jimmy Fallon™,0,False
2026-08-25 03:49:34,Universal Studios Florida,Revenge of the Mummy™,0,False
2026-08-25 03:49:34,Universal Studios Florida,Revenge of the Mummy™ Single Rider,0,True
2026-08-25 03:49:34,Universal Studios Florida,TRANSFORMERS™ The Ride-3D,0,False
2026-08-25 03:49:34,Universal Studios Florida,Fast & Furious - Supercharged™,0,True
2026-08-25 03:49:34,Universal Studios Florida,Fast & Furious - Supercharged™ Single Rider,0,True
2026-08-25 03:49:34,Universal Studios Florida,Harry Potter and the Escape from Gringotts™,0,False
2026-08-25 03:49:34,Universal Studios Florida,Harry Potter and the Escape from Gringotts™ Single Rider,0,True
2026-08-25 03:49:34,Universal Studios Florida,Hogwarts Express™ - King's Cross Station,0,False
2026-08-25 03:49:34,Universal Studios Florida,Hogwarts™ Express - First Train,0,False
2026-08-25 03:49:34,Universal Studios Florida,Hogwarts™ Express - Last Train,0,False
2026-08-25 03:49:34,Universal Studios Florida,Ollivanders™ Experience in Diagon Alley™,5,True
2026-08-25 03:49:34,Universal Studios Florida,Kang & Kodos' Twirl 'n' Hurl,0,False
2026-08-25 03:49:34,Universal Studios Florida,MEN IN BLACK™ Alien Attack!,0,False
2026-08-25 03:49:34,Universal Studios Florida,MEN IN BLACK™ Alien Attack!™ Single Rider,0,True
2026-08-25 03:49:34,Universal Studios Florida,The Simpsons Ride™,0,False
2026-08-25 03:49:34,Epic Universe,Constellation Carousel,0,False
2026-08-25 03:49:34,Epic Universe,Stardust Racers,0,False
2026-08-25 03:49:34,Epic Universe,Stardust Racers Single Rider,0,False
2026-08-25 03:49:34,Epic Universe,Curse of the Werewolf,0,False
2026-08-25 03:49:34,Epic Universe,Curse of the Werewolf Single Rider,0,True
2026-08-25 03:49:34,Epic Universe,Monsters Unchained: The Frankenstein Experiment,0,False
2026-08-25 03:49:34,Epic Universe,Dragon Racer's Rally,0,False
2026-08-25 03:49:34,Epic Universe,Fyre Drill,0,False
2026-08-25 03:49:34,Epic Universe,Hiccup's Wing Gliders,0,False
2026-08-25 03:49:34,Epic Universe,Meet Toothless and Friends,45,True
2026-08-25 03:49:34,Epic Universe,Bowser Jr. Challenge,0,False
2026-08-25 03:49:34,Epic Universe,Mario Kart™: Bowser's Challenge,0,False
2026-08-25 03:49:34,Epic Universe,Mario Kart™: Bowser's Challenge Single Rider,0,True
2026-08-25 03:49:34,Epic Universe,Mine-Cart Madness™,0,False
2026-08-25 03:49:34,Epic Universe,Mine-Cart Madness™ Single Rider,0,True
2026-08-25 03:49:34,Epic Universe,Yoshi's Adventure™,0,False
2026-08-25 03:49:34,Epic Universe,Harry Potter and the Battle at the Ministry™,0,False
2026-08-25 03:49:34,Epic Universe,Harry Potter and the Battle at the Ministry™ Single Rider,0,True
2026-08-25 04:39:49,Islands of Adventure,Camp Jurassic™,0,False
2026-08-25 04:39:49,Islands of Adventure,Jurassic Park Discovery Center,0,False
2026-08-25 04:39:49,Islands of Adventure,Jurassic Park River Adventure,0,False
2026-08-25 04:39:49,Islands of Adventure,Jurassic World VelociCoaster,0,False
2026-08-25 04:39:49,Islands of Adventure,Pteranodon Flyers,0,False
2026-08-25 04:39:49,Islands of Adventure,Skull Island: Reign of Kong,0,False
2026-08-25 04:39:49,Islands of Adventure,Doctor Doom's Fearfall®,0,False
2026-08-25 04:39:49,Islands of Adventure,Doctor Doom's Fearfall® Single Rider,0,False
2026-08-25 04:39:49,Islands of Adventure,Storm Force Accelatron®,0,False
2026-08-25 04:39:49,Islands of Adventure,The Amazing Adventures of Spider-Man®,0,False
2026-08-25 04:39:49,Islands of Adventure,The Incredible Hulk Coaster®,0,False
2026-08-25 04:39:49,Islands of Adventure,The Incredible Hulk Coaster® Single Rider,0,True
2026-08-25 04:39:49,Islands of Adventure,Caro-Seuss-el™,0,False
2026-08-25 04:39:49,Islands of Adventure,If I Ran The Zoo™,0,False
2026-08-25 04:39:49,Islands of Adventure,"One Fish, Two Fish, Red Fish, Blue Fish™",0,False
2026-08-25 04:39:49,Islands of Adventure,The Cat in The Hat™,0,False
2026-08-25 04:39:49,Islands of Adventure,The High in the Sky Seuss Trolley Train Ride!™,0,False
2026-08-25 04:39:49,Islands of Adventure,Flight of the Hippogriff™,0,False
2026-08-25 04:39:49,Islands of Adventure,Hagrid's Magical Creatures Motorbike Adventure™,0,False
2026-08-25 04:39:49,Islands of Adventure,Hagrid's Magical Creatures Motorbike Adventure™ Single Rider,0,True
2026-08-25 04:39:49,Islands of Adventure,Harry Potter and the Forbidden Journey™,0,False
2026-08-25 04:39:49,Islands of Adventure,Harry Potter and the Forbidden Journey™ Single Rider,0,True
2026-08-25 04:39:49,Islands of Adventure,Hogwarts Express™ - Hogsmeade™ Station,0,False
2026-08-25 04:39:49,Islands of Adventure,Ollivanders™ Experience in Hogsmeade™,15,True
2026-08-25 04:39:49,Islands of Adventure,Dudley Do-Right's Ripsaw Falls®,0,False
2026-08-25 04:39:49,Islands of Adventure,"Me Ship, The Olive®",0,False
2026-08-25 04:39:49,Islands of Adventure,Popeye & Bluto's Bilge-Rat Barges®,0,False
2026-08-25 04:39:49,Universal Studios Florida,Trolls Trollercoaster,0,False
2026-08-25 04:39:49,Universal Studios Florida,E.T. Adventure,0,False
2026-08-25 04:39:49,Universal Studios Florida,Despicable Me Minion Mayhem™,0,False
2026-08-25 04:39:49,Universal Studios Florida,Illumination's Villain-Con Minion Blast,0,False
2026-08-25 04:39:49,Universal Studios Florida,Race Through New York Starring Jimmy Fallon™,0,False
2026-08-25 04:39:49,Universal Studios Florida,Revenge of the Mummy™,0,False
2026-08-25 04:39:49,Universal Studios Florida,Revenge of the Mummy™ Single Rider,0,True
2026-08-25 04:39:49,Universal Studios Florida,TRANSFORMERS™ The Ride-3D,0,False
2026-08-25 04:39:49,Universal Studios Florida,Fast & Furious - Supercharged™,0,True
2026-08-25 04:39:49,Universal Studios Florida,Fast & Furious - Supercharged™ Single Rider,0,True
2026-08-25 04:39:49,Universal Studios Florida,Harry Potter and the Escape from Gringotts™,0,False
2026-08-25 04:39:49,Universal Studios Florida,Harry Potter and the Escape from Gringotts™ Single Rider,0,True
2026-08-25 04:39:49,Universal Studios Florida,Hogwarts Express™ - King's Cross Station,0,False
2026-08-25 04:39:49,Universal Studios Florida,Hogwarts™ Express - First Train,0,False
2026-08-25 04:39:49,Universal Studios Florida,Hogwarts™ Express - Last Train,0,False
2026-08-25 04:39:49,Universal Studios Florida,Ollivanders™ Experience in Diagon Alley™,5,True
2026-08-25 04:39:49,Universal Studios Florida,Kang & Kodos' Twirl 'n' Hurl,0,False
2026-08-25 04:39:49,Universal Studios Florida,MEN IN BLACK™ Alien Attack!,0,False
2026-08-25 04:39:49,Universal Studios Florida,MEN IN BLACK™ Alien Attack!™ Single Rider,0,True
2026-08-25 04:39:49,Universal Studios Florida,The Simpsons Ride™,0,False
2026-08-25 04:39:49,Epic Universe,Constellation Carousel,0,False
2026-08-25 04:39:49,Epic Universe,Stardust Racers,0,False
2026-08-25 04:39:49,Epic Universe,Stardust Racers Single Rider,0,False
2026-08-25 04:39:49,Epic Universe,Curse of the Werewolf,0,False
2026-08-25 04:39:49,Epic Universe,Curse of the Werewolf Single Rider,0,True
2026-08-25 04:39:49,Epic Universe,Monsters Unchained: The Frankenstein Experiment,0,False
2026-08-25 04:39:49,Epic Universe,Dragon Racer's Rally,0,False
2026-08-25 04:39:49,Epic Universe,Fyre Drill,0,False
2026-08-25 04:39:49,Epic Universe,Hiccup's Wing Gliders,0,False
2026-08-25 04:39:49,Epic Universe,Meet Toothless and Friends,45,True
2026-08-25 04:39:49,Epic Universe,Bowser Jr. Challenge,0,False
2026-08-25 04:39:49,Epic Universe,Mario Kart™: Bowser's Challenge,0,False
2026-08-25 04:39:49,Epic Universe,Mario Kart™: Bowser's Challenge Single Rider,0,True
2026-08-25 04:39:49,Epic Universe,Mine-Cart Madness™,0,False
2026-08-25 04:39:49,Epic Universe,Mine-Cart Madness™ Single Rider,0,True
2026-08-25 04:39:49,Epic Universe,Yoshi's Adventure™,0,False
2026-08-25 04:39:49,Epic Universe,Harry Potter and the Battle at the Ministry™,0,False
2026-08-25 04:39:49,Epic Universe,Harry Potter and the Battle at the Ministry™ Single Rider,0,True
2026-08-25 05:17:18,Islands of Adventure,Camp Jurassic™,0,False
2026-08-25 05:17:18,Islands of Adventure,Jurassic Park Discovery Center,0,False
2026-08-25 05:17:18,Islands of Adventure,Jurassic Park River Adventure,0,False
2026-08-25 05:17:18,Islands of Adventure,Jurassic World VelociCoaster,0,False
2026-08-25 05:17:18,Islands of Adventure,Pteranodon Flyers,0,False
2026-08-25 05:17:18,Islands of Adventure,Skull Island: Reign of Kong,0,False
2026-08-25 05:17:18,Islands of Adventure,Doctor Doom's Fearfall®,0,False
2026-08-25 05:17:18,Islands of Adventure,Doctor Doom's Fearfall® Single Rider,0,False
2026-08-25 05:17:18,Islands of Adventure,Storm Force Accelatron®,0,False
2026-08-25 05:17:18,Islands of Adventure,The Amazing Adventures of Spider-Man®,0,False
2026-08-25 05:17:18,Islands of Adventure,The Incredible Hulk Coaster®,0,False
2026-08-25 05:17:18,Islands of Adventure,The Incredible Hulk Coaster® Single Rider,0,True
2026-08-25 05:17:18,Islands of Adventure,Caro-Seuss-el™,0,False
2026-08-25 05:17:18,Islands of Adventure,If I Ran The Zoo™,0,False
2026-08-25 05:17:18,Islands of Adventure,"One Fish, Two Fish, Red Fish, Blue Fish™",0,False
2026-08-25 05:17:18,Islands of Adventure,The Cat in The Hat™,0,False
2026-08-25 05:17:18,Islands of Adventure,The High in the Sky Seuss Trolley Train Ride!™,0,False
2026-08-25 05:17:18,Islands of Adventure,Flight of the Hippogriff™,0,False
2026-08-25 05:17:18,Islands of Adventure,Hagrid's Magical Creatures Motorbike Adventure™,0,False
2026-08-25 05:17:18,Islands of Adventure,Hagrid's Magical Creatures Motorbike Adventure™ Single Rider,0,True
2026-08-25 05:17:18,Islands of Adventure,Harry Potter and the Forbidden Journey™,0,False
2026-08-25 05:17:18,Islands of Adventure,Harry Potter and the Forbidden Journey™ Single Rider,0,True
2026-08-25 05:17:18,Islands of Adventure,Hogwarts Express™ - Hogsmeade™ Station,0,False
2026-08-25 05:17:18,Islands of Adventure,Ollivanders™ Experience in Hogsmeade™,15,True
2026-08-25 05:17:18,Islands of Adventure,Dudley Do-Right's Ripsaw Falls®,0,False
2026-08-25 05:17:18,Islands of Adventure,"Me Ship, The Olive®",0,False
2026-08-25 05:17:18,Islands of Adventure,Popeye & Bluto's Bilge-Rat Barges®,0,False
2026-08-25 05:17:18,Universal Studios Florida,Trolls Trollercoaster,0,False
2026-08-25 05:17:18,Universal Studios Florida,E.T. Adventure,0,False
2026-08-25 05:17:18,Universal Studios Florida,Despicable Me Minion Mayhem™,0,False
2026-08-25 05:17:18,Universal Studios Florida,Illumination's Villain-Con Minion Blast,0,False
2026-08-25 05:17:18,Universal Studios Florida,Race Through New York Starring Jimmy Fallon™,0,False
2026-08-25 05:17:18,Universal Studios Florida,Revenge of the Mummy™,0,False
2026-08-25 05:17:18,Universal Studios Florida,Revenge of the Mummy™ Single Rider,0,True
2026-08-25 05:17:18,Universal Studios Florida,TRANSFORMERS™ The Ride-3D,0,False
2026-08-25 05:17:18,Universal Studios Florida,Fast & Furious - Supercharged™,0,True
2026-08-25 05:17:18,Universal Studios Florida,Fast & Furious - Supercharged™ Single Rider,0,True
2026-08-25 05:17:18,Universal Studios Florida,Harry Potter and the Escape from Gringotts™,0,False
2026-08-25 05:17:18,Universal Studios Florida,Harry Potter and the Escape from Gringotts™ Single Rider,0,True
2026-08-25 05:17:18,Universal Studios Florida,Hogwarts Express™ - King's Cross Station,0,False
2026-08-25 05:17:18,Universal Studios Florida,Hogwarts™ Express - First Train,0,False
2026-08-25 05:17:18,Universal Studios Florida,Hogwarts™ Express - Last Train,0,False
2026-08-25 05:17:18,Universal Studios Florida,Ollivanders™ Experience in Diagon Alley™,5,True
2026-08-25 05:17:18,Universal Studios Florida,Kang & Kodos' Twirl 'n' Hurl,0,False
2026-08-25 05:17:18,Universal Studios Florida,MEN IN BLACK™ Alien Attack!,0,False
2026-08-25 05:17:18,Universal Studios Florida,MEN IN BLACK™ Alien Attack!™ Single Rider,0,True
2026-08-25 05:17:18,Universal Studios Florida,The Simpsons Ride™,0,False
2026-08-25 05:17:18,Epic Universe,Constellation Carousel,0,False
2026-08-25 05:17:18,Epic Universe,Stardust Racers,0,False
2026-08-25 05:17:18,Epic Universe,Stardust Racers Single Rider,0,False
2026-08-25 05:17:18,Epic Universe,Curse of the Werewolf,0,False
2026-08-25 05:17:18,Epic Universe,Curse of the Werewolf Single Rider,0,True
2026-08-25 05:17:18,Epic Universe,Monsters Unchained: The Frankenstein Experiment,0,False
2026-08-25 05:17:18,Epic Universe,Dragon Racer's Rally,0,False
2026-08-25 05:17:18,Epic Universe,Fyre Drill,0,False
2026-08-25 05:17:18,Epic Universe,Hiccup's Wing Gliders,0,False
2026-08-25 05:17:18,Epic Universe,Meet Toothless and Friends,45,True
2026-08-25 05:17:18,Epic Universe,Bowser Jr. Challenge,0,False
2026-08-25 05:17:18,Epic Universe,Mario Kart™: Bowser's Challenge,0,False
2026-08-25 05:17:18,Epic Universe,Mario Kart™: Bowser's Challenge Single Rider,0,True
2026-08-25 05:17:18,Epic Universe,Mine-Cart Madness™,0,False
2026-08-25 05:17:18,Epic Universe,Mine-Cart Madness™ Single Rider,0,True
2026-08-25 05:17:18,Epic Universe,Yoshi's Adventure™,0,False
2026-08-25 05:17:18,Epic Universe,Harry Potter and the Battle at the Ministry™,0,False
2026-08-25 05:17:18,Epic Universe,Harry Potter and the Battle at the Ministry™ Single Rider,0,True
2026-08-25 05:58:16,Islands of Adventure,Camp Jurassic™,0,False
2026-08-25 05:58:16,Islands of Adventure,Jurassic Park Discovery Center,0,False
2026-08-25 05:58:16,Islands of Adventure,Jurassic Park River Adventure,0,False
2026-08-25 05:58:16,Islands of Adventure,Jurassic World VelociCoaster,0,False
2026-08-25 05:58:16,Islands of Adventure,Pteranodon Flyers,0,False
2026-08-25 05:58:16,Islands of Adventure,Skull Island: Reign of Kong,0,False
2026-08-25 05:58:16,Islands of Adventure,Doctor Doom's Fearfall®,0,False
2026-08-25 05:58:16,Islands of Adventure,Doctor Doom's Fearfall® Single Rider,0,False
2026-08-25 05:58:16,Islands of Adventure,Storm Force Accelatron®,0,False
2026-08-25 05:58:16,Islands of Adventure,The Amazing Adventures of Spider-Man®,0,False
2026-08-25 05:58:16,Islands of Adventure,The Incredible Hulk Coaster®,0,False
2026-08-25 05:58:16,Islands of Adventure,The Incredible Hulk Coaster® Single Rider,0,True
2026-08-25 05:58:16,Islands of Adventure,Caro-Seuss-el™,0,False
2026-08-25 05:58:16,Islands of Adventure,If I Ran The Zoo™,0,False
2026-08-25 05:58:16,Islands of Adventure,"One Fish, Two Fish, Red Fish, Blue Fish™",0,False
2026-08-25 05:58:16,Islands of Adventure,The Cat in The Hat™,0,False
2026-08-25 05:58:16,Islands of Adventure,The High in the Sky Seuss Trolley Train Ride!™,0,False
2026-08-25 05:58:16,Islands of Adventure,Flight of the Hippogriff™,0,False
2026-08-25 05:58:16,Islands of Adventure,Hagrid's Magical Creatures Motorbike Adventure™,0,False
2026-08-25 05:58:16,Islands of Adventure,Hagrid's Magical Creatures Motorbike Adventure™ Single Rider,0,True
2026-08-25 05:58:16,Islands of Adventure,Harry Potter and the Forbidden Journey™,0,False
2026-08-25 05:58:16,Islands of Adventure,Harry Potter and the Forbidden Journey™ Single Rider,0,True
2026-08-25 05:58:16,Islands of Adventure,Hogwarts Express™ - Hogsmeade™ Station,0,False
2026-08-25 05:58:16,Islands of Adventure,Ollivanders™ Experience in Hogsmeade™,15,True
2026-08-25 05:58:16,Islands of Adventure,Dudley Do-Right's Ripsaw Falls®,0,False
2026-08-25 05:58:16,Islands of Adventure,"Me Ship, The Olive®",0,False
2026-08-25 05:58:16,Islands of Adventure,Popeye & Bluto's Bilge-Rat Barges®,0,False
2026-08-25 05:58:16,Universal Studios Florida,Trolls Trollercoaster,0,False
2026-08-25 05:58:16,Universal Studios Florida,E.T. Adventure,0,False
2026-08-25 05:58:16,Universal Studios Florida,Despicable Me Minion Mayhem™,0,False
2026-08-25 05:58:16,Universal Studios Florida,Illumination's Villain-Con Minion Blast,0,False
2026-08-25 05:58:16,Universal Studios Florida,Race Through New York Starring Jimmy Fallon™,0,False
2026-08-25 05:58:16,Universal Studios Florida,Revenge of the Mummy™,0,False
2026-08-25 05:58:16,Universal Studios Florida,Revenge of the Mummy™ Single Rider,0,True
2026-08-25 05:58:16,Universal Studios Florida,TRANSFORMERS™ The Ride-3D,0,False
2026-08-25 05:58:16,Universal Studios Florida,Fast & Furious - Supercharged™,0,True
2026-08-25 05:58:16,Universal Studios Florida,Fast & Furious - Supercharged™ Single Rider,0,True
2026-08-25 05:58:16,Universal Studios Florida,Harry Potter and the Escape from Gringotts™,0,False
2026-08-25 05:58:16,Universal Studios Florida,Harry Potter and the Escape from Gringotts™ Single Rider,0,True
2026-08-25 05:58:16,Universal Studios Florida,Hogwarts Express™ - King's Cross Station,0,False
2026-08-25 05:58:16,Universal Studios Florida,Hogwarts™ Express - First Train,0,False
2026-08-25 05:58:16,Universal Studios Florida,Hogwarts™ Express - Last Train,0,False
2026-08-25 05:58:16,Universal Studios Florida,Ollivanders™ Experience in Diagon Alley™,5,True
2026-08-25 05:58:16,Universal Studios Florida,Kang & Kodos' Twirl 'n' Hurl,0,False
2026-08-25 05:58:16,Universal Studios Florida,MEN IN BLACK™ Alien Attack!,0,False
2026-08-25 05:58:16,Universal Studios Florida,MEN IN BLACK™ Alien Attack!™ Single Rider,0,True
2026-08-25 05:58:16,Universal Studios Florida,The Simpsons Ride™,0,False
2026-08-25 05:58:16,Epic Universe,Constellation Carousel,0,False
2026-08-25 05:58:16,Epic Universe,Stardust Racers,0,False
2026-08-25 05:58:16,Epic Universe,Stardust Racers Single Rider,0,False
2026-08-25 05:58:16,Epic Universe,Curse of the Werewolf,0,False
2026-08-25 05:58:16,Epic Universe,Curse of the Werewolf Single Rider,0,True
2026-08-25 05:58:16,Epic Universe,Monsters Unchained: The Frankenstein Experiment,0,False
2026-08-25 05:58:16,Epic Universe,Dragon Racer's Rally,0,False
2026-08-25 05:58:16,Epic Universe,Fyre Drill,0,False
2026-08-25 05:58:16,Epic Universe,Hiccup's Wing Gliders,0,False
2026-08-25 05:58:16,Epic Universe,Meet Toothless and Friends,45,True
2026-08-25 05:58:16,Epic Universe,Bowser Jr. Challenge,0,False
2026-08-25 05:58:16,Epic Universe,Mario Kart™: Bowser's Challenge,0,False
2026-08-25 05:58:16,Epic Universe,Mario Kart™: Bowser's Challenge Single Rider,0,True
2026-08-25 05:58:16,Epic Universe,Mine-Cart Madness™,0,False
2026-08-25 05:58:16,Epic Universe,Mine-Cart Madness™ Single Rider,0,True
2026-08-25 05:58:16,Epic Universe,Yoshi's Adventure™,0,False
2026-08-25 05:58:16,Epic Universe,Harry Potter and the Battle at the Ministry™,0,False
2026-08-25 05:58:16,Epic Universe,Harry Potter and the Battle at the Ministry™ Single Rider,0,True
2026-08-25 07:00:26,Islands of Adventure,Camp Jurassic™,0,False
2026-08-25 07:00:26,Islands of Adventure,Jurassic Park Discovery Center,0,False
2026-08-25 07:00:26,Islands of Adventure,Jurassic Park River Adventure,0,False
2026-08-25 07:00:26,Islands of Adventure,Jurassic World VelociCoaster,0,False
2026-08-25 07:00:26,Islands of Adventure,Pteranodon Flyers,0,False
2026-08-25 07:00:26,Islands of Adventure,Skull Island: Reign of Kong,0,False
2026-08-25 07:00:26,Islands of Adventure,Doctor Doom's Fearfall®,0,False
2026-08-25 07:00:26,Islands of Adventure,Doctor Doom's Fearfall® Single Rider,0,False
2026-08-25 07:00:26,Islands of Adventure,Storm Force Accelatron®,0,False
2026-08-25 07:00:26,Islands of Adventure,The Amazing Adventures of Spider-Man®,0,False
2026-08-25 07:00:26,Islands of Adventure,The Incredible Hulk Coaster®,0,False
2026-08-25 07:00:26,Islands of Adventure,The Incredible Hulk Coaster® Single Rider,0,True
2026-08-25 07:00:26,Islands of Adventure,Caro-Seuss-el™,0,False
2026-08-25 07:00:26,Islands of Adventure,If I Ran The Zoo™,0,False
2026-08-25 07:00:26,Islands of Adventure,"One Fish, Two Fish, Red Fish, Blue Fish™",0,False
2026-08-25 07:00:26,Islands of Adventure,The Cat in The Hat™,0,False
2026-08-25 07:00:26,Islands of Adventure,The High in the Sky Seuss Trolley Train Ride!™,0,False
2026-08-25 07:00:26,Islands of Adventure,Flight of the Hippogriff™,0,False
2026-08-25 07:00:26,Islands of Adventure,Hagrid's Magical Creatures Motorbike Adventure™,0,False
2026-08-25 07:00:26,Islands of Adventure,Hagrid's Magical Creatures Motorbike Adventure™ Single Rider,0,True
2026-08-25 07:00:26,Islands of Adventure,Harry Potter and the Forbidden Journey™,0,False
2026-08-25 07:00:26,Islands of Adventure,Harry Potter and the Forbidden Journey™ Single Rider,0,True
2026-08-25 07:00:26,Islands of Adventure,Hogwarts Express™ - Hogsmeade™ Station,0,False
2026-08-25 07:00:26,Islands of Adventure,Ollivanders™ Experience in Hogsmeade™,15,True
2026-08-25 07:00:26,Islands of Adventure,Dudley Do-Right's Ripsaw Falls®,0,False
2026-08-25 07:00:26,Islands of Adventure,"Me Ship, The Olive®",0,False
2026-08-25 07:00:26,Islands of Adventure,Popeye & Bluto's Bilge-Rat Barges®,0,False
2026-08-25 07:00:26,Universal Studios Florida,Trolls Trollercoaster,0,False
2026-08-25 07:00:26,Universal Studios Florida,E.T. Adventure,0,False
2026-08-25 07:00:26,Universal Studios Florida,Despicable Me Minion Mayhem™,0,False
2026-08-25 07:00:26,Universal Studios Florida,Illumination's Villain-Con Minion Blast,0,False
2026-08-25 07:00:26,Universal Studios Florida,Race Through New York Starring Jimmy Fallon™,0,False
2026-08-25 07:00:26,Universal Studios Florida,Revenge of the Mummy™,0,False
2026-08-25 07:00:26,Universal Studios Florida,Revenge of the Mummy™ Single Rider,0,True
2026-08-25 07:00:26,Universal Studios Florida,TRANSFORMERS™ The Ride-3D,0,False
2026-08-25 07:00:26,Universal Studios Florida,Fast & Furious - Supercharged™,0,True
2026-08-25 07:00:26,Universal Studios Florida,Fast & Furious - Supercharged™ Single Rider,0,True
2026-08-25 07:00:26,Universal Studios Florida,Harry Potter and the Escape from Gringotts™,0,False
2026-08-25 07:00:26,Universal Studios Florida,Harry Potter and the Escape from Gringotts™ Single Rider,0,True
2026-08-25 07:00:26,Universal Studios Florida,Hogwarts Express™ - King's Cross Station,0,False
2026-08-25 07:00:26,Universal Studios Florida,Hogwarts™ Express - First Train,0,False
2026-08-25 07:00:26,Universal Studios Florida,Hogwarts™ Express - Last Train,0,False
2026-08-25 07:00:26,Universal Studios Florida,Ollivanders™ Experience in Diagon Alley™,5,True
2026-08-25 07:00:26,Universal Studios Florida,Kang & Kodos' Twirl 'n' Hurl,0,False
2026-08-25 07:00:26,Universal Studios Florida,MEN IN BLACK™ Alien Attack!,0,False
2026-08-25 07:00:26,Universal Studios Florida,MEN IN BLACK™ Alien Attack!™ Single Rider,0,True
2026-08-25 07:00:26,Universal Studios Florida,The Simpsons Ride™,0,False
2026-08-25 07:00:26,Epic Universe,Constellation Carousel,0,False
2026-08-25 07:00:26,Epic Universe,Stardust Racers,0,False
2026-08-25 07:00:26,Epic Universe,Stardust Racers Single Rider,0,False
2026-08-25 07:00:26,Epic Universe,Curse of the Werewolf,0,False
2026-08-25 07:00:26,Epic Universe,Curse of the Werewolf Single Rider,0,True
2026-08-25 07:00:26,Epic Universe,Monsters Unchained: The Frankenstein Experiment,0,False
2026-08-25 07:00:26,Epic Universe,Dragon Racer's Rally,0,False
2026-08-25 07:00:26,Epic Universe,Fyre Drill,0,False
2026-08-25 07:00:26,Epic Universe,Hiccup's Wing Gliders,0,False
2026-08-25 07:00:26,Epic Universe,Meet Toothless and Friends,45,True
2026-08-25 07:00:26,Epic Universe,Bowser Jr. Challenge,0,False
2026-08-25 07:00:26,Epic Universe,Mario Kart™: Bowser's Challenge,0,False
2026-08-25 07:00:26,Epic Universe,Mario Kart™: Bowser's Challenge Single Rider,0,True
2026-08-25 07:00:26,Epic Universe,Mine-Cart Madness™,0,False
2026-08-25 07:00:26,Epic Universe,Mine-Cart Madness™ Single Rider,0,True
2026-08-25 07:00:26,Epic Universe,Yoshi's Adventure™,0,False
2026-08-25 07:00:26,Epic Universe,Harry Potter and the Battle at the Ministry™,0,False
2026-08-25 07:00:26,Epic Universe,Harry Potter and the Battle at the Ministry™ Single Rider,0,True
2026-08-25 07:58:12,Islands of Adventure,Camp Jurassic™,0,False
2026-08-25 07:58:12,Islands of Adventure,Jurassic Park Discovery Center,0,False
2026-08-25 07:58:12,Islands of Adventure,Jurassic Park River Adventure,0,False
2026-08-25 07:58:12,Islands of Adventure,Jurassic World VelociCoaster,0,False
2026-08-25 07:58:12,Islands of Adventure,Pteranodon Flyers,0,False
2026-08-25 07:58:12,Islands of Adventure,Skull Island: Reign of Kong,0,False
2026-08-25 07:58:12,Islands of Adventure,Doctor Doom's Fearfall®,0,False
2026-08-25 07:58:12,Islands of Adventure,Doctor Doom's Fearfall® Single Rider,0,False
2026-08-25 07:58:12,Islands of Adventure,Storm Force Accelatron®,0,False
2026-08-25 07:58:12,Islands of Adventure,The Amazing Adventures of Spider-Man®,0,False
2026-08-25 07:58:12,Islands of Adventure,The Incredible Hulk Coaster®,0,False
2026-08-25 07:58:12,Islands of Adventure,The Incredible Hulk Coaster® Single Rider,0,True
2026-08-25 07:58:12,Islands of Adventure,Caro-Seuss-el™,0,False
2026-08-25 07:58:12,Islands of Adventure,If I Ran The Zoo™,0,False
2026-08-25 07:58:12,Islands of Adventure,"One Fish, Two Fish, Red Fish, Blue Fish™",0,False
2026-08-25 07:58:12,Islands of Adventure,The Cat in The Hat™,0,False
2026-08-25 07:58:12,Islands of Adventure,The High in the Sky Seuss Trolley Train Ride!™,0,False
2026-08-25 07:58:12,Islands of Adventure,Flight of the Hippogriff™,0,False
2026-08-25 07:58:12,Islands of Adventure,Hagrid's Magical Creatures Motorbike Adventure™,0,False
2026-08-25 07:58:12,Islands of Adventure,Hagrid's Magical Creatures Motorbike Adventure™ Single Rider,0,True
2026-08-25 07:58:12,Islands of Adventure,Harry Potter and the Forbidden Journey™,0,False
2026-08-25 07:58:12,Islands of Adventure,Harry Potter and the Forbidden Journey™ Single Rider,0,True
2026-08-25 07:58:12,Islands of Adventure,Hogwarts Express™ - Hogsmeade™ Station,0,False
2026-08-25 07:58:12,Islands of Adventure,Ollivanders™ Experience in Hogsmeade™,15,True
2026-08-25 07:58:12,Islands of Adventure,Dudley Do-Right's Ripsaw Falls®,0,False
2026-08-25 07:58:12,Islands of Adventure,"Me Ship, The Olive®",0,False
2026-08-25 07:58:12,Islands of Adventure,Popeye & Bluto's Bilge-Rat Barges®,0,False
2026-08-25 07:58:12,Universal Studios Florida,Trolls Trollercoaster,0,False
2026-08-25 07:58:12,Universal Studios Florida,E.T. Adventure,0,False
2026-08-25 07:58:12,Universal Studios Florida,Despicable Me Minion Mayhem™,0,False
2026-08-25 07:58:12,Universal Studios Florida,Illumination's Villain-Con Minion Blast,0,False
2026-08-25 07:58:12,Universal Studios Florida,Race Through New York Starring Jimmy Fallon™,0,False
2026-08-25 07:58:12,Universal Studios Florida,Revenge of the Mummy™,0,False
2026-08-25 07:58:12,Universal Studios Florida,Revenge of the Mummy™ Single Rider,0,True
2026-08-25 07:58:12,Universal Studios Florida,TRANSFORMERS™ The Ride-3D,0,False
2026-08-25 07:58:12,Universal Studios Florida,Fast & Furious - Supercharged™,0,True
2026-08-25 07:58:12,Universal Studios Florida,Fast & Furious - Supercharged™ Single Rider,0,True
2026-08-25 07:58:12,Universal Studios Florida,Harry Potter and the Escape from Gringotts™,0,False
2026-08-25 07:58:12,Universal Studios Florida,Harry Potter and the Escape from Gringotts™ Single Rider,0,True
2026-08-25 07:58:12,Universal Studios Florida,Hogwarts Express™ - King's Cross Station,0,False
2026-08-25 07:58:12,Universal Studios Florida,Hogwarts™ Express - First Train,0,False
2026-08-25 07:58:12,Universal Studios Florida,Hogwarts™ Express - Last Train,0,False
2026-08-25 07:58:12,Universal Studios Florida,Ollivanders™ Experience in Diagon Alley™,5,True
2026-08-25 07:58:12,Universal Studios Florida,Kang & Kodos' Twirl 'n' Hurl,0,False
2026-08-25 07:58:12,Universal Studios Florida,MEN IN BLACK™ Alien Attack!,0,False
2026-08-25 07:58:12,Universal Studios Florida,MEN IN BLACK™ Alien Attack!™ Single Rider,0,True
2026-08-25 07:58:12,Universal Studios Florida,The Simpsons Ride™,0,False
2026-08-25 07:58:12,Epic Universe,Constellation Carousel,0,False
2026-08-25 07:58:12,Epic Universe,Stardust Racers,0,False
2026-08-25 07:58:12,Epic Universe,Stardust Racers Single Rider,0,False
2026-08-25 07:58:12,Epic Universe,Curse of the Werewolf,0,False
2026-08-25 07:58:12,Epic Universe,Curse of the Werewolf Single Rider,0,True
2026-08-25 07:58:12,Epic Universe,Monsters Unchained: The Frankenstein Experiment,0,False
2026-08-25 07:58:12,Epic Universe,Dragon Racer's Rally,0,False
2026-08-25 07:58:12,Epic Universe,Fyre Drill,0,False
2026-08-25 07:58:12,Epic Universe,Hiccup's Wing Gliders,0,False
2026-08-25 07:58:12,Epic Universe,Meet Toothless and Friends,45,True
2026-08-25 07:58:12,Epic Universe,Bowser Jr. Challenge,0,False
2026-08-25 07:58:12,Epic Universe,Mario Kart™: Bowser's Challenge,0,False
2026-08-25 07:58:12,Epic Universe,Mario Kart™: Bowser's Challenge Single Rider,0,True
2026-08-25 07:58:12,Epic Universe,Mine-Cart Madness™,0,False
2026-08-25 07:58:12,Epic Universe,Mine-Cart Madness™ Single Rider,0,True
2026-08-25 07:58:12,Epic Universe,Yoshi's Adventure™,0,False
2026-08-25 07:58:12,Epic Universe,Harry Potter and the Battle at the Ministry™,0,False
2026-08-25 07:58:12,Epic Universe,Harry Potter and the Battle at the Ministry™ Single Rider,0,True
2026-08-25 08:52:13,Islands of Adventure,Camp Jurassic™,0,False
2026-08-25 08:52:13,Islands of Adventure,Jurassic Park Discovery Center,0,False
2026-08-25 08:52:13,Islands of Adventure,Jurassic Park River Adventure,0,False
2026-08-25 08:52:13,Islands of Adventure,Jurassic World VelociCoaster,0,False
2026-08-25 08:52:13,Islands of Adventure,Pteranodon Flyers,0,False
2026-08-25 08:52:13,Islands of Adventure,Skull Island: Reign of Kong,0,False
2026-08-25 08:52:13,Islands of Adventure,Doctor Doom's Fearfall®,0,False
2026-08-25 08:52:13,Islands of Adventure,Doctor Doom's Fearfall® Single Rider,0,False
2026-08-25 08:52:13,Islands of Adventure,Storm Force Accelatron®,0,False
2026-08-25 08:52:13,Islands of Adventure,The Amazing Adventures of Spider-Man®,0,False
2026-08-25 08:52:13,Islands of Adventure,The Incredible Hulk Coaster®,0,False
2026-08-25 08:52:13,Islands of Adventure,The Incredible Hulk Coaster® Single Rider,0,True
2026-08-25 08:52:13,Islands of Adventure,Caro-Seuss-el™,0,False
2026-08-25 08:52:13,Islands of Adventure,If I Ran The Zoo™,0,False
2026-08-25 08:52:13,Islands of Adventure,"One Fish, Two Fish, Red Fish, Blue Fish™",0,False
2026-08-25 08:52:13,Islands of Adventure,The Cat in The Hat™,0,False
2026-08-25 08:52:13,Islands of Adventure,The High in the Sky Seuss Trolley Train Ride!™,0,False
2026-08-25 08:52:13,Islands of Adventure,Flight of the Hippogriff™,0,False
2026-08-25 08:52:13,Islands of Adventure,Hagrid's Magical Creatures Motorbike Adventure™,0,False
2026-08-25 08:52:13,Islands of Adventure,Hagrid's Magical Creatures Motorbike Adventure™ Single Rider,0,True
2026-08-25 08:52:13,Islands of Adventure,Harry Potter and the Forbidden Journey™,0,False
2026-08-25 08:52:13,Islands of Adventure,Harry Potter and the Forbidden Journey™ Single Rider,0,True
2026-08-25 08:52:13,Islands of Adventure,Hogwarts Express™ - Hogsmeade™ Station,0,False
2026-08-25 08:52:13,Islands of Adventure,Ollivanders™ Experience in Hogsmeade™,15,True
2026-08-25 08:52:13,Islands of Adventure,Dudley Do-Right's Ripsaw Falls®,0,False
2026-08-25 08:52:13,Islands of Adventure,"Me Ship, The Olive®",0,False
2026-08-25 08:52:13,Islands of Adventure,Popeye & Bluto's Bilge-Rat Barges®,0,False
2026-08-25 08:52:13,Universal Studios Florida,Trolls Trollercoaster,0,False
2026-08-25 08:52:13,Universal Studios Florida,E.T. Adventure,0,False
2026-08-25 08:52:13,Universal Studios Florida,Despicable Me Minion Mayhem™,0,False
2026-08-25 08:52:13,Universal Studios Florida,Illumination's Villain-Con Minion Blast,0,False
2026-08-25 08:52:13,Universal Studios Florida,Race Through New York Starring Jimmy Fallon™,0,False
2026-08-25 08:52:13,Universal Studios Florida,Revenge of the Mummy™,0,False
2026-08-25 08:52:13,Universal Studios Florida,Revenge of the Mummy™ Single Rider,0,True
2026-08-25 08:52:13,Universal Studios Florida,TRANSFORMERS™ The Ride-3D,0,False
2026-08-25 08:52:13,Universal Studios Florida,Fast & Furious - Supercharged™,0,True
2026-08-25 08:52:13,Universal Studios Florida,Fast & Furious - Supercharged™ Single Rider,0,True
2026-08-25 08:52:13,Universal Studios Florida,Harry Potter and the Escape from Gringotts™,0,False
2026-08-25 08:52:13,Universal Studios Florida,Harry Potter and the Escape from Gringotts™ Single Rider,0,True
2026-08-25 08:52:13,Universal Studios Florida,Hogwarts Express™ - King's Cross Station,0,False
2026-08-25 08:52:13,Universal Studios Florida,Hogwarts™ Express - First Train,0,False
2026-08-25 08:52:13,Universal Studios Florida,Hogwarts™ Express - Last Train,0,False
2026-08-25 08:52:13,Universal Studios Florida,Ollivanders™ Experience in Diagon Alley™,5,True
2026-08-25 08:52:13,Universal Studios Florida,Kang & Kodos' Twirl 'n' Hurl,0,False
2026-08-25 08:52:13,Universal Studios Florida,MEN IN BLACK™ Alien Attack!,0,False
2026-08-25 08:52:13,Universal Studios Florida,MEN IN BLACK™ Alien Attack!™ Single Rider,0,True
2026-08-25 08:52:13,Universal Studios Florida,The Simpsons Ride™,0,False
2026-08-25 08:52:13,Epic Universe,Constellation Carousel,0,False
2026-08-25 08:52:13,Epic Universe,Stardust Racers,0,False
2026-08-25 08:52:13,Epic Universe,Stardust Racers Single Rider,0,False
2026-08-25 08:52:13,Epic Universe,Curse of the Werewolf,0,False
2026-08-25 08:52:13,Epic Universe,Curse of the Werewolf Single Rider,0,True
2026-08-25 08:52:13,Epic Universe,Monsters Unchained: The Frankenstein Experiment,0,False
2026-08-25 08:52:13,Epic Universe,Dragon Racer's Rally,0,False
2026-08-25 08:52:13,Epic Universe,Fyre Drill,0,False
2026-08-25 08:52:13,Epic Universe,Hiccup's Wing Gliders,0,False
2026-08-25 08:52:13,Epic Universe,Meet Toothless and Friends,45,True
2026-08-25 08:52:13,Epic Universe,Bowser Jr. Challenge,0,False
2026-08-25 08:52:13,Epic Universe,Mario Kart™: Bowser's Challenge,0,False
2026-08-25 08:52:13,Epic Universe,Mario Kart™: Bowser's Challenge Single Rider,0,True
2026-08-25 08:52:13,Epic Universe,Mine-Cart Madness™,0,False
2026-08-25 08:52:13,Epic Universe,Mine-Cart Madness™ Single Rider,0,True
2026-08-25 08:52:13,Epic Universe,Yoshi's Adventure™,0,False
2026-08-25 08:52:13,Epic Universe,Harry Potter and the Battle at the Ministry™,0,False
2026-08-25 08:52:13,Epic Universe,Harry Potter and the Battle at the Ministry™ Single Rider,0,True
2026-08-25 09:36:02,Islands of Adventure,Camp Jurassic™,0,False
2026-08-25 09:36:02,Islands of Adventure,Jurassic Park Discovery Center,0,False
2026-08-25 09:36:02,Islands of Adventure,Jurassic Park River Adventure,0,False
2026-08-25 09:36:02,Islands of Adventure,Jurassic World VelociCoaster,0,False
2026-08-25 09:36:02,Islands of Adventure,Pteranodon Flyers,0,False
2026-08-25 09:36:02,Islands of Adventure,Skull Island: Reign of Kong,0,False
2026-08-25 09:36:02,Islands of Adventure,Doctor Doom's Fearfall®,0,False
2026-08-25 09:36:02,Islands of Adventure,Doctor Doom's Fearfall® Single Rider,0,False
2026-08-25 09:36:02,Islands of Adventure,Storm Force Accelatron®,0,False
2026-08-25 09:36:02,Islands of Adventure,The Amazing Adventures of Spider-Man®,0,False
2026-08-25 09:36:02,Islands of Adventure,The Incredible Hulk Coaster®,0,False
2026-08-25 09:36:02,Islands of Adventure,The Incredible Hulk Coaster® Single Rider,0,True
2026-08-25 09:36:02,Islands of Adventure,Caro-Seuss-el™,0,False
2026-08-25 09:36:02,Islands of Adventure,If I Ran The Zoo™,0,False
2026-08-25 09:36:02,Islands of Adventure,"One Fish, Two Fish, Red Fish, Blue Fish™",0,False
2026-08-25 09:36:02,Islands of Adventure,The Cat in The Hat™,0,False
2026-08-25 09:36:02,Islands of Adventure,The High in the Sky Seuss Trolley Train Ride!™,0,False
2026-08-25 09:36:02,Islands of Adventure,Flight of the Hippogriff™,0,False
2026-08-25 09:36:02,Islands of Adventure,Hagrid's Magical Creatures Motorbike Adventure™,0,False
2026-08-25 09:36:02,Islands of Adventure,Hagrid's Magical Creatures Motorbike Adventure™ Single Rider,0,True
2026-08-25 09:36:02,Islands of Adventure,Harry Potter and the Forbidden Journey™,0,False
2026-08-25 09:36:02,Islands of Adventure,Harry Potter and the Forbidden Journey™ Single Rider,0,True
2026-08-25 09:36:02,Islands of Adventure,Hogwarts Express™ - Hogsmeade™ Station,0,False
2026-08-25 09:36:02,Islands of Adventure,Ollivanders™ Experience in Hogsmeade™,15,True
2026-08-25 09:36:02,Islands of Adventure,Dudley Do-Right's Ripsaw Falls®,0,False
2026-08-25 09:36:02,Islands of Adventure,"Me Ship, The Olive®",0,False
2026-08-25 09:36:02,Islands of Adventure,Popeye & Bluto's Bilge-Rat Barges®,0,False
2026-08-25 09:36:02,Universal Studios Florida,Trolls Trollercoaster,0,False
2026-08-25 09:36:02,Universal Studios Florida,E.T. Adventure,0,False
2026-08-25 09:36:02,Universal Studios Florida,Despicable Me Minion Mayhem™,0,False
2026-08-25 09:36:02,Universal Studios Florida,Illumination's Villain-Con Minion Blast,0,False
2026-08-25 09:36:02,Universal Studios Florida,Race Through New York Starring Jimmy Fallon™,0,False
2026-08-25 09:36:02,Universal Studios Florida,Revenge of the Mummy™,0,False
2026-08-25 09:36:02,Universal Studios Florida,Revenge of the Mummy™ Single Rider,0,True
2026-08-25 09:36:02,Universal Studios Florida,TRANSFORMERS™ The Ride-3D,0,False
2026-08-25 09:36:02,Universal Studios Florida,Fast & Furious - Supercharged™,0,True
2026-08-25 09:36:02,Universal Studios Florida,Fast & Furious - Supercharged™ Single Rider,0,True
2026-08-25 09:36:02,Universal Studios Florida,Harry Potter and the Escape from Gringotts™,0,False
2026-08-25 09:36:02,Universal Studios Florida,Harry Potter and the Escape from Gringotts™ Single Rider,0,True
2026-08-25 09:36:02,Universal Studios Florida,Hogwarts Express™ - King's Cross Station,0,False
2026-08-25 09:36:02,Universal Studios Florida,Hogwarts™ Express - First Train,0,False
2026-08-25 09:36:02,Universal Studios Florida,Hogwarts™ Express - Last Train,0,False
2026-08-25 09:36:02,Universal Studios Florida,Ollivanders™ Experience in Diagon Alley™,5,True
2026-08-25 09:36:02,Universal Studios Florida,Kang & Kodos' Twirl 'n' Hurl,0,False
2026-08-25 09:36:02,Universal Studios Florida,MEN IN BLACK™ Alien Attack!,0,False
2026-08-25 09:36:02,Universal Studios Florida,MEN IN BLACK™ Alien Attack!™ Single Rider,0,True
2026-08-25 09:36:02,Universal Studios Florida,The Simpsons Ride™,0,False
2026-08-25 09:36:02,Epic Universe,Constellation Carousel,0,False
2026-08-25 09:36:02,Epic Universe,Stardust Racers,0,False
2026-08-25 09:36:02,Epic Universe,Stardust Racers Single Rider,0,False
2026-08-25 09:36:02,Epic Universe,Curse of the Werewolf,0,False
2026-08-25 09:36:02,Epic Universe,Curse of the Werewolf Single Rider,0,True
2026-08-25 09:36:02,Epic Universe,Monsters Unchained: The Frankenstein Experiment,0,False
2026-08-25 09:36:02,Epic Universe,Dragon Racer's Rally,0,False
2026-08-25 09:36:02,Epic Universe,Fyre Drill,0,False
2026-08-25 09:36:02,Epic Universe,Hiccup's Wing Gliders,0,False
2026-08-25 09:36:02,Epic Universe,Meet Toothless and Friends,45,True
2026-08-25 09:36:02,Epic Universe,Bowser Jr. Challenge,0,False
2026-08-25 09:36:02,Epic Universe,Mario Kart™: Bowser's Challenge,0,False
2026-08-25 09:36:02,Epic Universe,Mario Kart™: Bowser's Challenge Single Rider,0,True
2026-08-25 09:36:02,Epic Universe,Mine-Cart Madness™,0,False
2026-08-25 09:36:02,Epic Universe,Mine-Cart Madness™ Single Rider,0,True
2026-08-25 09:36:02,Epic Universe,Yoshi's Adventure™,0,False
2026-08-25 09:36:02,Epic Universe,Harry Potter and the Battle at the Ministry™,0,False
2026-08-25 09:36:02,Epic Universe,Harry Potter and the Battle at the Ministry™ Single Rider,0,True
2026-08-25 10:12:26,Islands of Adventure,Camp Jurassic™,0,False
2026-08-25 10:12:26,Islands of Adventure,Jurassic Park Discovery Center,0,False
2026-08-25 10:12:26,Islands of Adventure,Jurassic Park River Adventure,0,False
2026-08-25 10:12:26,Islands of Adventure,Jurassic World VelociCoaster,0,False
2026-08-25 10:12:26,Islands of Adventure,Pteranodon Flyers,0,False
2026-08-25 10:12:26,Islands of Adventure,Skull Island: Reign of Kong,0,False
2026-08-25 10:12:26,Islands of Adventure,Doctor Doom's Fearfall®,0,False
2026-08-25 10:12:26,Islands of Adventure,Doctor Doom's Fearfall® Single Rider,0,False
2026-08-25 10:12:26,Islands of Adventure,Storm Force Accelatron®,0,False
2026-08-25 10:12:26,Islands of Adventure,The Amazing Adventures of Spider-Man®,0,False
2026-08-25 10:12:26,Islands of Adventure,The Incredible Hulk Coaster®,0,False
2026-08-25 10:12:26,Islands of Adventure,The Incredible Hulk Coaster® Single Rider,0,True
2026-08-25 10:12:26,Islands of Adventure,Caro-Seuss-el™,0,False
2026-08-25 10:12:26,Islands of Adventure,If I Ran The Zoo™,0,False
2026-08-25 10:12:26,Islands of Adventure,"One Fish, Two Fish, Red Fish, Blue Fish™",0,False
2026-08-25 10:12:26,Islands of Adventure,The Cat in The Hat™,0,False
2026-08-25 10:12:26,Islands of Adventure,The High in the Sky Seuss Trolley Train Ride!™,0,False
2026-08-25 10:12:26,Islands of Adventure,Flight of the Hippogriff™,0,False
2026-08-25 10:12:26,Islands of Adventure,Hagrid's Magical Creatures Motorbike Adventure™,0,False
2026-08-25 10:12:26,Islands of Adventure,Hagrid's Magical Creatures Motorbike Adventure™ Single Rider,0,True
2026-08-25 10:12:26,Islands of Adventure,Harry Potter and the Forbidden Journey™,0,False
2026-08-25 10:12:26,Islands of Adventure,Harry Potter and the Forbidden Journey™ Single Rider,0,True
2026-08-25 10:12:26,Islands of Adventure,Hogwarts Express™ - Hogsmeade™ Station,0,False
2026-08-25 10:12:26,Islands of Adventure,Ollivanders™ Experience in Hogsmeade™,15,True
2026-08-25 10:12:26,Islands of Adventure,Dudley Do-Right's Ripsaw Falls®,0,False
2026-08-25 10:12:26,Islands of Adventure,"Me Ship, The Olive®",0,False
2026-08-25 10:12:26,Islands of Adventure,Popeye & Bluto's Bilge-Rat Barges®,0,False
2026-08-25 10:12:26,Universal Studios Florida,Trolls Trollercoaster,0,False
2026-08-25 10:12:26,Universal Studios Florida,E.T. Adventure,0,False
2026-08-25 10:12:26,Universal Studios Florida,Despicable Me Minion Mayhem™,0,False
2026-08-25 10:12:26,Universal Studios Florida,Illumination's Villain-Con Minion Blast,0,False
2026-08-25 10:12:26,Universal Studios Florida,Race Through New York Starring Jimmy Fallon™,0,False
2026-08-25 10:12:26,Universal Studios Florida,Revenge of the Mummy™,0,False
2026-08-25 10:12:26,Universal Studios Florida,Revenge of the Mummy™ Single Rider,0,True
2026-08-25 10:12:26,Universal Studios Florida,TRANSFORMERS™ The Ride-3D,0,False
2026-08-25 10:12:26,Universal Studios Florida,Fast & Furious - Supercharged™,0,True
2026-08-25 10:12:26,Universal Studios Florida,Fast & Furious - Supercharged™ Single Rider,0,True
2026-08-25 10:12:26,Universal Studios Florida,Harry Potter and the Escape from Gringotts™,0,False
2026-08-25 10:12:26,Universal Studios Florida,Harry Potter and the Escape from Gringotts™ Single Rider,0,True
2026-08-25 10:12:26,Universal Studios Florida,Hogwarts Express™ - King's Cross Station,0,False
2026-08-25 10:12:26,Universal Studios Florida,Hogwarts™ Express - First Train,0,False
2026-08-25 10:12:26,Universal Studios Florida,Hogwarts™ Express - Last Train,0,False
2026-08-25 10:12:26,Universal Studios Florida,Ollivanders™ Experience in Diagon Alley™,5,True
2026-08-25 10:12:26,Universal Studios Florida,Kang & Kodos' Twirl 'n' Hurl,0,False
2026-08-25 10:12:26,Universal Studios Florida,MEN IN BLACK™ Alien Attack!,0,False
2026-08-25 10:12:26,Universal Studios Florida,MEN IN BLACK™ Alien Attack!™ Single Rider,0,True
2026-08-25 10:12:26,Universal Studios Florida,The Simpsons Ride™,0,False
2026-08-25 10:12:26,Epic Universe,Constellation Carousel,0,False
2026-08-25 10:12:26,Epic Universe,Stardust Racers,0,False
2026-08-25 10:12:26,Epic Universe,Stardust Racers Single Rider,0,False
2026-08-25 10:12:26,Epic Universe,Curse of the Werewolf,0,False
2026-08-25 10:12:26,Epic Universe,Curse of the Werewolf Single Rider,0,True
2026-08-25 10:12:26,Epic Universe,Monsters Unchained: The Frankenstein Experiment,0,False
2026-08-25 10:12:26,Epic Universe,Dragon Racer's Rally,0,False
2026-08-25 10:12:26,Epic Universe,Fyre Drill,0,False
2026-08-25 10:12:26,Epic Universe,Hiccup's Wing Gliders,0,False
2026-08-25 10:12:26,Epic Universe,Meet Toothless and Friends,45,True
2026-08-25 10:12:26,Epic Universe,Bowser Jr. Challenge,0,False
2026-08-25 10:12:26,Epic Universe,Mario Kart™: Bowser's Challenge,0,False
2026-08-25 10:12:26,Epic Universe,Mario Kart™: Bowser's Challenge Single Rider,0,True
2026-08-25 10:12:26,Epic Universe,Mine-Cart Madness™,0,False
2026-08-25 10:12:26,Epic Universe,Mine-Cart Madness™ Single Rider,0,True
2026-08-25 10:12:26,Epic Universe,Yoshi's Adventure™,0,False
2026-08-25 10:12:26,Epic Universe,Harry Potter and the Battle at the Ministry™,0,False
2026-08-25 10:12:26,Epic Universe,Harry Potter and the Battle at the Ministry™ Single Rider,0,True
2026-08-25 10:51:23,Islands of Adventure,Camp Jurassic™,0,False
2026-08-25 10:51:23,Islands of Adventure,Jurassic Park Discovery Center,0,False
2026-08-25 10:51:23,Islands of Adventure,Jurassic Park River Adventure,0,False
2026-08-25 10:51:23,Islands of Adventure,Jurassic World VelociCoaster,0,False
2026-08-25 10:51:23,Islands of Adventure,Pteranodon Flyers,0,False
2026-08-25 10:51:23,Islands of Adventure,Skull Island: Reign of Kong,0,False
2026-08-25 10:51:23,Islands of Adventure,Doctor Doom's Fearfall®,0,False
2026-08-25 10:51:23,Islands of Adventure,Doctor Doom's Fearfall® Single Rider,0,False
2026-08-25 10:51:23,Islands of Adventure,Storm Force Accelatron®,0,False
2026-08-25 10:51:23,Islands of Adventure,The Amazing Adventures of Spider-Man®,0,False
2026-08-25 10:51:23,Islands of Adventure,The Incredible Hulk Coaster®,0,False
2026-08-25 10:51:23,Islands of Adventure,The Incredible Hulk Coaster® Single Rider,0,True
2026-08-25 10:51:23,Islands of Adventure,Caro-Seuss-el™,0,False
2026-08-25 10:51:23,Islands of Adventure,If I Ran The Zoo™,0,False
2026-08-25 10:51:23,Islands of Adventure,"One Fish, Two Fish, Red Fish, Blue Fish™",0,False
2026-08-25 10:51:23,Islands of Adventure,The Cat in The Hat™,0,False
2026-08-25 10:51:23,Islands of Adventure,The High in the Sky Seuss Trolley Train Ride!™,0,False
2026-08-25 10:51:23,Islands of Adventure,Flight of the Hippogriff™,0,False
2026-08-25 10:51:23,Islands of Adventure,Hagrid's Magical Creatures Motorbike Adventure™,0,False
2026-08-25 10:51:23,Islands of Adventure,Hagrid's Magical Creatures Motorbike Adventure™ Single Rider,0,True
2026-08-25 10:51:23,Islands of Adventure,Harry Potter and the Forbidden Journey™,0,False
2026-08-25 10:51:23,Islands of Adventure,Harry Potter and the Forbidden Journey™ Single Rider,0,True
2026-08-25 10:51:23,Islands of Adventure,Hogwarts Express™ - Hogsmeade™ Station,0,False
2026-08-25 10:51:23,Islands of Adventure,Ollivanders™ Experience in Hogsmeade™,15,True
2026-08-25 10:51:23,Islands of Adventure,Dudley Do-Right's Ripsaw Falls®,0,False
2026-08-25 10:51:23,Islands of Adventure,"Me Ship, The Olive®",0,False
2026-08-25 10:51:23,Islands of Adventure,Popeye & Bluto's Bilge-Rat Barges®,0,False
2026-08-25 10:51:23,Universal Studios Florida,Trolls Trollercoaster,0,False
2026-08-25 10:51:23,Universal Studios Florida,E.T. Adventure,0,False
2026-08-25 10:51:23,Universal Studios Florida,Despicable Me Minion Mayhem™,0,False
2026-08-25 10:51:23,Universal Studios Florida,Illumination's Villain-Con Minion Blast,0,False
2026-08-25 10:51:23,Universal Studios Florida,Race Through New York Starring Jimmy Fallon™,0,False
2026-08-25 10:51:23,Universal Studios Florida,Revenge of the Mummy™,0,False
2026-08-25 10:51:23,Universal Studios Florida,Revenge of the Mummy™ Single Rider,0,True
2026-08-25 10:51:23,Universal Studios Florida,TRANSFORMERS™ The Ride-3D,0,False
2026-08-25 10:51:23,Universal Studios Florida,Fast & Furious - Supercharged™,0,True
2026-08-25 10:51:23,Universal Studios Florida,Fast & Furious - Supercharged™ Single Rider,0,True
2026-08-25 10:51:23,Universal Studios Florida,Harry Potter and the Escape from Gringotts™,0,False
2026-08-25 10:51:23,Universal Studios Florida,Harry Potter and the Escape from Gringotts™ Single Rider,0,True
2026-08-25 10:51:23,Universal Studios Florida,Hogwarts Express™ - King's Cross Station,0,False
2026-08-25 10:51:23,Universal Studios Florida,Hogwarts™ Express - First Train,0,False
2026-08-25 10:51:23,Universal Studios Florida,Hogwarts™ Express - Last Train,0,False
2026-08-25 10:51:23,Universal Studios Florida,Ollivanders™ Experience in Diagon Alley™,5,True
2026-08-25 10:51:23,Universal Studios Florida,Kang & Kodos' Twirl 'n' Hurl,0,False
2026-08-25 10:51:23,Universal Studios Florida,MEN IN BLACK™ Alien Attack!,0,False
2026-08-25 10:51:23,Universal Studios Florida,MEN IN BLACK™ Alien Attack!™ Single Rider,0,True
2026-08-25 10:51:23,Universal Studios Florida,The Simpsons Ride™,0,False
2026-08-25 10:51:23,Epic Universe,Constellation Carousel,0,False
2026-08-25 10:51:23,Epic Universe,Stardust Racers,0,False
2026-08-25 10:51:23,Epic Universe,Stardust Racers Single Rider,0,False
2026-08-25 10:51:23,Epic Universe,Curse of the Werewolf,0,False
2026-08-25 10:51:23,Epic Universe,Curse of the Werewolf Single Rider,0,True
2026-08-25 10:51:23,Epic Universe,Monsters Unchained: The Frankenstein Experiment,0,False
2026-08-25 10:51:23,Epic Universe,Dragon Racer's Rally,0,False
2026-08-25 10:51:23,Epic Universe,Fyre Drill,0,False
2026-08-25 10:51:23,Epic Universe,Hiccup's Wing Gliders,0,False
2026-08-25 10:51:23,Epic Universe,Meet Toothless and Friends,45,True
2026-08-25 10:51:23,Epic Universe,Bowser Jr. Challenge,0,False
2026-08-25 10:51:23,Epic Universe,Mario Kart™: Bowser's Challenge,0,False
2026-08-25 10:51:23,Epic Universe,Mario Kart™: Bowser's Challenge Single Rider,0,True
2026-08-25 10:51:23,Epic Universe,Mine-Cart Madness™,0,False
2026-08-25 10:51:23,Epic Universe,Mine-Cart Madness™ Single Rider,0,True
2026-08-25 10:51:23,Epic Universe,Yoshi's Adventure™,0,False
2026-08-25 10:51:23,Epic Universe,Harry Potter and the Battle at the Ministry™,0,False
2026-08-25 10:51:23,Epic Universe,Harry Potter and the Battle at the Ministry™ Single Rider,0,True
2026-08-25 11:28:27,Islands of Adventure,Camp Jurassic™,0,False
2026-08-25 11:28:27,Islands of Adventure,Jurassic Park Discovery Center,0,False
2026-08-25 11:28:27,Islands of Adventure,Jurassic Park River Adventure,0,False
2026-08-25 11:28:27,Islands of Adventure,Jurassic World VelociCoaster,0,False
2026-08-25 11:28:27,Islands of Adventure,Pteranodon Flyers,0,False
2026-08-25 11:28:27,Islands of Adventure,Skull Island: Reign of Kong,0,False
2026-08-25 11:28:27,Islands of Adventure,Doctor Doom's Fearfall®,0,False
2026-08-25 11:28:27,Islands of Adventure,Doctor Doom's Fearfall® Single Rider,0,False
2026-08-25 11:28:27,Islands of Adventure,Storm Force Accelatron®,0,False
2026-08-25 11:28:27,Islands of Adventure,The Amazing Adventures of Spider-Man®,0,False
2026-08-25 11:28:27,Islands of Adventure,The Incredible Hulk Coaster®,0,False
2026-08-25 11:28:27,Islands of Adventure,The Incredible Hulk Coaster® Single Rider,0,True
2026-08-25 11:28:27,Islands of Adventure,Caro-Seuss-el™,0,False
2026-08-25 11:28:27,Islands of Adventure,If I Ran The Zoo™,0,False
2026-08-25 11:28:27,Islands of Adventure,"One Fish, Two Fish, Red Fish, Blue Fish™",0,False
2026-08-25 11:28:27,Islands of Adventure,The Cat in The Hat™,0,False
2026-08-25 11:28:27,Islands of Adventure,The High in the Sky Seuss Trolley Train Ride!™,0,False
2026-08-25 11:28:27,Islands of Adventure,Flight of the Hippogriff™,0,False
2026-08-25 11:28:27,Islands of Adventure,Hagrid's Magical Creatures Motorbike Adventure™,0,False
2026-08-25 11:28:27,Islands of Adventure,Hagrid's Magical Creatures Motorbike Adventure™ Single Rider,0,True
2026-08-25 11:28:27,Islands of Adventure,Harry Potter and the Forbidden Journey™,0,False
2026-08-25 11:28:27,Islands of Adventure,Harry Potter and the Forbidden Journey™ Single Rider,0,True
2026-08-25 11:28:27,Islands of Adventure,Hogwarts Express™ - Hogsmeade™ Station,0,False
2026-08-25 11:28:27,Islands of Adventure,Ollivanders™ Experience in Hogsmeade™,15,True
2026-08-25 11:28:27,Islands of Adventure,Dudley Do-Right's Ripsaw Falls®,0,False
2026-08-25 11:28:27,Islands of Adventure,"Me Ship, The Olive®",0,False
2026-08-25 11:28:27,Islands of Adventure,Popeye & Bluto's Bilge-Rat Barges®,0,False
2026-08-25 11:28:27,Universal Studios Florida,Trolls Trollercoaster,0,False
2026-08-25 11:28:27,Universal Studios Florida,E.T. Adventure,0,False
2026-08-25 11:28:27,Universal Studios Florida,Despicable Me Minion Mayhem™,0,False
2026-08-25 11:28:27,Universal Studios Florida,Illumination's Villain-Con Minion Blast,0,False
2026-08-25 11:28:27,Universal Studios Florida,Race Through New York Starring Jimmy Fallon™,0,False
2026-08-25 11:28:27,Universal Studios Florida,Revenge of the Mummy™,0,False
2026-08-25 11:28:27,Universal Studios Florida,Revenge of the Mummy™ Single Rider,0,True
2026-08-25 11:28:27,Universal Studios Florida,TRANSFORMERS™ The Ride-3D,0,False
2026-08-25 11:28:27,Universal Studios Florida,Fast & Furious - Supercharged™,0,True
2026-08-25 11:28:27,Universal Studios Florida,Fast & Furious - Supercharged™ Single Rider,0,True
2026-08-25 11:28:27,Universal Studios Florida,Harry Potter and the Escape from Gringotts™,0,False
2026-08-25 11:28:27,Universal Studios Florida,Harry Potter and the Escape from Gringotts™ Single Rider,0,True
2026-08-25 11:28:27,Universal Studios Florida,Hogwarts Express™ - King's Cross Station,0,False
2026-08-25 11:28:27,Universal Studios Florida,Hogwarts™ Express - First Train,0,False
2026-08-25 11:28:27,Universal Studios Florida,Hogwarts™ Express - Last Train,0,False
2026-08-25 11:28:27,Universal Studios Florida,Ollivanders™ Experience in Diagon Alley™,5,True
2026-08-25 11:28:27,Universal Studios Florida,Kang & Kodos' Twirl 'n' Hurl,0,False
2026-08-25 11:28:27,Universal Studios Florida,MEN IN BLACK™ Alien Attack!,0,False
2026-08-25 11:28:27,Universal Studios Florida,MEN IN BLACK™ Alien Attack!™ Single Rider,0,True
2026-08-25 11:28:27,Universal Studios Florida,The Simpsons Ride™,0,False
2026-08-25 11:28:27,Epic Universe,Constellation Carousel,0,False
2026-08-25 11:28:27,Epic Universe,Stardust Racers,0,False
2026-08-25 11:28:27,Epic Universe,Stardust Racers Single Rider,0,False
2026-08-25 11:28:27,Epic Universe,Curse of the Werewolf,0,False
2026-08-25 11:28:27,Epic Universe,Curse of the Werewolf Single Rider,0,True
2026-08-25 11:28:27,Epic Universe,Monsters Unchained: The Frankenstein Experiment,0,False
2026-08-25 11:28:27,Epic Universe,Dragon Racer's Rally,0,False
2026-08-25 11:28:27,Epic Universe,Fyre Drill,0,False
2026-08-25 11:28:27,Epic Universe,Hiccup's Wing Gliders,0,False
2026-08-25 11:28:27,Epic Universe,Meet Toothless and Friends,45,True
2026-08-25 11:28:27,Epic Universe,Bowser Jr. Challenge,0,False
2026-08-25 11:28:27,Epic Universe,Mario Kart™: Bowser's Challenge,0,False
2026-08-25 11:28:27,Epic Universe,Mario Kart™: Bowser's Challenge Single Rider,0,True
2026-08-25 11:28:27,Epic Universe,Mine-Cart Madness™,0,False
2026-08-25 11:28:27,Epic Universe,Mine-Cart Madness™ Single Rider,0,True
2026-08-25 11:28:27,Epic Universe,Yoshi's Adventure™,0,False
2026-08-25 11:28:27,Epic Universe,Harry Potter and the Battle at the Ministry™,0,False
2026-08-25 11:28:27,Epic Universe,Harry Potter and the Battle at the Ministry™ Single Rider,0,True
2026-08-25 11:57:06,Islands of Adventure,Camp Jurassic™,0,False
2026-08-25 11:57:06,Islands of Adventure,Jurassic Park Discovery Center,0,False
2026-08-25 11:57:06,Islands of Adventure,Jurassic Park River Adventure,0,False
2026-08-25 11:57:06,Islands of Adventure,Jurassic World VelociCoaster,0,False
2026-08-25 11:57:06,Islands of Adventure,Pteranodon Flyers,0,False
2026-08-25 11:57:06,Islands of Adventure,Skull Island: Reign of Kong,0,False
2026-08-25 11:57:06,Islands of Adventure,Doctor Doom's Fearfall®,0,False
2026-08-25 11:57:06,Islands of Adventure,Doctor Doom's Fearfall® Single Rider,0,False
2026-08-25 11:57:06,Islands of Adventure,Storm Force Accelatron®,0,False
2026-08-25 11:57:06,Islands of Adventure,The Amazing Adventures of Spider-Man®,0,False
2026-08-25 11:57:06,Islands of Adventure,The Incredible Hulk Coaster®,0,False
2026-08-25 11:57:06,Islands of Adventure,The Incredible Hulk Coaster® Single Rider,0,True
2026-08-25 11:57:06,Islands of Adventure,Caro-Seuss-el™,0,False
2026-08-25 11:57:06,Islands of Adventure,If I Ran The Zoo™,0,False
2026-08-25 11:57:06,Islands of Adventure,"One Fish, Two Fish, Red Fish, Blue Fish™",0,False
2026-08-25 11:57:06,Islands of Adventure,The Cat in The Hat™,0,False
2026-08-25 11:57:06,Islands of Adventure,The High in the Sky Seuss Trolley Train Ride!™,0,False
2026-08-25 11:57:06,Islands of Adventure,Flight of the Hippogriff™,0,False
2026-08-25 11:57:06,Islands of Adventure,Hagrid's Magical Creatures Motorbike Adventure™,0,False
2026-08-25 11:57:06,Islands of Adventure,Hagrid's Magical Creatures Motorbike Adventure™ Single Rider,0,True
2026-08-25 11:57:06,Islands of Adventure,Harry Potter and the Forbidden Journey™,0,False
2026-08-25 11:57:06,Islands of Adventure,Harry Potter and the Forbidden Journey™ Single Rider,0,True
2026-08-25 11:57:06,Islands of Adventure,Hogwarts Express™ - Hogsmeade™ Station,0,False
2026-08-25 11:57:06,Islands of Adventure,Ollivanders™ Experience in Hogsmeade™,15,True
2026-08-25 11:57:06,Islands of Adventure,Dudley Do-Right's Ripsaw Falls®,0,False
2026-08-25 11:57:06,Islands of Adventure,"Me Ship, The Olive®",0,False
2026-08-25 11:57:06,Islands of Adventure,Popeye & Bluto's Bilge-Rat Barges®,0,False
2026-08-25 11:57:06,Universal Studios Florida,Trolls Trollercoaster,0,False
2026-08-25 11:57:06,Universal Studios Florida,E.T. Adventure,0,False
2026-08-25 11:57:06,Universal Studios Florida,Despicable Me Minion Mayhem™,0,False
2026-08-25 11:57:06,Universal Studios Florida,Illumination's Villain-Con Minion Blast,0,False
2026-08-25 11:57:06,Universal Studios Florida,Race Through New York Starring Jimmy Fallon™,0,False
2026-08-25 11:57:06,Universal Studios Florida,Revenge of the Mummy™,0,False
2026-08-25 11:57:06,Universal Studios Florida,Revenge of the Mummy™ Single Rider,0,True
2026-08-25 11:57:06,Universal Studios Florida,TRANSFORMERS™ The Ride-3D,0,False
2026-08-25 11:57:06,Universal Studios Florida,Fast & Furious - Supercharged™,0,True
2026-08-25 11:57:06,Universal Studios Florida,Fast & Furious - Supercharged™ Single Rider,0,True
2026-08-25 11:57:06,Universal Studios Florida,Harry Potter and the Escape from Gringotts™,0,False
2026-08-25 11:57:06,Universal Studios Florida,Harry Potter and the Escape from Gringotts™ Single Rider,0,True
2026-08-25 11:57:06,Universal Studios Florida,Hogwarts Express™ - King's Cross Station,0,False
2026-08-25 11:57:06,Universal Studios Florida,Hogwarts™ Express - First Train,0,False
2026-08-25 11:57:06,Universal Studios Florida,Hogwarts™ Express - Last Train,0,False
2026-08-25 11:57:06,Universal Studios Florida,Ollivanders™ Experience in Diagon Alley™,5,True
2026-08-25 11:57:06,Universal Studios Florida,Kang & Kodos' Twirl 'n' Hurl,0,False
2026-08-25 11:57:06,Universal Studios Florida,MEN IN BLACK™ Alien Attack!,0,False
2026-08-25 11:57:06,Universal Studios Florida,MEN IN BLACK™ Alien Attack!™ Single Rider,0,True
2026-08-25 11:57:06,Universal Studios Florida,The Simpsons Ride™,0,False
2026-08-25 11:57:06,Epic Universe,Constellation Carousel,0,False
2026-08-25 11:57:06,Epic Universe,Stardust Racers,0,False
2026-08-25 11:57:06,Epic Universe,Stardust Racers Single Rider,0,False
2026-08-25 11:57:06,Epic Universe,Curse of the Werewolf,0,False
2026-08-25 11:57:06,Epic Universe,Curse of the Werewolf Single Rider,0,True
2026-08-25 11:57:06,Epic Universe,Monsters Unchained: The Frankenstein Experiment,0,False
2026-08-25 11:57:06,Epic Universe,Dragon Racer's Rally,0,False
2026-08-25 11:57:06,Epic Universe,Fyre Drill,0,False
2026-08-25 11:57:06,Epic Universe,Hiccup's Wing Gliders,0,False
2026-08-25 11:57:06,Epic Universe,Meet Toothless and Friends,45,True
2026-08-25 11:57:06,Epic Universe,Bowser Jr. Challenge,0,False
2026-08-25 11:57:06,Epic Universe,Mario Kart™: Bowser's Challenge,0,False
2026-08-25 11:57:06,Epic Universe,Mario Kart™: Bowser's Challenge Single Rider,0,True
2026-08-25 11:57:06,Epic Universe,Mine-Cart Madness™,0,False
2026-08-25 11:57:06,Epic Universe,Mine-Cart Madness™ Single Rider,0,True
2026-08-25 11:57:06,Epic Universe,Yoshi's Adventure™,5,True
2026-08-25 11:57:06,Epic Universe,Harry Potter and the Battle at the Ministry™,0,False
2026-08-25 11:57:06,Epic Universe,Harry Potter and the Battle at the Ministry™ Single Rider,0,True
2026-08-25 12:58:08,Islands of Adventure,Camp Jurassic™,0,False
2026-08-25 12:58:08,Islands of Adventure,Jurassic Park Discovery Center,0,False
2026-08-25 12:58:08,Islands of Adventure,Jurassic Park River Adventure,0,False
2026-08-25 12:58:08,Islands of Adventure,Jurassic World VelociCoaster,15,True
2026-08-25 12:58:08,Islands of Adventure,Pteranodon Flyers,5,True
2026-08-25 12:58:08,Islands of Adventure,Skull Island: Reign of Kong,5,True
2026-08-25 12:58:08,Islands of Adventure,Doctor Doom's Fearfall®,0,False
2026-08-25 12:58:08,Islands of Adventure,Doctor Doom's Fearfall® Single Rider,0,False
2026-08-25 12:58:08,Islands of Adventure,Storm Force Accelatron®,5,True
2026-08-25 12:58:08,Islands of Adventure,The Amazing Adventures of Spider-Man®,0,False
2026-08-25 12:58:08,Islands of Adventure,The Incredible Hulk Coaster®,5,True
2026-08-25 12:58:08,Islands of Adventure,The Incredible Hulk Coaster® Single Rider,0,True
2026-08-25 12:58:08,Islands of Adventure,Caro-Seuss-el™,0,False
2026-08-25 12:58:08,Islands of Adventure,If I Ran The Zoo™,0,False
2026-08-25 12:58:08,Islands of Adventure,"One Fish, Two Fish, Red Fish, Blue Fish™",0,False
2026-08-25 12:58:08,Islands of Adventure,The Cat in The Hat™,0,False
2026-08-25 12:58:08,Islands of Adventure,The High in the Sky Seuss Trolley Train Ride!™,5,True
2026-08-25 12:58:08,Islands of Adventure,Flight of the Hippogriff™,10,True
2026-08-25 12:58:08,Islands of Adventure,Hagrid's Magical Creatures Motorbike Adventure™,75,True
2026-08-25 12:58:08,Islands of Adventure,Hagrid's Magical Creatures Motorbike Adventure™ Single Rider,0,True
2026-08-25 12:58:08,Islands of Adventure,Harry Potter and the Forbidden Journey™,10,True
2026-08-25 12:58:08,Islands of Adventure,Harry Potter and the Forbidden Journey™ Single Rider,0,True
2026-08-25 12:58:08,Islands of Adventure,Hogwarts Express™ - Hogsmeade™ Station,0,False
2026-08-25 12:58:08,Islands of Adventure,Ollivanders™ Experience in Hogsmeade™,10,True
2026-08-25 12:58:08,Islands of Adventure,Dudley Do-Right's Ripsaw Falls®,0,False
2026-08-25 12:58:08,Islands of Adventure,"Me Ship, The Olive®",0,False
2026-08-25 12:58:08,Islands of Adventure,Popeye & Bluto's Bilge-Rat Barges®,0,False
2026-08-25 12:58:08,Universal Studios Florida,Trolls Trollercoaster,0,False
2026-08-25 12:58:08,Universal Studios Florida,E.T. Adventure,0,False
2026-08-25 12:58:08,Universal Studios Florida,Despicable Me Minion Mayhem™,10,True
2026-08-25 12:58:08,Universal Studios Florida,Illumination's Villain-Con Minion Blast,5,True
2026-08-25 12:58:08,Universal Studios Florida,Race Through New York Starring Jimmy Fallon™,0,False
2026-08-25 12:58:08,Universal Studios Florida,Revenge of the Mummy™,15,True
2026-08-25 12:58:08,Universal Studios Florida,Revenge of the Mummy™ Single Rider,0,True
2026-08-25 12:58:08,Universal Studios Florida,TRANSFORMERS™ The Ride-3D,5,True
2026-08-25 12:58:08,Universal Studios Florida,Fast & Furious - Supercharged™,0,True
2026-08-25 12:58:08,Universal Studios Florida,Fast & Furious - Supercharged™ Single Rider,0,True
2026-08-25 12:58:08,Universal Studios Florida,Harry Potter and the Escape from Gringotts™,0,False
2026-08-25 12:58:08,Universal Studios Florida,Harry Potter and the Escape from Gringotts™ Single Rider,0,True
2026-08-25 12:58:08,Universal Studios Florida,Hogwarts Express™ - King's Cross Station,0,False
2026-08-25 12:58:08,Universal Studios Florida,Hogwarts™ Express - First Train,0,False
2026-08-25 12:58:08,Universal Studios Florida,Hogwarts™ Express - Last Train,0,False
2026-08-25 12:58:08,Universal Studios Florida,Ollivanders™ Experience in Diagon Alley™,5,True
2026-08-25 12:58:08,Universal Studios Florida,Kang & Kodos' Twirl 'n' Hurl,0,False
2026-08-25 12:58:08,Universal Studios Florida,MEN IN BLACK™ Alien Attack!,10,True
2026-08-25 12:58:08,Universal Studios Florida,MEN IN BLACK™ Alien Attack!™ Single Rider,0,True
2026-08-25 12:58:08,Universal Studios Florida,The Simpsons Ride™,10,True
2026-08-25 12:58:08,Epic Universe,Constellation Carousel,0,False
2026-08-25 12:58:08,Epic Universe,Stardust Racers,15,True
2026-08-25 12:58:08,Epic Universe,Stardust Racers Single Rider,0,False
2026-08-25 12:58:08,Epic Universe,Curse of the Werewolf,5,True
2026-08-25 12:58:08,Epic Universe,Curse of the Werewolf Single Rider,0,True
2026-08-25 12:58:08,Epic Universe,Monsters Unchained: The Frankenstein Experiment,0,False
2026-08-25 12:58:08,Epic Universe,Dragon Racer's Rally,15,True
2026-08-25 12:58:08,Epic Universe,Fyre Drill,0,False
2026-08-25 12:58:08,Epic Universe,Hiccup's Wing Gliders,5,True
2026-08-25 12:58:08,Epic Universe,Meet Toothless and Friends,30,True
2026-08-25 12:58:08,Epic Universe,Bowser Jr. Challenge,5,True
2026-08-25 12:58:08,Epic Universe,Mario Kart™: Bowser's Challenge,30,True
2026-08-25 12:58:08,Epic Universe,Mario Kart™: Bowser's Challenge Single Rider,0,True
2026-08-25 12:58:08,Epic Universe,Mine-Cart Madness™,0,False
2026-08-25 12:58:08,Epic Universe,Mine-Cart Madness™ Single Rider,0,True
2026-08-25 12:58:08,Epic Universe,Yoshi's Adventure™,5,True
2026-08-25 12:58:08,Epic Universe,Harry Potter and the Battle at the Ministry™,35,True
2026-08-25 12:58:08,Epic Universe,Harry Potter and the Battle at the Ministry™ Single Rider,0,True
2026-08-25 13:55:33,Islands of Adventure,Camp Jurassic™,0,False
2026-08-25 13:55:33,Islands of Adventure,Jurassic Park Discovery Center,0,False
2026-08-25 13:55:33,Islands of Adventure,Jurassic Park River Adventure,0,False
2026-08-25 13:55:33,Islands of Adventure,Jurassic World VelociCoaster,15,True
2026-08-25 13:55:33,Islands of Adventure,Pteranodon Flyers,5,True
2026-08-25 13:55:33,Islands of Adventure,Skull Island: Reign of Kong,5,True
2026-08-25 13:55:33,Islands of Adventure,Doctor Doom's Fearfall®,10,True
2026-08-25 13:55:33,Islands of Adventure,Doctor Doom's Fearfall® Single Rider,0,True
2026-08-25 13:55:33,Islands of Adventure,Storm Force Accelatron®,5,True
2026-08-25 13:55:33,Islands of Adventure,The Amazing Adventures of Spider-Man®,20,True
2026-08-25 13:55:33,Islands of Adventure,The Incredible Hulk Coaster®,10,True
2026-08-25 13:55:33,Islands of Adventure,The Incredible Hulk Coaster® Single Rider,0,True
2026-08-25 13:55:33,Islands of Adventure,Caro-Seuss-el™,5,True
2026-08-25 13:55:33,Islands of Adventure,If I Ran The Zoo™,0,False
2026-08-25 13:55:33,Islands of Adventure,"One Fish, Two Fish, Red Fish, Blue Fish™",5,True
2026-08-25 13:55:33,Islands of Adventure,The Cat in The Hat™,5,True
2026-08-25 13:55:33,Islands of Adventure,The High in the Sky Seuss Trolley Train Ride!™,5,True
2026-08-25 13:55:33,Islands of Adventure,Flight of the Hippogriff™,10,True
2026-08-25 13:55:33,Islands of Adventure,Hagrid's Magical Creatures Motorbike Adventure™,45,True
2026-08-25 13:55:33,Islands of Adventure,Hagrid's Magical Creatures Motorbike Adventure™ Single Rider,0,True
2026-08-25 13:55:33,Islands of Adventure,Harry Potter and the Forbidden Journey™,10,True
2026-08-25 13:55:33,Islands of Adventure,Harry Potter and the Forbidden Journey™ Single Rider,0,True
2026-08-25 13:55:33,Islands of Adventure,Hogwarts Express™ - Hogsmeade™ Station,10,True
2026-08-25 13:55:33,Islands of Adventure,Ollivanders™ Experience in Hogsmeade™,10,True
2026-08-25 13:55:33,Islands of Adventure,Dudley Do-Right's Ripsaw Falls®,10,True
2026-08-25 13:55:33,Islands of Adventure,"Me Ship, The Olive®",0,False
2026-08-25 13:55:33,Islands of Adventure,Popeye & Bluto's Bilge-Rat Barges®,0,False
2026-08-25 13:55:33,Universal Studios Florida,Trolls Trollercoaster,5,True
2026-08-25 13:55:33,Universal Studios Florida,E.T. Adventure,15,True
2026-08-25 13:55:33,Universal Studios Florida,Despicable Me Minion Mayhem™,40,True
2026-08-25 13:55:33,Universal Studios Florida,Illumination's Villain-Con Minion Blast,5,True
2026-08-25 13:55:33,Universal Studios Florida,Race Through New York Starring Jimmy Fallon™,10,True
2026-08-25 13:55:33,Universal Studios Florida,Revenge of the Mummy™,15,True
2026-08-25 13:55:33,Universal Studios Florida,Revenge of the Mummy™ Single Rider,0,True
2026-08-25 13:55:33,Universal Studios Florida,TRANSFORMERS™ The Ride-3D,5,True
2026-08-25 13:55:33,Universal Studios Florida,Fast & Furious - Supercharged™,0,True
2026-08-25 13:55:33,Universal Studios Florida,Fast & Furious - Supercharged™ Single Rider,0,True
2026-08-25 13:55:33,Universal Studios Florida,Harry Potter and the Escape from Gringotts™,15,True
2026-08-25 13:55:33,Universal Studios Florida,Harry Potter and the Escape from Gringotts™ Single Rider,0,True
2026-08-25 13:55:33,Universal Studios Florida,Hogwarts Express™ - King's Cross Station,10,True
2026-08-25 13:55:33,Universal Studios Florida,Hogwarts™ Express - First Train,0,False
2026-08-25 13:55:33,Universal Studios Florida,Hogwarts™ Express - Last Train,0,False
2026-08-25 13:55:33,Universal Studios Florida,Ollivanders™ Experience in Diagon Alley™,5,True
2026-08-25 13:55:33,Universal Studios Florida,Kang & Kodos' Twirl 'n' Hurl,5,True
2026-08-25 13:55:33,Universal Studios Florida,MEN IN BLACK™ Alien Attack!,10,True
2026-08-25 13:55:33,Universal Studios Florida,MEN IN BLACK™ Alien Attack!™ Single Rider,0,True
2026-08-25 13:55:33,Universal Studios Florida,The Simpsons Ride™,15,True
2026-08-25 13:55:33,Epic Universe,Constellation Carousel,0,False
2026-08-25 13:55:33,Epic Universe,Stardust Racers,15,True
2026-08-25 13:55:33,Epic Universe,Stardust Racers Single Rider,0,False
2026-08-25 13:55:33,Epic Universe,Curse of the Werewolf,35,True
2026-08-25 13:55:33,Epic Universe,Curse of the Werewolf Single Rider,0,True
2026-08-25 13:55:33,Epic Universe,Monsters Unchained: The Frankenstein Experiment,0,False
2026-08-25 13:55:33,Epic Universe,Dragon Racer's Rally,55,True
2026-08-25 13:55:33,Epic Universe,Fyre Drill,25,True
2026-08-25 13:55:33,Epic Universe,Hiccup's Wing Gliders,15,True
2026-08-25 13:55:33,Epic Universe,Meet Toothless and Friends,60,True
2026-08-25 13:55:33,Epic Universe,Bowser Jr. Challenge,5,True
2026-08-25 13:55:33,Epic Universe,Mario Kart™: Bowser's Challenge,55,True
2026-08-25 13:55:33,Epic Universe,Mario Kart™: Bowser's Challenge Single Rider,0,True
2026-08-25 13:55:33,Epic Universe,Mine-Cart Madness™,0,False
2026-08-25 13:55:33,Epic Universe,Mine-Cart Madness™ Single Rider,0,True
2026-08-25 13:55:33,Epic Universe,Yoshi's Adventure™,25,True
2026-08-25 13:55:33,Epic Universe,Harry Potter and the Battle at the Ministry™,60,True
2026-08-25 13:55:33,Epic Universe,Harry Potter and the Battle at the Ministry™ Single Rider,0,True
2026-08-25 14:47:24,Islands of Adventure,Camp Jurassic™,0,False
2026-08-25 14:47:24,Islands of Adventure,Jurassic Park Discovery Center,0,False
2026-08-25 14:47:24,Islands of Adventure,Jurassic Park River Adventure,0,False
2026-08-25 14:47:24,Islands of Adventure,Jurassic World VelociCoaster,15,True
2026-08-25 14:47:24,Islands of Adventure,Pteranodon Flyers,15,True
2026-08-25 14:47:24,Islands of Adventure,Skull Island: Reign of Kong,5,True
2026-08-25 14:47:24,Islands of Adventure,Doctor Doom's Fearfall®,45,True
2026-08-25 14:47:24,Islands of Adventure,Doctor Doom's Fearfall® Single Rider,0,True
2026-08-25 14:47:24,Islands of Adventure,Storm Force Accelatron®,5,True
2026-08-25 14:47:24,Islands of Adventure,The Amazing Adventures of Spider-Man®,25,True
2026-08-25 14:47:24,Islands of Adventure,The Incredible Hulk Coaster®,5,True
2026-08-25 14:47:24,Islands of Adventure,The Incredible Hulk Coaster® Single Rider,0,True
2026-08-25 14:47:24,Islands of Adventure,Caro-Seuss-el™,5,True
2026-08-25 14:47:24,Islands of Adventure,If I Ran The Zoo™,0,False
2026-08-25 14:47:24,Islands of Adventure,"One Fish, Two Fish, Red Fish, Blue Fish™",5,True
2026-08-25 14:47:24,Islands of Adventure,The Cat in The Hat™,5,True
2026-08-25 14:47:24,Islands of Adventure,The High in the Sky Seuss Trolley Train Ride!™,5,True
2026-08-25 14:47:24,Islands of Adventure,Flight of the Hippogriff™,10,True
2026-08-25 14:47:24,Islands of Adventure,Hagrid's Magical Creatures Motorbike Adventure™,45,True
2026-08-25 14:47:24,Islands of Adventure,Hagrid's Magical Creatures Motorbike Adventure™ Single Rider,0,True
2026-08-25 14:47:24,Islands of Adventure,Harry Potter and the Forbidden Journey™,10,True
2026-08-25 14:47:24,Islands of Adventure,Harry Potter and the Forbidden Journey™ Single Rider,0,True
2026-08-25 14:47:24,Islands of Adventure,Hogwarts Express™ - Hogsmeade™ Station,10,True
2026-08-25 14:47:24,Islands of Adventure,Ollivanders™ Experience in Hogsmeade™,10,True
2026-08-25 14:47:24,Islands of Adventure,Dudley Do-Right's Ripsaw Falls®,10,True
2026-08-25 14:47:24,Islands of Adventure,"Me Ship, The Olive®",0,False
2026-08-25 14:47:24,Islands of Adventure,Popeye & Bluto's Bilge-Rat Barges®,10,True
2026-08-25 14:47:24,Universal Studios Florida,Trolls Trollercoaster,5,True
2026-08-25 14:47:24,Universal Studios Florida,E.T. Adventure,15,True
2026-08-25 14:47:24,Universal Studios Florida,Despicable Me Minion Mayhem™,30,True
2026-08-25 14:47:24,Universal Studios Florida,Illumination's Villain-Con Minion Blast,5,True
2026-08-25 14:47:24,Universal Studios Florida,Race Through New York Starring Jimmy Fallon™,35,True
2026-08-25 14:47:24,Universal Studios Florida,Revenge of the Mummy™,35,True
2026-08-25 14:47:24,Universal Studios Florida,Revenge of the Mummy™ Single Rider,0,True
2026-08-25 14:47:24,Universal Studios Florida,TRANSFORMERS™ The Ride-3D,25,True
2026-08-25 14:47:24,Universal Studios Florida,Fast & Furious - Supercharged™,0,True
2026-08-25 14:47:24,Universal Studios Florida,Fast & Furious - Supercharged™ Single Rider,0,True
2026-08-25 14:47:24,Universal Studios Florida,Harry Potter and the Escape from Gringotts™,15,True
2026-08-25 14:47:24,Universal Studios Florida,Harry Potter and the Escape from Gringotts™ Single Rider,0,True
2026-08-25 14:47:24,Universal Studios Florida,Hogwarts Express™ - King's Cross Station,10,True
2026-08-25 14:47:24,Universal Studios Florida,Hogwarts™ Express - First Train,0,False
2026-08-25 14:47:24,Universal Studios Florida,Hogwarts™ Express - Last Train,0,False
2026-08-25 14:47:24,Universal Studios Florida,Ollivanders™ Experience in Diagon Alley™,5,True
2026-08-25 14:47:24,Universal Studios Florida,Kang & Kodos' Twirl 'n' Hurl,5,True
2026-08-25 14:47:24,Universal Studios Florida,MEN IN BLACK™ Alien Attack!,10,True
2026-08-25 14:47:24,Universal Studios Florida,MEN IN BLACK™ Alien Attack!™ Single Rider,0,True
2026-08-25 14:47:24,Universal Studios Florida,The Simpsons Ride™,15,True
2026-08-25 14:47:24,Epic Universe,Constellation Carousel,20,True
2026-08-25 14:47:24,Epic Universe,Stardust Racers,25,True
2026-08-25 14:47:24,Epic Universe,Stardust Racers Single Rider,0,False
2026-08-25 14:47:24,Epic Universe,Curse of the Werewolf,25,True
2026-08-25 14:47:24,Epic Universe,Curse of the Werewolf Single Rider,0,True
2026-08-25 14:47:24,Epic Universe,Monsters Unchained: The Frankenstein Experiment,0,False
2026-08-25 14:47:24,Epic Universe,Dragon Racer's Rally,40,True
2026-08-25 14:47:24,Epic Universe,Fyre Drill,45,True
2026-08-25 14:47:24,Epic Universe,Hiccup's Wing Gliders,35,True
2026-08-25 14:47:24,Epic Universe,Meet Toothless and Friends,70,True
2026-08-25 14:47:24,Epic Universe,Bowser Jr. Challenge,5,True
2026-08-25 14:47:24,Epic Universe,Mario Kart™: Bowser's Challenge,50,True
2026-08-25 14:47:24,Epic Universe,Mario Kart™: Bowser's Challenge Single Rider,0,True
2026-08-25 14:47:24,Epic Universe,Mine-Cart Madness™,0,False
2026-08-25 14:47:24,Epic Universe,Mine-Cart Madness™ Single Rider,0,True
2026-08-25 14:47:24,Epic Universe,Yoshi's Adventure™,40,True
2026-08-25 14:47:24,Epic Universe,Harry Potter and the Battle at the Ministry™,75,True
2026-08-25 14:47:24,Epic Universe,Harry Potter and the Battle at the Ministry™ Single Rider,0,True
2026-08-25 15:42:27,Islands of Adventure,Camp Jurassic™,0,False
2026-08-25 15:42:27,Islands of Adventure,Jurassic Park Discovery Center,0,False
2026-08-25 15:42:27,Islands of Adventure,Jurassic Park River Adventure,0,False
2026-08-25 15:42:27,Islands of Adventure,Jurassic World VelociCoaster,25,True
2026-08-25 15:42:27,Islands of Adventure,Pteranodon Flyers,30,True
2026-08-25 15:42:27,Islands of Adventure,Skull Island: Reign of Kong,15,True
2026-08-25 15:42:27,Islands of Adventure,Doctor Doom's Fearfall®,30,True
2026-08-25 15:42:27,Islands of Adventure,Doctor Doom's Fearfall® Single Rider,0,True
2026-08-25 15:42:27,Islands of Adventure,Storm Force Accelatron®,5,True
2026-08-25 15:42:27,Islands of Adventure,The Amazing Adventures of Spider-Man®,25,True
2026-08-25 15:42:27,Islands of Adventure,The Incredible Hulk Coaster®,5,True
2026-08-25 15:42:27,Islands of Adventure,The Incredible Hulk Coaster® Single Rider,0,True
2026-08-25 15:42:27,Islands of Adventure,Caro-Seuss-el™,5,True
2026-08-25 15:42:27,Islands of Adventure,If I Ran The Zoo™,0,False
2026-08-25 15:42:27,Islands of Adventure,"One Fish, Two Fish, Red Fish, Blue Fish™",10,True
2026-08-25 15:42:27,Islands of Adventure,The Cat in The Hat™,5,True
2026-08-25 15:42:27,Islands of Adventure,The High in the Sky Seuss Trolley Train Ride!™,5,True
2026-08-25 15:42:27,Islands of Adventure,Flight of the Hippogriff™,10,True
2026-08-25 15:42:27,Islands of Adventure,Hagrid's Magical Creatures Motorbike Adventure™,45,True
2026-08-25 15:42:27,Islands of Adventure,Hagrid's Magical Creatures Motorbike Adventure™ Single Rider,0,True
2026-08-25 15:42:27,Islands of Adventure,Harry Potter and the Forbidden Journey™,10,True
2026-08-25 15:42:27,Islands of Adventure,Harry Potter and the Forbidden Journey™ Single Rider,0,True
2026-08-25 15:42:27,Islands of Adventure,Hogwarts Express™ - Hogsmeade™ Station,10,True
2026-08-25 15:42:27,Islands of Adventure,Ollivanders™ Experience in Hogsmeade™,15,True
2026-08-25 15:42:27,Islands of Adventure,Dudley Do-Right's Ripsaw Falls®,25,True
2026-08-25 15:42:27,Islands of Adventure,"Me Ship, The Olive®",0,False
2026-08-25 15:42:27,Islands of Adventure,Popeye & Bluto's Bilge-Rat Barges®,10,True
2026-08-25 15:42:27,Universal Studios Florida,Trolls Trollercoaster,5,True
2026-08-25 15:42:27,Universal Studios Florida,E.T. Adventure,50,True
2026-08-25 15:42:27,Universal Studios Florida,Despicable Me Minion Mayhem™,45,True
2026-08-25 15:42:27,Universal Studios Florida,Illumination's Villain-Con Minion Blast,5,True
2026-08-25 15:42:27,Universal Studios Florida,Race Through New York Starring Jimmy Fallon™,35,True
2026-08-25 15:42:27,Universal Studios Florida,Revenge of the Mummy™,20,True
2026-08-25 15:42:27,Universal Studios Florida,Revenge of the Mummy™ Single Rider,0,True
2026-08-25 15:42:27,Universal Studios Florida,TRANSFORMERS™ The Ride-3D,30,True
2026-08-25 15:42:27,Universal Studios Florida,Fast & Furious - Supercharged™,0,True
2026-08-25 15:42:27,Universal Studios Florida,Fast & Furious - Supercharged™ Single Rider,0,True
2026-08-25 15:42:27,Universal Studios Florida,Harry Potter and the Escape from Gringotts™,25,True
2026-08-25 15:42:27,Universal Studios Florida,Harry Potter and the Escape from Gringotts™ Single Rider,0,True
2026-08-25 15:42:27,Universal Studios Florida,Hogwarts Express™ - King's Cross Station,10,True
2026-08-25 15:42:27,Universal Studios Florida,Hogwarts™ Express - First Train,0,False
2026-08-25 15:42:27,Universal Studios Florida,Hogwarts™ Express - Last Train,0,False
2026-08-25 15:42:27,Universal Studios Florida,Ollivanders™ Experience in Diagon Alley™,5,True
2026-08-25 15:42:27,Universal Studios Florida,Kang & Kodos' Twirl 'n' Hurl,5,True
2026-08-25 15:42:27,Universal Studios Florida,MEN IN BLACK™ Alien Attack!,10,True
2026-08-25 15:42:27,Universal Studios Florida,MEN IN BLACK™ Alien Attack!™ Single Rider,0,True
2026-08-25 15:42:27,Universal Studios Florida,The Simpsons Ride™,35,True
2026-08-25 15:42:27,Epic Universe,Constellation Carousel,5,True
2026-08-25 15:42:27,Epic Universe,Stardust Racers,25,True
2026-08-25 15:42:27,Epic Universe,Stardust Racers Single Rider,0,False
2026-08-25 15:42:27,Epic Universe,Curse of the Werewolf,35,True
2026-08-25 15:42:27,Epic Universe,Curse of the Werewolf Single Rider,0,True
2026-08-25 15:42:27,Epic Universe,Monsters Unchained: The Frankenstein Experiment,0,False
2026-08-25 15:42:27,Epic Universe,Dragon Racer's Rally,25,True
2026-08-25 15:42:27,Epic Universe,Fyre Drill,45,True
2026-08-25 15:42:27,Epic Universe,Hiccup's Wing Gliders,45,True
2026-08-25 15:42:27,Epic Universe,Meet Toothless and Friends,70,True
2026-08-25 15:42:27,Epic Universe,Bowser Jr. Challenge,5,True
2026-08-25 15:42:27,Epic Universe,Mario Kart™: Bowser's Challenge,60,True
2026-08-25 15:42:27,Epic Universe,Mario Kart™: Bowser's Challenge Single Rider,0,True
2026-08-25 15:42:27,Epic Universe,Mine-Cart Madness™,95,True
2026-08-25 15:42:27,Epic Universe,Mine-Cart Madness™ Single Rider,0,True
2026-08-25 15:42:27,Epic Universe,Yoshi's Adventure™,40,True
2026-08-25 15:42:27,Epic Universe,Harry Potter and the Battle at the Ministry™,55,True
2026-08-25 15:42:27,Epic Universe,Harry Potter and the Battle at the Ministry™ Single Rider,0,True
2026-08-25 16:18:51,Islands of Adventure,Camp Jurassic™,0,False
2026-08-25 16:18:51,Islands of Adventure,Jurassic Park Discovery Center,0,False
2026-08-25 16:18:51,Islands of Adventure,Jurassic Park River Adventure,0,False
2026-08-25 16:18:51,Islands of Adventure,Jurassic World VelociCoaster,25,True
2026-08-25 16:18:51,Islands of Adventure,Pteranodon Flyers,30,True
2026-08-25 16:18:51,Islands of Adventure,Skull Island: Reign of Kong,15,True
2026-08-25 16:18:51,Islands of Adventure,Doctor Doom's Fearfall®,20,True
2026-08-25 16:18:51,Islands of Adventure,Doctor Doom's Fearfall® Single Rider,0,True
2026-08-25 16:18:51,Islands of Adventure,Storm Force Accelatron®,5,True
2026-08-25 16:18:51,Islands of Adventure,The Amazing Adventures of Spider-Man®,25,True
2026-08-25 16:18:51,Islands of Adventure,The Incredible Hulk Coaster®,10,True
2026-08-25 16:18:51,Islands of Adventure,The Incredible Hulk Coaster® Single Rider,0,True
2026-08-25 16:18:51,Islands of Adventure,Caro-Seuss-el™,5,True
2026-08-25 16:18:51,Islands of Adventure,If I Ran The Zoo™,0,False
2026-08-25 16:18:51,Islands of Adventure,"One Fish, Two Fish, Red Fish, Blue Fish™",10,True
2026-08-25 16:18:51,Islands of Adventure,The Cat in The Hat™,5,True
2026-08-25 16:18:51,Islands of Adventure,The High in the Sky Seuss Trolley Train Ride!™,5,True
2026-08-25 16:18:51,Islands of Adventure,Flight of the Hippogriff™,15,True
2026-08-25 16:18:51,Islands of Adventure,Hagrid's Magical Creatures Motorbike Adventure™,45,True
2026-08-25 16:18:51,Islands of Adventure,Hagrid's Magical Creatures Motorbike Adventure™ Single Rider,0,True
2026-08-25 16:18:51,Islands of Adventure,Harry Potter and the Forbidden Journey™,10,True
2026-08-25 16:18:51,Islands of Adventure,Harry Potter and the Forbidden Journey™ Single Rider,0,True
2026-08-25 16:18:51,Islands of Adventure,Hogwarts Express™ - Hogsmeade™ Station,10,True
2026-08-25 16:18:51,Islands of Adventure,Ollivanders™ Experience in Hogsmeade™,15,True
2026-08-25 16:18:51,Islands of Adventure,Dudley Do-Right's Ripsaw Falls®,45,True
2026-08-25 16:18:51,Islands of Adventure,"Me Ship, The Olive®",0,False
2026-08-25 16:18:51,Islands of Adventure,Popeye & Bluto's Bilge-Rat Barges®,10,True
2026-08-25 16:18:51,Universal Studios Florida,Trolls Trollercoaster,10,True
2026-08-25 16:18:51,Universal Studios Florida,E.T. Adventure,50,True
2026-08-25 16:18:51,Universal Studios Florida,Despicable Me Minion Mayhem™,25,True
2026-08-25 16:18:51,Universal Studios Florida,Illumination's Villain-Con Minion Blast,5,True
2026-08-25 16:18:51,Universal Studios Florida,Race Through New York Starring Jimmy Fallon™,45,True
2026-08-25 16:18:51,Universal Studios Florida,Revenge of the Mummy™,20,True
2026-08-25 16:18:51,Universal Studios Florida,Revenge of the Mummy™ Single Rider,0,True
2026-08-25 16:18:51,Universal Studios Florida,TRANSFORMERS™ The Ride-3D,30,True
2026-08-25 16:18:51,Universal Studios Florida,Fast & Furious - Supercharged™,0,True
2026-08-25 16:18:51,Universal Studios Florida,Fast & Furious - Supercharged™ Single Rider,0,True
2026-08-25 16:18:51,Universal Studios Florida,Harry Potter and the Escape from Gringotts™,30,True
2026-08-25 16:18:51,Universal Studios Florida,Harry Potter and the Escape from Gringotts™ Single Rider,0,True
2026-08-25 16:18:51,Universal Studios Florida,Hogwarts Express™ - King's Cross Station,10,True
2026-08-25 16:18:51,Universal Studios Florida,Hogwarts™ Express - First Train,0,False
2026-08-25 16:18:51,Universal Studios Florida,Hogwarts™ Express - Last Train,0,False
2026-08-25 16:18:51,Universal Studios Florida,Ollivanders™ Experience in Diagon Alley™,5,True
2026-08-25 16:18:51,Universal Studios Florida,Kang & Kodos' Twirl 'n' Hurl,20,True
2026-08-25 16:18:51,Universal Studios Florida,MEN IN BLACK™ Alien Attack!,10,True
2026-08-25 16:18:51,Universal Studios Florida,MEN IN BLACK™ Alien Attack!™ Single Rider,0,True
2026-08-25 16:18:51,Universal Studios Florida,The Simpsons Ride™,35,True
2026-08-25 16:18:51,Epic Universe,Constellation Carousel,10,True
2026-08-25 16:18:51,Epic Universe,Stardust Racers,15,True
2026-08-25 16:18:51,Epic Universe,Stardust Racers Single Rider,0,False
2026-08-25 16:18:51,Epic Universe,Curse of the Werewolf,35,True
2026-08-25 16:18:51,Epic Universe,Curse of the Werewolf Single Rider,0,True
2026-08-25 16:18:51,Epic Universe,Monsters Unchained: The Frankenstein Experiment,0,False
2026-08-25 16:18:51,Epic Universe,Dragon Racer's Rally,30,True
2026-08-25 16:18:51,Epic Universe,Fyre Drill,45,True
2026-08-25 16:18:51,Epic Universe,Hiccup's Wing Gliders,30,True
2026-08-25 16:18:51,Epic Universe,Meet Toothless and Friends,50,True
2026-08-25 16:18:51,Epic Universe,Bowser Jr. Challenge,5,True
2026-08-25 16:18:51,Epic Universe,Mario Kart™: Bowser's Challenge,50,True
2026-08-25 16:18:51,Epic Universe,Mario Kart™: Bowser's Challenge Single Rider,0,True
2026-08-25 16:18:51,Epic Universe,Mine-Cart Madness™,120,True
2026-08-25 16:18:51,Epic Universe,Mine-Cart Madness™ Single Rider,0,True
2026-08-25 16:18:51,Epic Universe,Yoshi's Adventure™,35,True
2026-08-25 16:18:51,Epic Universe,Harry Potter and the Battle at the Ministry™,40,True
2026-08-25 16:18:51,Epic Universe,Harry Potter and the Battle at the Ministry™ Single Rider,0,True
2026-08-25 17:05:25,Islands of Adventure,Camp Jurassic™,0,False
2026-08-25 17:05:25,Islands of Adventure,Jurassic Park Discovery Center,0,False
2026-08-25 17:05:25,Islands of Adventure,Jurassic Park River Adventure,0,False
2026-08-25 17:05:25,Islands of Adventure,Jurassic World VelociCoaster,25,True
2026-08-25 17:05:25,Islands of Adventure,Pteranodon Flyers,30,True
2026-08-25 17:05:25,Islands of Adventure,Skull Island: Reign of Kong,15,True
2026-08-25 17:05:25,Islands of Adventure,Doctor Doom's Fearfall®,35,True
2026-08-25 17:05:25,Islands of Adventure,Doctor Doom's Fearfall® Single Rider,0,True
2026-08-25 17:05:25,Islands of Adventure,Storm Force Accelatron®,5,True
2026-08-25 17:05:25,Islands of Adventure,The Amazing Adventures of Spider-Man®,25,True
2026-08-25 17:05:25,Islands of Adventure,The Incredible Hulk Coaster®,5,True
2026-08-25 17:05:25,Islands of Adventure,The Incredible Hulk Coaster® Single Rider,0,True
2026-08-25 17:05:25,Islands of Adventure,Caro-Seuss-el™,5,True
2026-08-25 17:05:25,Islands of Adventure,If I Ran The Zoo™,0,False
2026-08-25 17:05:25,Islands of Adventure,"One Fish, Two Fish, Red Fish, Blue Fish™",10,True
2026-08-25 17:05:25,Islands of Adventure,The Cat in The Hat™,5,True
2026-08-25 17:05:25,Islands of Adventure,The High in the Sky Seuss Trolley Train Ride!™,5,True
2026-08-25 17:05:25,Islands of Adventure,Flight of the Hippogriff™,15,True
2026-08-25 17:05:25,Islands of Adventure,Hagrid's Magical Creatures Motorbike Adventure™,45,True
2026-08-25 17:05:25,Islands of Adventure,Hagrid's Magical Creatures Motorbike Adventure™ Single Rider,0,True
2026-08-25 17:05:25,Islands of Adventure,Harry Potter and the Forbidden Journey™,10,True
2026-08-25 17:05:25,Islands of Adventure,Harry Potter and the Forbidden Journey™ Single Rider,0,True
2026-08-25 17:05:25,Islands of Adventure,Hogwarts Express™ - Hogsmeade™ Station,10,True
2026-08-25 17:05:25,Islands of Adventure,Ollivanders™ Experience in Hogsmeade™,15,True
2026-08-25 17:05:25,Islands of Adventure,Dudley Do-Right's Ripsaw Falls®,55,True
2026-08-25 17:05:25,Islands of Adventure,"Me Ship, The Olive®",0,False
2026-08-25 17:05:25,Islands of Adventure,Popeye & Bluto's Bilge-Rat Barges®,10,True
2026-08-25 17:05:25,Universal Studios Florida,Trolls Trollercoaster,15,True
2026-08-25 17:05:25,Universal Studios Florida,E.T. Adventure,25,True
2026-08-25 17:05:25,Universal Studios Florida,Despicable Me Minion Mayhem™,25,True
2026-08-25 17:05:25,Universal Studios Florida,Illumination's Villain-Con Minion Blast,5,True
2026-08-25 17:05:25,Universal Studios Florida,Race Through New York Starring Jimmy Fallon™,35,True
2026-08-25 17:05:25,Universal Studios Florida,Revenge of the Mummy™,25,True
2026-08-25 17:05:25,Universal Studios Florida,Revenge of the Mummy™ Single Rider,0,True
2026-08-25 17:05:25,Universal Studios Florida,TRANSFORMERS™ The Ride-3D,20,True
2026-08-25 17:05:25,Universal Studios Florida,Fast & Furious - Supercharged™,0,True
2026-08-25 17:05:25,Universal Studios Florida,Fast & Furious - Supercharged™ Single Rider,0,True
2026-08-25 17:05:25,Universal Studios Florida,Harry Potter and the Escape from Gringotts™,25,True
2026-08-25 17:05:25,Universal Studios Florida,Harry Potter and the Escape from Gringotts™ Single Rider,0,True
2026-08-25 17:05:25,Universal Studios Florida,Hogwarts Express™ - King's Cross Station,10,True
2026-08-25 17:05:25,Universal Studios Florida,Hogwarts™ Express - First Train,0,False
2026-08-25 17:05:25,Universal Studios Florida,Hogwarts™ Express - Last Train,0,False
2026-08-25 17:05:25,Universal Studios Florida,Ollivanders™ Experience in Diagon Alley™,5,True
2026-08-25 17:05:25,Universal Studios Florida,Kang & Kodos' Twirl 'n' Hurl,15,True
2026-08-25 17:05:25,Universal Studios Florida,MEN IN BLACK™ Alien Attack!,30,True
2026-08-25 17:05:25,Universal Studios Florida,MEN IN BLACK™ Alien Attack!™ Single Rider,0,True
2026-08-25 17:05:25,Universal Studios Florida,The Simpsons Ride™,30,True
2026-08-25 17:05:25,Epic Universe,Constellation Carousel,20,True
2026-08-25 17:05:25,Epic Universe,Stardust Racers,15,True
2026-08-25 17:05:25,Epic Universe,Stardust Racers Single Rider,0,False
2026-08-25 17:05:25,Epic Universe,Curse of the Werewolf,50,True
2026-08-25 17:05:25,Epic Universe,Curse of the Werewolf Single Rider,0,True
2026-08-25 17:05:25,Epic Universe,Monsters Unchained: The Frankenstein Experiment,0,False
2026-08-25 17:05:25,Epic Universe,Dragon Racer's Rally,20,True
2026-08-25 17:05:25,Epic Universe,Fyre Drill,55,True
2026-08-25 17:05:25,Epic Universe,Hiccup's Wing Gliders,25,True
2026-08-25 17:05:25,Epic Universe,Meet Toothless and Friends,50,True
2026-08-25 17:05:25,Epic Universe,Bowser Jr. Challenge,5,True
2026-08-25 17:05:25,Epic Universe,Mario Kart™: Bowser's Challenge,45,True
2026-08-25 17:05:25,Epic Universe,Mario Kart™: Bowser's Challenge Single Rider,0,True
2026-08-25 17:05:25,Epic Universe,Mine-Cart Madness™,120,True
2026-08-25 17:05:25,Epic Universe,Mine-Cart Madness™ Single Rider,0,True
2026-08-25 17:05:25,Epic Universe,Yoshi's Adventure™,25,True
2026-08-25 17:05:25,Epic Universe,Harry Potter and the Battle at the Ministry™,60,True
2026-08-25 17:05:25,Epic Universe,Harry Potter and the Battle at the Ministry™ Single Rider,0,True
2026-08-25 17:45:39,Islands of Adventure,Camp Jurassic™,0,False
2026-08-25 17:45:39,Islands of Adventure,Jurassic Park Discovery Center,0,False
2026-08-25 17:45:39,Islands of Adventure,Jurassic Park River Adventure,0,False
2026-08-25 17:45:39,Islands of Adventure,Jurassic World VelociCoaster,20,True
2026-08-25 17:45:39,Islands of Adventure,Pteranodon Flyers,10,True
2026-08-25 17:45:39,Islands of Adventure,Skull Island: Reign of Kong,15,True
2026-08-25 17:45:39,Islands of Adventure,Doctor Doom's Fearfall®,20,True
2026-08-25 17:45:39,Islands of Adventure,Doctor Doom's Fearfall® Single Rider,0,True
2026-08-25 17:45:39,Islands of Adventure,Storm Force Accelatron®,5,True
2026-08-25 17:45:39,Islands of Adventure,The Amazing Adventures of Spider-Man®,15,True
2026-08-25 17:45:39,Islands of Adventure,The Incredible Hulk Coaster®,5,True
2026-08-25 17:45:39,Islands of Adventure,The Incredible Hulk Coaster® Single Rider,0,True
2026-08-25 17:45:39,Islands of Adventure,Caro-Seuss-el™,5,True
2026-08-25 17:45:39,Islands of Adventure,If I Ran The Zoo™,0,False
2026-08-25 17:45:39,Islands of Adventure,"One Fish, Two Fish, Red Fish, Blue Fish™",10,True
2026-08-25 17:45:39,Islands of Adventure,The Cat in The Hat™,5,True
2026-08-25 17:45:39,Islands of Adventure,The High in the Sky Seuss Trolley Train Ride!™,5,True
2026-08-25 17:45:39,Islands of Adventure,Flight of the Hippogriff™,20,True
2026-08-25 17:45:39,Islands of Adventure,Hagrid's Magical Creatures Motorbike Adventure™,35,True
2026-08-25 17:45:39,Islands of Adventure,Hagrid's Magical Creatures Motorbike Adventure™ Single Rider,0,True
2026-08-25 17:45:39,Islands of Adventure,Harry Potter and the Forbidden Journey™,10,True
2026-08-25 17:45:39,Islands of Adventure,Harry Potter and the Forbidden Journey™ Single Rider,0,True
2026-08-25 17:45:39,Islands of Adventure,Hogwarts Express™ - Hogsmeade™ Station,10,True
2026-08-25 17:45:39,Islands of Adventure,Ollivanders™ Experience in Hogsmeade™,15,True
2026-08-25 17:45:39,Islands of Adventure,Dudley Do-Right's Ripsaw Falls®,35,True
2026-08-25 17:45:39,Islands of Adventure,"Me Ship, The Olive®",0,False
2026-08-25 17:45:39,Islands of Adventure,Popeye & Bluto's Bilge-Rat Barges®,10,True
2026-08-25 17:45:39,Universal Studios Florida,Trolls Trollercoaster,30,True
2026-08-25 17:45:39,Universal Studios Florida,E.T. Adventure,25,True
2026-08-25 17:45:39,Universal Studios Florida,Despicable Me Minion Mayhem™,15,True
2026-08-25 17:45:39,Universal Studios Florida,Illumination's Villain-Con Minion Blast,5,True
2026-08-25 17:45:39,Universal Studios Florida,Race Through New York Starring Jimmy Fallon™,35,True
2026-08-25 17:45:39,Universal Studios Florida,Revenge of the Mummy™,15,True
2026-08-25 17:45:39,Universal Studios Florida,Revenge of the Mummy™ Single Rider,0,True
2026-08-25 17:45:39,Universal Studios Florida,TRANSFORMERS™ The Ride-3D,20,True
2026-08-25 17:45:39,Universal Studios Florida,Fast & Furious - Supercharged™,0,True
2026-08-25 17:45:39,Universal Studios Florida,Fast & Furious - Supercharged™ Single Rider,0,True
2026-08-25 17:45:39,Universal Studios Florida,Harry Potter and the Escape from Gringotts™,30,True
2026-08-25 17:45:39,Universal Studios Florida,Harry Potter and the Escape from Gringotts™ Single Rider,0,True
2026-08-25 17:45:39,Universal Studios Florida,Hogwarts Express™ - King's Cross Station,20,True
2026-08-25 17:45:39,Universal Studios Florida,Hogwarts™ Express - First Train,0,False
2026-08-25 17:45:39,Universal Studios Florida,Hogwarts™ Express - Last Train,0,False
2026-08-25 17:45:39,Universal Studios Florida,Ollivanders™ Experience in Diagon Alley™,5,True
2026-08-25 17:45:39,Universal Studios Florida,Kang & Kodos' Twirl 'n' Hurl,15,True
2026-08-25 17:45:39,Universal Studios Florida,MEN IN BLACK™ Alien Attack!,20,True
2026-08-25 17:45:39,Universal Studios Florida,MEN IN BLACK™ Alien Attack!™ Single Rider,0,True
2026-08-25 17:45:39,Universal Studios Florida,The Simpsons Ride™,40,True
2026-08-25 17:45:39,Epic Universe,Constellation Carousel,20,True
2026-08-25 17:45:39,Epic Universe,Stardust Racers,15,True
2026-08-25 17:45:39,Epic Universe,Stardust Racers Single Rider,0,False
2026-08-25 17:45:39,Epic Universe,Curse of the Werewolf,60,True
2026-08-25 17:45:39,Epic Universe,Curse of the Werewolf Single Rider,0,True
2026-08-25 17:45:39,Epic Universe,Monsters Unchained: The Frankenstein Experiment,0,False
2026-08-25 17:45:39,Epic Universe,Dragon Racer's Rally,40,True
2026-08-25 17:45:39,Epic Universe,Fyre Drill,40,True
2026-08-25 17:45:39,Epic Universe,Hiccup's Wing Gliders,35,True
2026-08-25 17:45:39,Epic Universe,Meet Toothless and Friends,50,True
2026-08-25 17:45:39,Epic Universe,Bowser Jr. Challenge,5,True
2026-08-25 17:45:39,Epic Universe,Mario Kart™: Bowser's Challenge,35,True
2026-08-25 17:45:39,Epic Universe,Mario Kart™: Bowser's Challenge Single Rider,0,True
2026-08-25 17:45:39,Epic Universe,Mine-Cart Madness™,115,True
2026-08-25 17:45:39,Epic Universe,Mine-Cart Madness™ Single Rider,0,True
2026-08-25 17:45:39,Epic Universe,Yoshi's Adventure™,30,True
2026-08-25 17:45:39,Epic Universe,Harry Potter and the Battle at the Ministry™,60,True
2026-08-25 17:45:39,Epic Universe,Harry Potter and the Battle at the Ministry™ Single Rider,0,True
2026-08-25 18:40:25,Islands of Adventure,Camp Jurassic™,0,False
2026-08-25 18:40:25,Islands of Adventure,Jurassic Park Discovery Center,0,False
2026-08-25 18:40:25,Islands of Adventure,Jurassic Park River Adventure,0,False
2026-08-25 18:40:25,Islands of Adventure,Jurassic World VelociCoaster,20,True
2026-08-25 18:40:25,Islands of Adventure,Pteranodon Flyers,35,True
2026-08-25 18:40:25,Islands of Adventure,Skull Island: Reign of Kong,0,False
2026-08-25 18:40:25,Islands of Adventure,Doctor Doom's Fearfall®,15,True
2026-08-25 18:40:25,Islands of Adventure,Doctor Doom's Fearfall® Single Rider,0,True
2026-08-25 18:40:25,Islands of Adventure,Storm Force Accelatron®,5,True
2026-08-25 18:40:25,Islands of Adventure,The Amazing Adventures of Spider-Man®,15,True
2026-08-25 18:40:25,Islands of Adventure,The Incredible Hulk Coaster®,5,True
2026-08-25 18:40:25,Islands of Adventure,The Incredible Hulk Coaster® Single Rider,0,True
2026-08-25 18:40:25,Islands of Adventure,Caro-Seuss-el™,5,True
2026-08-25 18:40:25,Islands of Adventure,If I Ran The Zoo™,0,False
2026-08-25 18:40:25,Islands of Adventure,"One Fish, Two Fish, Red Fish, Blue Fish™",10,True
2026-08-25 18:40:25,Islands of Adventure,The Cat in The Hat™,5,True
2026-08-25 18:40:25,Islands of Adventure,The High in the Sky Seuss Trolley Train Ride!™,5,True
2026-08-25 18:40:25,Islands of Adventure,Flight of the Hippogriff™,15,True
2026-08-25 18:40:25,Islands of Adventure,Hagrid's Magical Creatures Motorbike Adventure™,55,True
2026-08-25 18:40:25,Islands of Adventure,Hagrid's Magical Creatures Motorbike Adventure™ Single Rider,0,True
2026-08-25 18:40:25,Islands of Adventure,Harry Potter and the Forbidden Journey™,10,True
2026-08-25 18:40:25,Islands of Adventure,Harry Potter and the Forbidden Journey™ Single Rider,0,True
2026-08-25 18:40:25,Islands of Adventure,Hogwarts Express™ - Hogsmeade™ Station,10,True
2026-08-25 18:40:25,Islands of Adventure,Ollivanders™ Experience in Hogsmeade™,15,True
2026-08-25 18:40:25,Islands of Adventure,Dudley Do-Right's Ripsaw Falls®,35,True
2026-08-25 18:40:25,Islands of Adventure,"Me Ship, The Olive®",0,False
2026-08-25 18:40:25,Islands of Adventure,Popeye & Bluto's Bilge-Rat Barges®,10,True
2026-08-25 18:40:25,Universal Studios Florida,Trolls Trollercoaster,10,True
2026-08-25 18:40:25,Universal Studios Florida,E.T. Adventure,25,True
2026-08-25 18:40:25,Universal Studios Florida,Despicable Me Minion Mayhem™,10,True
2026-08-25 18:40:25,Universal Studios Florida,Illumination's Villain-Con Minion Blast,5,True
2026-08-25 18:40:25,Universal Studios Florida,Race Through New York Starring Jimmy Fallon™,35,True
2026-08-25 18:40:25,Universal Studios Florida,Revenge of the Mummy™,15,True
2026-08-25 18:40:25,Universal Studios Florida,Revenge of the Mummy™ Single Rider,0,True
2026-08-25 18:40:25,Universal Studios Florida,TRANSFORMERS™ The Ride-3D,10,True
2026-08-25 18:40:25,Universal Studios Florida,Fast & Furious - Supercharged™,0,True
2026-08-25 18:40:25,Universal Studios Florida,Fast & Furious - Supercharged™ Single Rider,0,True
2026-08-25 18:40:25,Universal Studios Florida,Harry Potter and the Escape from Gringotts™,30,True
2026-08-25 18:40:25,Universal Studios Florida,Harry Potter and the Escape from Gringotts™ Single Rider,0,True
2026-08-25 18:40:25,Universal Studios Florida,Hogwarts Express™ - King's Cross Station,25,True
2026-08-25 18:40:25,Universal Studios Florida,Hogwarts™ Express - First Train,0,False
2026-08-25 18:40:25,Universal Studios Florida,Hogwarts™ Express - Last Train,0,False
2026-08-25 18:40:25,Universal Studios Florida,Ollivanders™ Experience in Diagon Alley™,5,True
2026-08-25 18:40:25,Universal Studios Florida,Kang & Kodos' Twirl 'n' Hurl,10,True
2026-08-25 18:40:25,Universal Studios Florida,MEN IN BLACK™ Alien Attack!,20,True
2026-08-25 18:40:25,Universal Studios Florida,MEN IN BLACK™ Alien Attack!™ Single Rider,0,True
2026-08-25 18:40:25,Universal Studios Florida,The Simpsons Ride™,40,True
2026-08-25 18:40:25,Epic Universe,Constellation Carousel,15,True
2026-08-25 18:40:25,Epic Universe,Stardust Racers,15,True
2026-08-25 18:40:25,Epic Universe,Stardust Racers Single Rider,0,False
2026-08-25 18:40:25,Epic Universe,Curse of the Werewolf,55,True
2026-08-25 18:40:25,Epic Universe,Curse of the Werewolf Single Rider,0,True
2026-08-25 18:40:25,Epic Universe,Monsters Unchained: The Frankenstein Experiment,0,False
2026-08-25 18:40:25,Epic Universe,Dragon Racer's Rally,30,True
2026-08-25 18:40:25,Epic Universe,Fyre Drill,40,True
2026-08-25 18:40:25,Epic Universe,Hiccup's Wing Gliders,20,True
2026-08-25 18:40:25,Epic Universe,Meet Toothless and Friends,50,True
2026-08-25 18:40:25,Epic Universe,Bowser Jr. Challenge,5,True
2026-08-25 18:40:25,Epic Universe,Mario Kart™: Bowser's Challenge,45,True
2026-08-25 18:40:25,Epic Universe,Mario Kart™: Bowser's Challenge Single Rider,0,True
2026-08-25 18:40:25,Epic Universe,Mine-Cart Madness™,0,False
2026-08-25 18:40:25,Epic Universe,Mine-Cart Madness™ Single Rider,0,False
2026-08-25 18:40:25,Epic Universe,Yoshi's Adventure™,30,True
2026-08-25 18:40:25,Epic Universe,Harry Potter and the Battle at the Ministry™,55,True
2026-08-25 18:40:25,Epic Universe,Harry Potter and the Battle at the Ministry™ Single Rider,0,True
2026-08-25 19:17:41,Islands of Adventure,Camp Jurassic™,0,False
2026-08-25 19:17:41,Islands of Adventure,Jurassic Park Discovery Center,0,False
2026-08-25 19:17:41,Islands of Adventure,Jurassic Park River Adventure,0,False
2026-08-25 19:17:41,Islands of Adventure,Jurassic World VelociCoaster,20,True
2026-08-25 19:17:41,Islands of Adventure,Pteranodon Flyers,20,True
2026-08-25 19:17:41,Islands of Adventure,Skull Island: Reign of Kong,0,False
2026-08-25 19:17:41,Islands of Adventure,Doctor Doom's Fearfall®,5,True
2026-08-25 19:17:41,Islands of Adventure,Doctor Doom's Fearfall® Single Rider,0,True
2026-08-25 19:17:41,Islands of Adventure,Storm Force Accelatron®,5,True
2026-08-25 19:17:41,Islands of Adventure,The Amazing Adventures of Spider-Man®,15,True
2026-08-25 19:17:41,Islands of Adventure,The Incredible Hulk Coaster®,5,True
2026-08-25 19:17:41,Islands of Adventure,The Incredible Hulk Coaster® Single Rider,0,True
2026-08-25 19:17:41,Islands of Adventure,Caro-Seuss-el™,5,True
2026-08-25 19:17:41,Islands of Adventure,If I Ran The Zoo™,0,False
2026-08-25 19:17:41,Islands of Adventure,"One Fish, Two Fish, Red Fish, Blue Fish™",10,True
2026-08-25 19:17:41,Islands of Adventure,The Cat in The Hat™,5,True
2026-08-25 19:17:41,Islands of Adventure,The High in the Sky Seuss Trolley Train Ride!™,5,True
2026-08-25 19:17:41,Islands of Adventure,Flight of the Hippogriff™,10,True
2026-08-25 19:17:41,Islands of Adventure,Hagrid's Magical Creatures Motorbike Adventure™,40,True
2026-08-25 19:17:41,Islands of Adventure,Hagrid's Magical Creatures Motorbike Adventure™ Single Rider,0,True
2026-08-25 19:17:41,Islands of Adventure,Harry Potter and the Forbidden Journey™,10,True
2026-08-25 19:17:41,Islands of Adventure,Harry Potter and the Forbidden Journey™ Single Rider,0,True
2026-08-25 19:17:41,Islands of Adventure,Hogwarts Express™ - Hogsmeade™ Station,10,True
2026-08-25 19:17:41,Islands of Adventure,Ollivanders™ Experience in Hogsmeade™,15,True
2026-08-25 19:17:41,Islands of Adventure,Dudley Do-Right's Ripsaw Falls®,60,True
2026-08-25 19:17:41,Islands of Adventure,"Me Ship, The Olive®",0,False
2026-08-25 19:17:41,Islands of Adventure,Popeye & Bluto's Bilge-Rat Barges®,10,True
2026-08-25 19:17:41,Universal Studios Florida,Trolls Trollercoaster,10,True
2026-08-25 19:17:41,Universal Studios Florida,E.T. Adventure,25,True
2026-08-25 19:17:41,Universal Studios Florida,Despicable Me Minion Mayhem™,20,True
2026-08-25 19:17:41,Universal Studios Florida,Illumination's Villain-Con Minion Blast,5,True
2026-08-25 19:17:41,Universal Studios Florida,Race Through New York Starring Jimmy Fallon™,10,True
2026-08-25 19:17:41,Universal Studios Florida,Revenge of the Mummy™,15,True
2026-08-25 19:17:41,Universal Studios Florida,Revenge of the Mummy™ Single Rider,0,True
2026-08-25 19:17:41,Universal Studios Florida,TRANSFORMERS™ The Ride-3D,10,True
2026-08-25 19:17:41,Universal Studios Florida,Fast & Furious - Supercharged™,0,True
2026-08-25 19:17:41,Universal Studios Florida,Fast & Furious - Supercharged™ Single Rider,0,True
2026-08-25 19:17:41,Universal Studios Florida,Harry Potter and the Escape from Gringotts™,30,True
2026-08-25 19:17:41,Universal Studios Florida,Harry Potter and the Escape from Gringotts™ Single Rider,0,True
2026-08-25 19:17:41,Universal Studios Florida,Hogwarts Express™ - King's Cross Station,25,True
2026-08-25 19:17:41,Universal Studios Florida,Hogwarts™ Express - First Train,0,False
2026-08-25 19:17:41,Universal Studios Florida,Hogwarts™ Express - Last Train,0,False
2026-08-25 19:17:41,Universal Studios Florida,Ollivanders™ Experience in Diagon Alley™,5,True
2026-08-25 19:17:41,Universal Studios Florida,Kang & Kodos' Twirl 'n' Hurl,15,True
2026-08-25 19:17:41,Universal Studios Florida,MEN IN BLACK™ Alien Attack!,20,True
2026-08-25 19:17:41,Universal Studios Florida,MEN IN BLACK™ Alien Attack!™ Single Rider,0,True
2026-08-25 19:17:41,Universal Studios Florida,The Simpsons Ride™,35,True
2026-08-25 19:17:41,Epic Universe,Constellation Carousel,15,True
2026-08-25 19:17:41,Epic Universe,Stardust Racers,10,True
2026-08-25 19:17:41,Epic Universe,Stardust Racers Single Rider,0,False
2026-08-25 19:17:41,Epic Universe,Curse of the Werewolf,35,True
2026-08-25 19:17:41,Epic Universe,Curse of the Werewolf Single Rider,0,True
2026-08-25 19:17:41,Epic Universe,Monsters Unchained: The Frankenstein Experiment,0,False
2026-08-25 19:17:41,Epic Universe,Dragon Racer's Rally,30,True
2026-08-25 19:17:41,Epic Universe,Fyre Drill,30,True
2026-08-25 19:17:41,Epic Universe,Hiccup's Wing Gliders,25,True
2026-08-25 19:17:41,Epic Universe,Meet Toothless and Friends,65,True
2026-08-25 19:17:41,Epic Universe,Bowser Jr. Challenge,5,True
2026-08-25 19:17:41,Epic Universe,Mario Kart™: Bowser's Challenge,50,True
2026-08-25 19:17:41,Epic Universe,Mario Kart™: Bowser's Challenge Single Rider,0,True
2026-08-25 19:17:41,Epic Universe,Mine-Cart Madness™,90,True
2026-08-25 19:17:41,Epic Universe,Mine-Cart Madness™ Single Rider,0,True
2026-08-25 19:17:41,Epic Universe,Yoshi's Adventure™,20,True
2026-08-25 19:17:41,Epic Universe,Harry Potter and the Battle at the Ministry™,55,True
2026-08-25 19:17:41,Epic Universe,Harry Potter and the Battle at the Ministry™ Single Rider,0,True
2026-08-25 19:55:35,Islands of Adventure,Camp Jurassic™,0,False
2026-08-25 19:55:35,Islands of Adventure,Jurassic Park Discovery Center,0,False
2026-08-25 19:55:35,Islands of Adventure,Jurassic Park River Adventure,0,False
2026-08-25 19:55:35,Islands of Adventure,Jurassic World VelociCoaster,20,True
2026-08-25 19:55:35,Islands of Adventure,Pteranodon Flyers,20,True
2026-08-25 19:55:35,Islands of Adventure,Skull Island: Reign of Kong,5,True
2026-08-25 19:55:35,Islands of Adventure,Doctor Doom's Fearfall®,5,True
2026-08-25 19:55:35,Islands of Adventure,Doctor Doom's Fearfall® Single Rider,0,True
2026-08-25 19:55:35,Islands of Adventure,Storm Force Accelatron®,5,True
2026-08-25 19:55:35,Islands of Adventure,The Amazing Adventures of Spider-Man®,10,True
2026-08-25 19:55:35,Islands of Adventure,The Incredible Hulk Coaster®,5,True
2026-08-25 19:55:35,Islands of Adventure,The Incredible Hulk Coaster® Single Rider,0,True
2026-08-25 19:55:35,Islands of Adventure,Caro-Seuss-el™,5,True
2026-08-25 19:55:35,Islands of Adventure,If I Ran The Zoo™,0,False
2026-08-25 19:55:35,Islands of Adventure,"One Fish, Two Fish, Red Fish, Blue Fish™",10,True
2026-08-25 19:55:35,Islands of Adventure,The Cat in The Hat™,5,True
2026-08-25 19:55:35,Islands of Adventure,The High in the Sky Seuss Trolley Train Ride!™,15,True
2026-08-25 19:55:35,Islands of Adventure,Flight of the Hippogriff™,25,True
2026-08-25 19:55:35,Islands of Adventure,Hagrid's Magical Creatures Motorbike Adventure™,0,False
2026-08-25 19:55:35,Islands of Adventure,Hagrid's Magical Creatures Motorbike Adventure™ Single Rider,0,True
2026-08-25 19:55:35,Islands of Adventure,Harry Potter and the Forbidden Journey™,10,True
2026-08-25 19:55:35,Islands of Adventure,Harry Potter and the Forbidden Journey™ Single Rider,0,True
2026-08-25 19:55:35,Islands of Adventure,Hogwarts Express™ - Hogsmeade™ Station,10,True
2026-08-25 19:55:35,Islands of Adventure,Ollivanders™ Experience in Hogsmeade™,15,True
2026-08-25 19:55:35,Islands of Adventure,Dudley Do-Right's Ripsaw Falls®,60,True
2026-08-25 19:55:35,Islands of Adventure,"Me Ship, The Olive®",0,False
2026-08-25 19:55:35,Islands of Adventure,Popeye & Bluto's Bilge-Rat Barges®,10,True
2026-08-25 19:55:35,Universal Studios Florida,Trolls Trollercoaster,10,True
2026-08-25 19:55:35,Universal Studios Florida,E.T. Adventure,60,True
2026-08-25 19:55:35,Universal Studios Florida,Despicable Me Minion Mayhem™,5,True
2026-08-25 19:55:35,Universal Studios Florida,Illumination's Villain-Con Minion Blast,5,True
2026-08-25 19:55:35,Universal Studios Florida,Race Through New York Starring Jimmy Fallon™,35,True
2026-08-25 19:55:35,Universal Studios Florida,Revenge of the Mummy™,25,True
2026-08-25 19:55:35,Universal Studios Florida,Revenge of the Mummy™ Single Rider,0,True
2026-08-25 19:55:35,Universal Studios Florida,TRANSFORMERS™ The Ride-3D,10,True
2026-08-25 19:55:35,Universal Studios Florida,Fast & Furious - Supercharged™,0,True
2026-08-25 19:55:35,Universal Studios Florida,Fast & Furious - Supercharged™ Single Rider,0,True
2026-08-25 19:55:35,Universal Studios Florida,Harry Potter and the Escape from Gringotts™,30,True
2026-08-25 19:55:35,Universal Studios Florida,Harry Potter and the Escape from Gringotts™ Single Rider,0,True
2026-08-25 19:55:35,Universal Studios Florida,Hogwarts Express™ - King's Cross Station,30,True
2026-08-25 19:55:35,Universal Studios Florida,Hogwarts™ Express - First Train,0,False
2026-08-25 19:55:35,Universal Studios Florida,Hogwarts™ Express - Last Train,0,False
2026-08-25 19:55:35,Universal Studios Florida,Ollivanders™ Experience in Diagon Alley™,5,True
2026-08-25 19:55:35,Universal Studios Florida,Kang & Kodos' Twirl 'n' Hurl,5,True
2026-08-25 19:55:35,Universal Studios Florida,MEN IN BLACK™ Alien Attack!,20,True
2026-08-25 19:55:35,Universal Studios Florida,MEN IN BLACK™ Alien Attack!™ Single Rider,0,True
2026-08-25 19:55:35,Universal Studios Florida,The Simpsons Ride™,35,True
2026-08-25 19:55:35,Epic Universe,Constellation Carousel,15,True
2026-08-25 19:55:35,Epic Universe,Stardust Racers,15,True
2026-08-25 19:55:35,Epic Universe,Stardust Racers Single Rider,0,False
2026-08-25 19:55:35,Epic Universe,Curse of the Werewolf,50,True
2026-08-25 19:55:35,Epic Universe,Curse of the Werewolf Single Rider,0,True
2026-08-25 19:55:35,Epic Universe,Monsters Unchained: The Frankenstein Experiment,0,False
2026-08-25 19:55:35,Epic Universe,Dragon Racer's Rally,20,True
2026-08-25 19:55:35,Epic Universe,Fyre Drill,40,True
2026-08-25 19:55:35,Epic Universe,Hiccup's Wing Gliders,40,True
2026-08-25 19:55:35,Epic Universe,Meet Toothless and Friends,65,True
2026-08-25 19:55:35,Epic Universe,Bowser Jr. Challenge,5,True
2026-08-25 19:55:35,Epic Universe,Mario Kart™: Bowser's Challenge,35,True
2026-08-25 19:55:35,Epic Universe,Mario Kart™: Bowser's Challenge Single Rider,0,True
2026-08-25 19:55:35,Epic Universe,Mine-Cart Madness™,75,True
2026-08-25 19:55:35,Epic Universe,Mine-Cart Madness™ Single Rider,0,True
2026-08-25 19:55:35,Epic Universe,Yoshi's Adventure™,15,True
2026-08-25 19:55:35,Epic Universe,Harry Potter and the Battle at the Ministry™,65,True
2026-08-25 19:55:35,Epic Universe,Harry Potter and the Battle at the Ministry™ Single Rider,0,True
2026-08-25 20:30:52,Islands of Adventure,Camp Jurassic™,0,False
2026-08-25 20:30:52,Islands of Adventure,Jurassic Park Discovery Center,0,False
2026-08-25 20:30:52,Islands of Adventure,Jurassic Park River Adventure,0,False
2026-08-25 20:30:52,Islands of Adventure,Jurassic World VelociCoaster,20,True
2026-08-25 20:30:52,Islands of Adventure,Pteranodon Flyers,35,True
2026-08-25 20:30:52,Islands of Adventure,Skull Island: Reign of Kong,15,True
2026-08-25 20:30:52,Islands of Adventure,Doctor Doom's Fearfall®,5,True
2026-08-25 20:30:52,Islands of Adventure,Doctor Doom's Fearfall® Single Rider,0,True
2026-08-25 20:30:52,Islands of Adventure,Storm Force Accelatron®,5,True
2026-08-25 20:30:52,Islands of Adventure,The Amazing Adventures of Spider-Man®,5,True
2026-08-25 20:30:52,Islands of Adventure,The Incredible Hulk Coaster®,5,True
2026-08-25 20:30:52,Islands of Adventure,The Incredible Hulk Coaster® Single Rider,0,True
2026-08-25 20:30:52,Islands of Adventure,Caro-Seuss-el™,5,True
2026-08-25 20:30:52,Islands of Adventure,If I Ran The Zoo™,0,False
2026-08-25 20:30:52,Islands of Adventure,"One Fish, Two Fish, Red Fish, Blue Fish™",5,True
2026-08-25 20:30:52,Islands of Adventure,The Cat in The Hat™,5,True
2026-08-25 20:30:52,Islands of Adventure,The High in the Sky Seuss Trolley Train Ride!™,10,True
2026-08-25 20:30:52,Islands of Adventure,Flight of the Hippogriff™,20,True
2026-08-25 20:30:52,Islands of Adventure,Hagrid's Magical Creatures Motorbike Adventure™,50,True
2026-08-25 20:30:52,Islands of Adventure,Hagrid's Magical Creatures Motorbike Adventure™ Single Rider,0,True
2026-08-25 20:30:52,Islands of Adventure,Harry Potter and the Forbidden Journey™,10,True
2026-08-25 20:30:52,Islands of Adventure,Harry Potter and the Forbidden Journey™ Single Rider,0,True
2026-08-25 20:30:52,Islands of Adventure,Hogwarts Express™ - Hogsmeade™ Station,10,True
2026-08-25 20:30:52,Islands of Adventure,Ollivanders™ Experience in Hogsmeade™,10,True
2026-08-25 20:30:52,Islands of Adventure,Dudley Do-Right's Ripsaw Falls®,60,True
2026-08-25 20:30:52,Islands of Adventure,"Me Ship, The Olive®",0,False
2026-08-25 20:30:52,Islands of Adventure,Popeye & Bluto's Bilge-Rat Barges®,0,False
2026-08-25 20:30:52,Universal Studios Florida,Trolls Trollercoaster,10,True
2026-08-25 20:30:52,Universal Studios Florida,E.T. Adventure,45,True
2026-08-25 20:30:52,Universal Studios Florida,Despicable Me Minion Mayhem™,10,True
2026-08-25 20:30:52,Universal Studios Florida,Illumination's Villain-Con Minion Blast,5,True
2026-08-25 20:30:52,Universal Studios Florida,Race Through New York Starring Jimmy Fallon™,15,True
2026-08-25 20:30:52,Universal Studios Florida,Revenge of the Mummy™,20,True
2026-08-25 20:30:52,Universal Studios Florida,Revenge of the Mummy™ Single Rider,0,True
2026-08-25 20:30:52,Universal Studios Florida,TRANSFORMERS™ The Ride-3D,10,True
2026-08-25 20:30:52,Universal Studios Florida,Fast & Furious - Supercharged™,0,True
2026-08-25 20:30:52,Universal Studios Florida,Fast & Furious - Supercharged™ Single Rider,0,True
2026-08-25 20:30:52,Universal Studios Florida,Harry Potter and the Escape from Gringotts™,20,True
2026-08-25 20:30:52,Universal Studios Florida,Harry Potter and the Escape from Gringotts™ Single Rider,0,True
2026-08-25 20:30:52,Universal Studios Florida,Hogwarts Express™ - King's Cross Station,35,True
2026-08-25 20:30:52,Universal Studios Florida,Hogwarts™ Express - First Train,0,False
2026-08-25 20:30:52,Universal Studios Florida,Hogwarts™ Express - Last Train,0,False
2026-08-25 20:30:52,Universal Studios Florida,Ollivanders™ Experience in Diagon Alley™,5,True
2026-08-25 20:30:52,Universal Studios Florida,Kang & Kodos' Twirl 'n' Hurl,5,True
2026-08-25 20:30:52,Universal Studios Florida,MEN IN BLACK™ Alien Attack!,20,True
2026-08-25 20:30:52,Universal Studios Florida,MEN IN BLACK™ Alien Attack!™ Single Rider,0,True
2026-08-25 20:30:52,Universal Studios Florida,The Simpsons Ride™,25,True
2026-08-25 20:30:52,Epic Universe,Constellation Carousel,15,True
2026-08-25 20:30:52,Epic Universe,Stardust Racers,15,True
2026-08-25 20:30:52,Epic Universe,Stardust Racers Single Rider,0,False
2026-08-25 20:30:52,Epic Universe,Curse of the Werewolf,65,True
2026-08-25 20:30:52,Epic Universe,Curse of the Werewolf Single Rider,0,True
2026-08-25 20:30:52,Epic Universe,Monsters Unchained: The Frankenstein Experiment,0,False
2026-08-25 20:30:52,Epic Universe,Dragon Racer's Rally,30,True
2026-08-25 20:30:52,Epic Universe,Fyre Drill,35,True
2026-08-25 20:30:52,Epic Universe,Hiccup's Wing Gliders,15,True
2026-08-25 20:30:52,Epic Universe,Meet Toothless and Friends,65,True
2026-08-25 20:30:52,Epic Universe,Bowser Jr. Challenge,5,True
2026-08-25 20:30:52,Epic Universe,Mario Kart™: Bowser's Challenge,30,True
2026-08-25 20:30:52,Epic Universe,Mario Kart™: Bowser's Challenge Single Rider,0,True
2026-08-25 20:30:52,Epic Universe,Mine-Cart Madness™,75,True
2026-08-25 20:30:52,Epic Universe,Mine-Cart Madness™ Single Rider,0,True
2026-08-25 20:30:52,Epic Universe,Yoshi's Adventure™,15,True
2026-08-25 20:30:52,Epic Universe,Harry Potter and the Battle at the Ministry™,65,True
2026-08-25 20:30:52,Epic Universe,Harry Potter and the Battle at the Ministry™ Single Rider,0,True
