timestamp,park,ride,wait_time,is_open
2026-08-18 01:44:14,Islands of Adventure,Camp Jurassic™,0,False
2026-08-18 01:44:14,Islands of Adventure,Jurassic Park Discovery Center,0,False
2026-08-18 01:44:14,Islands of Adventure,Jurassic Park River Adventure,0,False
2026-08-18 01:44:14,Islands of Adventure,Jurassic World VelociCoaster,0,False
2026-08-18 01:44:14,Islands of Adventure,Pteranodon Flyers,0,False
2026-08-18 01:44:14,Islands of Adventure,Skull Island: Reign of Kong,0,False
2026-08-18 01:44:14,Islands of Adventure,Doctor Doom's Fearfall®,0,False
2026-08-18 01:44:14,Islands of Adventure,Doctor Doom's Fearfall® Single Rider,0,True
2026-08-18 01:44:14,Islands of Adventure,Storm Force Accelatron®,0,False
2026-08-18 01:44:14,Islands of Adventure,The Amazing Adventures of Spider-Man®,0,False
2026-08-18 01:44:14,Islands of Adventure,The Incredible Hulk Coaster®,0,False
2026-08-18 01:44:14,Islands of Adventure,The Incredible Hulk Coaster® Single Rider,0,True
2026-08-18 01:44:14,Islands of Adventure,Caro-Seuss-el™,0,False
2026-08-18 01:44:14,Islands of Adventure,If I Ran The Zoo™,0,False
2026-08-18 01:44:14,Islands of Adventure,"One Fish, Two Fish, Red Fish, Blue Fish™",0,False
2026-08-18 01:44:14,Islands of Adventure,The Cat in The Hat™,0,False
2026-08-18 01:44:14,Islands of Adventure,The High in the Sky Seuss Trolley Train Ride!™,0,False
2026-08-18 01:44:14,Islands of Adventure,Flight of the Hippogriff™,0,False
2026-08-18 01:44:14,Islands of Adventure,Hagrid's Magical Creatures Motorbike Adventure™,0,False
2026-08-18 01:44:14,Islands of Adventure,Hagrid's Magical Creatures Motorbike Adventure™ Single Rider,0,True
2026-08-18 01:44:14,Islands of Adventure,Harry Potter and the Forbidden Journey™,0,False
2026-08-18 01:44:14,Islands of Adventure,Harry Potter and the Forbidden Journey™ Single Rider,0,True
2026-08-18 01:44:14,Islands of Adventure,Hogwarts Express™ - Hogsmeade™ Station,0,False
2026-08-18 01:44:14,Islands of Adventure,Ollivanders™ Experience in Hogsmeade™,10,True
2026-08-18 01:44:14,Islands of Adventure,Dudley Do-Right's Ripsaw Falls®,0,False
2026-08-18 01:44:14,Islands of Adventure,"Me Ship, The Olive®",0,False
2026-08-18 01:44:14,Islands of Adventure,Popeye & Bluto's Bilge-Rat Barges®,0,False
2026-08-18 01:44:14,Universal Studios Florida,Trolls Trollercoaster,0,False
2026-08-18 01:44:14,Universal Studios Florida,E.T. Adventure,0,False
2026-08-18 01:44:14,Universal Studios Florida,Despicable Me Minion Mayhem™,0,False
2026-08-18 01:44:14,Universal Studios Florida,Illumination's Villain-Con Minion Blast,0,False
2026-08-18 01:44:14,Universal Studios Florida,Race Through New York Starring Jimmy Fallon™,0,False
2026-08-18 01:44:14,Universal Studios Florida,Revenge of the Mummy™,0,False
2026-08-18 01:44:14,Universal Studios Florida,Revenge of the Mummy™ Single Rider,0,True
2026-08-18 01:44:14,Universal Studios Florida,TRANSFORMERS™ The Ride-3D,0,False
2026-08-18 01:44:14,Universal Studios Florida,Fast & Furious - Supercharged™,0,True
2026-08-18 01:44:14,Universal Studios Florida,Fast & Furious - Supercharged™ Single Rider,0,True
2026-08-18 01:44:14,Universal Studios Florida,Harry Potter and the Escape from Gringotts™,0,False
2026-08-18 01:44:14,Universal Studios Florida,Harry Potter and the Escape from Gringotts™ Single Rider,0,True
2026-08-18 01:44:14,Universal Studios Florida,Hogwarts Express™ - King's Cross Station,0,False
2026-08-18 01:44:14,Universal Studios Florida,Hogwarts™ Express - First Train,0,False
2026-08-18 01:44:14,Universal Studios Florida,Hogwarts™ Express - Last Train,0,False
2026-08-18 01:44:14,Universal Studios Florida,Ollivanders™ Experience in Diagon Alley™,5,True
2026-08-18 01:44:14,Universal Studios Florida,Kang & Kodos' Twirl 'n' Hurl,0,False
2026-08-18 01:44:14,Universal Studios Florida,MEN IN BLACK™ Alien Attack!,0,False
2026-08-18 01:44:14,Universal Studios Florida,MEN IN BLACK™ Alien Attack!™ Single Rider,0,True
2026-08-18 01:44:14,Universal Studios Florida,The Simpsons Ride™,0,False
2026-08-18 01:44:14,Epic Universe,Constellation Carousel,0,False
2026-08-18 01:44:14,Epic Universe,Stardust Racers,0,False
2026-08-18 01:44:14,Epic Universe,Curse of the Werewolf,0,False
2026-08-18 01:44:14,Epic Universe,Curse of the Werewolf Single Rider,0,True
2026-08-18 01:44:14,Epic Universe,Monsters Unchained: The Frankenstein Experiment,0,False
2026-08-18 01:44:14,Epic Universe,Monsters Unchained: The Frankenstein Experiment Single Rider,0,True
2026-08-18 01:44:14,Epic Universe,Dragon Racer's Rally,0,False
2026-08-18 01:44:14,Epic Universe,Fyre Drill,0,False
2026-08-18 01:44:14,Epic Universe,Hiccup's Wing Gliders,0,False
2026-08-18 01:44:14,Epic Universe,Meet Toothless and Friends,65,True
2026-08-18 01:44:14,Epic Universe,Bowser Jr. Challenge,0,False
2026-08-18 01:44:14,Epic Universe,Mario Kart™: Bowser's Challenge,0,False
2026-08-18 01:44:14,Epic Universe,Mario Kart™: Bowser's Challenge Single Rider,0,True
2026-08-18 01:44:14,Epic Universe,Mine-Cart Madness™,0,False
2026-08-18 01:44:14,Epic Universe,Mine-Cart Madness™ Single Rider,0,True
2026-08-18 01:44:14,Epic Universe,Yoshi's Adventure™,0,False
2026-08-18 01:44:14,Epic Universe,Harry Potter and the Battle at the Ministry™,0,False
2026-08-18 01:44:14,Epic Universe,Harry Potter and the Battle at the Ministry™ Single Rider,0,True
2026-08-18 02:42:42,Islands of Adventure,Camp Jurassic™,0,False
2026-08-18 02:42:42,Islands of Adventure,Jurassic Park Discovery Center,0,False
2026-08-18 02:42:42,Islands of Adventure,Jurassic Park River Adventure,0,False
2026-08-18 02:42:42,Islands of Adventure,Jurassic World VelociCoaster,0,False
2026-08-18 02:42:42,Islands of Adventure,Pteranodon Flyers,0,False
2026-08-18 02:42:42,Islands of Adventure,Skull Island: Reign of Kong,0,False
2026-08-18 02:42:42,Islands of Adventure,Doctor Doom's Fearfall®,0,False
2026-08-18 02:42:42,Islands of Adventure,Doctor Doom's Fearfall® Single Rider,0,True
2026-08-18 02:42:42,Islands of Adventure,Storm Force Accelatron®,0,False
2026-08-18 02:42:42,Islands of Adventure,The Amazing Adventures of Spider-Man®,0,False
2026-08-18 02:42:42,Islands of Adventure,The Incredible Hulk Coaster®,0,False
2026-08-18 02:42:42,Islands of Adventure,The Incredible Hulk Coaster® Single Rider,0,True
2026-08-18 02:42:42,Islands of Adventure,Caro-Seuss-el™,0,False
2026-08-18 02:42:42,Islands of Adventure,If I Ran The Zoo™,0,False
2026-08-18 02:42:42,Islands of Adventure,"One Fish, Two Fish, Red Fish, Blue Fish™",0,False
2026-08-18 02:42:42,Islands of Adventure,The Cat in The Hat™,0,False
2026-08-18 02:42:42,Islands of Adventure,The High in the Sky Seuss Trolley Train Ride!™,0,False
2026-08-18 02:42:42,Islands of Adventure,Flight of the Hippogriff™,0,False
2026-08-18 02:42:42,Islands of Adventure,Hagrid's Magical Creatures Motorbike Adventure™,0,False
2026-08-18 02:42:42,Islands of Adventure,Hagrid's Magical Creatures Motorbike Adventure™ Single Rider,0,True
2026-08-18 02:42:42,Islands of Adventure,Harry Potter and the Forbidden Journey™,0,False
2026-08-18 02:42:42,Islands of Adventure,Harry Potter and the Forbidden Journey™ Single Rider,0,True
2026-08-18 02:42:42,Islands of Adventure,Hogwarts Express™ - Hogsmeade™ Station,0,False
2026-08-18 02:42:42,Islands of Adventure,Ollivanders™ Experience in Hogsmeade™,10,True
2026-08-18 02:42:42,Islands of Adventure,Dudley Do-Right's Ripsaw Falls®,0,False
2026-08-18 02:42:42,Islands of Adventure,"Me Ship, The Olive®",0,False
2026-08-18 02:42:42,Islands of Adventure,Popeye & Bluto's Bilge-Rat Barges®,0,False
2026-08-18 02:42:42,Universal Studios Florida,Trolls Trollercoaster,0,False
2026-08-18 02:42:42,Universal Studios Florida,E.T. Adventure,0,False
2026-08-18 02:42:42,Universal Studios Florida,Despicable Me Minion Mayhem™,0,False
2026-08-18 02:42:42,Universal Studios Florida,Illumination's Villain-Con Minion Blast,0,False
2026-08-18 02:42:42,Universal Studios Florida,Race Through New York Starring Jimmy Fallon™,0,False
2026-08-18 02:42:42,Universal Studios Florida,Revenge of the Mummy™,0,False
2026-08-18 02:42:42,Universal Studios Florida,Revenge of the Mummy™ Single Rider,0,True
2026-08-18 02:42:42,Universal Studios Florida,TRANSFORMERS™ The Ride-3D,0,False
2026-08-18 02:42:42,Universal Studios Florida,Fast & Furious - Supercharged™,0,True
2026-08-18 02:42:42,Universal Studios Florida,Fast & Furious - Supercharged™ Single Rider,0,True
2026-08-18 02:42:42,Universal Studios Florida,Harry Potter and the Escape from Gringotts™,0,False
2026-08-18 02:42:42,Universal Studios Florida,Harry Potter and the Escape from Gringotts™ Single Rider,0,True
2026-08-18 02:42:42,Universal Studios Florida,Hogwarts Express™ - King's Cross Station,0,False
2026-08-18 02:42:42,Universal Studios Florida,Hogwarts™ Express - First Train,0,False
2026-08-18 02:42:42,Universal Studios Florida,Hogwarts™ Express - Last Train,0,False
2026-08-18 02:42:42,Universal Studios Florida,Ollivanders™ Experience in Diagon Alley™,5,True
2026-08-18 02:42:42,Universal Studios Florida,Kang & Kodos' Twirl 'n' Hurl,0,False
2026-08-18 02:42:42,Universal Studios Florida,MEN IN BLACK™ Alien Attack!,0,False
2026-08-18 02:42:42,Universal Studios Florida,MEN IN BLACK™ Alien Attack!™ Single Rider,0,True
2026-08-18 02:42:42,Universal Studios Florida,The Simpsons Ride™,0,False
2026-08-18 02:42:42,Epic Universe,Constellation Carousel,0,False
2026-08-18 02:42:42,Epic Universe,Stardust Racers,0,False
2026-08-18 02:42:42,Epic Universe,Curse of the Werewolf,0,False
2026-08-18 02:42:42,Epic Universe,Curse of the Werewolf Single Rider,0,True
2026-08-18 02:42:42,Epic Universe,Monsters Unchained: The Frankenstein Experiment,0,False
2026-08-18 02:42:42,Epic Universe,Monsters Unchained: The Frankenstein Experiment Single Rider,0,True
2026-08-18 02:42:42,Epic Universe,Dragon Racer's Rally,0,False
2026-08-18 02:42:42,Epic Universe,Fyre Drill,0,False
2026-08-18 02:42:42,Epic Universe,Hiccup's Wing Gliders,0,False
2026-08-18 02:42:42,Epic Universe,Meet Toothless and Friends,65,True
2026-08-18 02:42:42,Epic Universe,Bowser Jr. Challenge,0,False
2026-08-18 02:42:42,Epic Universe,Mario Kart™: Bowser's Challenge,0,False
2026-08-18 02:42:42,Epic Universe,Mario Kart™: Bowser's Challenge Single Rider,0,True
2026-08-18 02:42:42,Epic Universe,Mine-Cart Madness™,0,False
2026-08-18 02:42:42,Epic Universe,Mine-Cart Madness™ Single Rider,0,True
2026-08-18 02:42:42,Epic Universe,Yoshi's Adventure™,0,False
2026-08-18 02:42:42,Epic Universe,Harry Potter and the Battle at the Ministry™,0,False
2026-08-18 02:42:42,Epic Universe,Harry Potter and the Battle at the Ministry™ Single Rider,0,True
2026-08-18 03:28:55,Islands of Adventure,Camp Jurassic™,0,False
2026-08-18 03:28:55,Islands of Adventure,Jurassic Park Discovery Center,0,False
2026-08-18 03:28:55,Islands of Adventure,Jurassic Park River Adventure,0,False
2026-08-18 03:28:55,Islands of Adventure,Jurassic World VelociCoaster,0,False
2026-08-18 03:28:55,Islands of Adventure,Pteranodon Flyers,0,False
2026-08-18 03:28:55,Islands of Adventure,Skull Island: Reign of Kong,0,False
2026-08-18 03:28:55,Islands of Adventure,Doctor Doom's Fearfall®,0,False
2026-08-18 03:28:55,Islands of Adventure,Doctor Doom's Fearfall® Single Rider,0,True
2026-08-18 03:28:55,Islands of Adventure,Storm Force Accelatron®,0,False
2026-08-18 03:28:55,Islands of Adventure,The Amazing Adventures of Spider-Man®,0,False
2026-08-18 03:28:55,Islands of Adventure,The Incredible Hulk Coaster®,0,False
2026-08-18 03:28:55,Islands of Adventure,The Incredible Hulk Coaster® Single Rider,0,True
2026-08-18 03:28:55,Islands of Adventure,Caro-Seuss-el™,0,False
2026-08-18 03:28:55,Islands of Adventure,If I Ran The Zoo™,0,False
2026-08-18 03:28:55,Islands of Adventure,"One Fish, Two Fish, Red Fish, Blue Fish™",0,False
2026-08-18 03:28:55,Islands of Adventure,The Cat in The Hat™,0,False
2026-08-18 03:28:55,Islands of Adventure,The High in the Sky Seuss Trolley Train Ride!™,0,False
2026-08-18 03:28:55,Islands of Adventure,Flight of the Hippogriff™,0,False
2026-08-18 03:28:55,Islands of Adventure,Hagrid's Magical Creatures Motorbike Adventure™,0,False
2026-08-18 03:28:55,Islands of Adventure,Hagrid's Magical Creatures Motorbike Adventure™ Single Rider,0,True
2026-08-18 03:28:55,Islands of Adventure,Harry Potter and the Forbidden Journey™,0,False
2026-08-18 03:28:55,Islands of Adventure,Harry Potter and the Forbidden Journey™ Single Rider,0,True
2026-08-18 03:28:55,Islands of Adventure,Hogwarts Express™ - Hogsmeade™ Station,0,False
2026-08-18 03:28:55,Islands of Adventure,Ollivanders™ Experience in Hogsmeade™,10,True
2026-08-18 03:28:55,Islands of Adventure,Dudley Do-Right's Ripsaw Falls®,0,False
2026-08-18 03:28:55,Islands of Adventure,"Me Ship, The Olive®",0,False
2026-08-18 03:28:55,Islands of Adventure,Popeye & Bluto's Bilge-Rat Barges®,0,False
2026-08-18 03:28:55,Universal Studios Florida,Trolls Trollercoaster,0,False
2026-08-18 03:28:55,Universal Studios Florida,E.T. Adventure,0,False
2026-08-18 03:28:55,Universal Studios Florida,Despicable Me Minion Mayhem™,0,False
2026-08-18 03:28:55,Universal Studios Florida,Illumination's Villain-Con Minion Blast,0,False
2026-08-18 03:28:55,Universal Studios Florida,Race Through New York Starring Jimmy Fallon™,0,False
2026-08-18 03:28:55,Universal Studios Florida,Revenge of the Mummy™,0,False
2026-08-18 03:28:55,Universal Studios Florida,Revenge of the Mummy™ Single Rider,0,True
2026-08-18 03:28:55,Universal Studios Florida,TRANSFORMERS™ The Ride-3D,0,False
2026-08-18 03:28:55,Universal Studios Florida,Fast & Furious - Supercharged™,0,True
2026-08-18 03:28:55,Universal Studios Florida,Fast & Furious - Supercharged™ Single Rider,0,True
2026-08-18 03:28:55,Universal Studios Florida,Harry Potter and the Escape from Gringotts™,0,False
2026-08-18 03:28:55,Universal Studios Florida,Harry Potter and the Escape from Gringotts™ Single Rider,0,True
2026-08-18 03:28:55,Universal Studios Florida,Hogwarts Express™ - King's Cross Station,0,False
2026-08-18 03:28:55,Universal Studios Florida,Hogwarts™ Express - First Train,0,False
2026-08-18 03:28:55,Universal Studios Florida,Hogwarts™ Express - Last Train,0,False
2026-08-18 03:28:55,Universal Studios Florida,Ollivanders™ Experience in Diagon Alley™,5,True
2026-08-18 03:28:55,Universal Studios Florida,Kang & Kodos' Twirl 'n' Hurl,0,False
2026-08-18 03:28:55,Universal Studios Florida,MEN IN BLACK™ Alien Attack!,0,False
2026-08-18 03:28:55,Universal Studios Florida,MEN IN BLACK™ Alien Attack!™ Single Rider,0,True
2026-08-18 03:28:55,Universal Studios Florida,The Simpsons Ride™,0,False
2026-08-18 03:28:55,Epic Universe,Constellation Carousel,0,False
2026-08-18 03:28:55,Epic Universe,Stardust Racers,0,False
2026-08-18 03:28:55,Epic Universe,Curse of the Werewolf,0,False
2026-08-18 03:28:55,Epic Universe,Curse of the Werewolf Single Rider,0,True
2026-08-18 03:28:55,Epic Universe,Monsters Unchained: The Frankenstein Experiment,0,False
2026-08-18 03:28:55,Epic Universe,Monsters Unchained: The Frankenstein Experiment Single Rider,0,True
2026-08-18 03:28:55,Epic Universe,Dragon Racer's Rally,0,False
2026-08-18 03:28:55,Epic Universe,Fyre Drill,0,False
2026-08-18 03:28:55,Epic Universe,Hiccup's Wing Gliders,0,False
2026-08-18 03:28:55,Epic Universe,Meet Toothless and Friends,65,True
2026-08-18 03:28:55,Epic Universe,Bowser Jr. Challenge,0,False
2026-08-18 03:28:55,Epic Universe,Mario Kart™: Bowser's Challenge,0,False
2026-08-18 03:28:55,Epic Universe,Mario Kart™: Bowser's Challenge Single Rider,0,True
2026-08-18 03:28:55,Epic Universe,Mine-Cart Madness™,0,False
2026-08-18 03:28:55,Epic Universe,Mine-Cart Madness™ Single Rider,0,True
2026-08-18 03:28:55,Epic Universe,Yoshi's Adventure™,0,False
2026-08-18 03:28:55,Epic Universe,Harry Potter and the Battle at the Ministry™,0,False
2026-08-18 03:28:55,Epic Universe,Harry Potter and the Battle at the Ministry™ Single Rider,0,True
2026-08-18 04:10:19,Islands of Adventure,Camp Jurassic™,0,False
2026-08-18 04:10:19,Islands of Adventure,Jurassic Park Discovery Center,0,False
2026-08-18 04:10:19,Islands of Adventure,Jurassic Park River Adventure,0,False
2026-08-18 04:10:19,Islands of Adventure,Jurassic World VelociCoaster,0,False
2026-08-18 04:10:19,Islands of Adventure,Pteranodon Flyers,0,False
2026-08-18 04:10:19,Islands of Adventure,Skull Island: Reign of Kong,0,False
2026-08-18 04:10:19,Islands of Adventure,Doctor Doom's Fearfall®,0,False
2026-08-18 04:10:19,Islands of Adventure,Doctor Doom's Fearfall® Single Rider,0,True
2026-08-18 04:10:19,Islands of Adventure,Storm Force Accelatron®,0,False
2026-08-18 04:10:19,Islands of Adventure,The Amazing Adventures of Spider-Man®,0,False
2026-08-18 04:10:19,Islands of Adventure,The Incredible Hulk Coaster®,0,False
2026-08-18 04:10:19,Islands of Adventure,The Incredible Hulk Coaster® Single Rider,0,True
2026-08-18 04:10:19,Islands of Adventure,Caro-Seuss-el™,0,False
2026-08-18 04:10:19,Islands of Adventure,If I Ran The Zoo™,0,False
2026-08-18 04:10:19,Islands of Adventure,"One Fish, Two Fish, Red Fish, Blue Fish™",0,False
2026-08-18 04:10:19,Islands of Adventure,The Cat in The Hat™,0,False
2026-08-18 04:10:19,Islands of Adventure,The High in the Sky Seuss Trolley Train Ride!™,0,False
2026-08-18 04:10:19,Islands of Adventure,Flight of the Hippogriff™,0,False
2026-08-18 04:10:19,Islands of Adventure,Hagrid's Magical Creatures Motorbike Adventure™,0,False
2026-08-18 04:10:19,Islands of Adventure,Hagrid's Magical Creatures Motorbike Adventure™ Single Rider,0,True
2026-08-18 04:10:19,Islands of Adventure,Harry Potter and the Forbidden Journey™,0,False
2026-08-18 04:10:19,Islands of Adventure,Harry Potter and the Forbidden Journey™ Single Rider,0,True
2026-08-18 04:10:19,Islands of Adventure,Hogwarts Express™ - Hogsmeade™ Station,0,False
2026-08-18 04:10:19,Islands of Adventure,Ollivanders™ Experience in Hogsmeade™,10,True
2026-08-18 04:10:19,Islands of Adventure,Dudley Do-Right's Ripsaw Falls®,0,False
2026-08-18 04:10:19,Islands of Adventure,"Me Ship, The Olive®",0,False
2026-08-18 04:10:19,Islands of Adventure,Popeye & Bluto's Bilge-Rat Barges®,0,False
2026-08-18 04:10:19,Universal Studios Florida,Trolls Trollercoaster,0,False
2026-08-18 04:10:19,Universal Studios Florida,E.T. Adventure,0,False
2026-08-18 04:10:19,Universal Studios Florida,Despicable Me Minion Mayhem™,0,False
2026-08-18 04:10:19,Universal Studios Florida,Illumination's Villain-Con Minion Blast,0,False
2026-08-18 04:10:19,Universal Studios Florida,Race Through New York Starring Jimmy Fallon™,0,False
2026-08-18 04:10:19,Universal Studios Florida,Revenge of the Mummy™,0,False
2026-08-18 04:10:19,Universal Studios Florida,Revenge of the Mummy™ Single Rider,0,True
2026-08-18 04:10:19,Universal Studios Florida,TRANSFORMERS™ The Ride-3D,0,False
2026-08-18 04:10:19,Universal Studios Florida,Fast & Furious - Supercharged™,0,True
2026-08-18 04:10:19,Universal Studios Florida,Fast & Furious - Supercharged™ Single Rider,0,True
2026-08-18 04:10:19,Universal Studios Florida,Harry Potter and the Escape from Gringotts™,0,False
2026-08-18 04:10:19,Universal Studios Florida,Harry Potter and the Escape from Gringotts™ Single Rider,0,True
2026-08-18 04:10:19,Universal Studios Florida,Hogwarts Express™ - King's Cross Station,0,False
2026-08-18 04:10:19,Universal Studios Florida,Hogwarts™ Express - First Train,0,False
2026-08-18 04:10:19,Universal Studios Florida,Hogwarts™ Express - Last Train,0,False
2026-08-18 04:10:19,Universal Studios Florida,Ollivanders™ Experience in Diagon Alley™,5,True
2026-08-18 04:10:19,Universal Studios Florida,Kang & Kodos' Twirl 'n' Hurl,0,False
2026-08-18 04:10:19,Universal Studios Florida,MEN IN BLACK™ Alien Attack!,0,False
2026-08-18 04:10:19,Universal Studios Florida,MEN IN BLACK™ Alien Attack!™ Single Rider,0,True
2026-08-18 04:10:19,Universal Studios Florida,The Simpsons Ride™,0,False
2026-08-18 04:10:19,Epic Universe,Constellation Carousel,0,False
2026-08-18 04:10:19,Epic Universe,Stardust Racers,0,False
2026-08-18 04:10:19,Epic Universe,Curse of the Werewolf,0,False
2026-08-18 04:10:19,Epic Universe,Curse of the Werewolf Single Rider,0,True
2026-08-18 04:10:19,Epic Universe,Monsters Unchained: The Frankenstein Experiment,0,False
2026-08-18 04:10:19,Epic Universe,Monsters Unchained: The Frankenstein Experiment Single Rider,0,True
2026-08-18 04:10:19,Epic Universe,Dragon Racer's Rally,0,False
2026-08-18 04:10:19,Epic Universe,Fyre Drill,0,False
2026-08-18 04:10:19,Epic Universe,Hiccup's Wing Gliders,0,False
2026-08-18 04:10:19,Epic Universe,Meet Toothless and Friends,65,True
2026-08-18 04:10:19,Epic Universe,Bowser Jr. Challenge,0,False
2026-08-18 04:10:19,Epic Universe,Mario Kart™: Bowser's Challenge,0,False
2026-08-18 04:10:19,Epic Universe,Mario Kart™: Bowser's Challenge Single Rider,0,True
2026-08-18 04:10:19,Epic Universe,Mine-Cart Madness™,0,False
2026-08-18 04:10:19,Epic Universe,Mine-Cart Madness™ Single Rider,0,True
2026-08-18 04:10:19,Epic Universe,Yoshi's Adventure™,0,False
2026-08-18 04:10:19,Epic Universe,Harry Potter and the Battle at the Ministry™,0,False
2026-08-18 04:10:19,Epic Universe,Harry Potter and the Battle at the Ministry™ Single Rider,0,True
2026-08-18 04:52:36,Islands of Adventure,Camp Jurassic™,0,False
2026-08-18 04:52:36,Islands of Adventure,Jurassic Park Discovery Center,0,False
2026-08-18 04:52:36,Islands of Adventure,Jurassic Park River Adventure,0,False
2026-08-18 04:52:36,Islands of Adventure,Jurassic World VelociCoaster,0,False
2026-08-18 04:52:36,Islands of Adventure,Pteranodon Flyers,0,False
2026-08-18 04:52:36,Islands of Adventure,Skull Island: Reign of Kong,0,False
2026-08-18 04:52:36,Islands of Adventure,Doctor Doom's Fearfall®,0,False
2026-08-18 04:52:36,Islands of Adventure,Doctor Doom's Fearfall® Single Rider,0,True
2026-08-18 04:52:36,Islands of Adventure,Storm Force Accelatron®,0,False
2026-08-18 04:52:36,Islands of Adventure,The Amazing Adventures of Spider-Man®,0,False
2026-08-18 04:52:36,Islands of Adventure,The Incredible Hulk Coaster®,0,False
2026-08-18 04:52:36,Islands of Adventure,The Incredible Hulk Coaster® Single Rider,0,True
2026-08-18 04:52:36,Islands of Adventure,Caro-Seuss-el™,0,False
2026-08-18 04:52:36,Islands of Adventure,If I Ran The Zoo™,0,False
2026-08-18 04:52:36,Islands of Adventure,"One Fish, Two Fish, Red Fish, Blue Fish™",0,False
2026-08-18 04:52:36,Islands of Adventure,The Cat in The Hat™,0,False
2026-08-18 04:52:36,Islands of Adventure,The High in the Sky Seuss Trolley Train Ride!™,0,False
2026-08-18 04:52:36,Islands of Adventure,Flight of the Hippogriff™,0,False
2026-08-18 04:52:36,Islands of Adventure,Hagrid's Magical Creatures Motorbike Adventure™,0,False
2026-08-18 04:52:36,Islands of Adventure,Hagrid's Magical Creatures Motorbike Adventure™ Single Rider,0,True
2026-08-18 04:52:36,Islands of Adventure,Harry Potter and the Forbidden Journey™,0,False
2026-08-18 04:52:36,Islands of Adventure,Harry Potter and the Forbidden Journey™ Single Rider,0,True
2026-08-18 04:52:36,Islands of Adventure,Hogwarts Express™ - Hogsmeade™ Station,0,False
2026-08-18 04:52:36,Islands of Adventure,Ollivanders™ Experience in Hogsmeade™,10,True
2026-08-18 04:52:36,Islands of Adventure,Dudley Do-Right's Ripsaw Falls®,0,False
2026-08-18 04:52:36,Islands of Adventure,"Me Ship, The Olive®",0,False
2026-08-18 04:52:36,Islands of Adventure,Popeye & Bluto's Bilge-Rat Barges®,0,False
2026-08-18 04:52:36,Universal Studios Florida,Trolls Trollercoaster,0,False
2026-08-18 04:52:36,Universal Studios Florida,E.T. Adventure,0,False
2026-08-18 04:52:36,Universal Studios Florida,Despicable Me Minion Mayhem™,0,False
2026-08-18 04:52:36,Universal Studios Florida,Illumination's Villain-Con Minion Blast,0,False
2026-08-18 04:52:36,Universal Studios Florida,Race Through New York Starring Jimmy Fallon™,0,False
2026-08-18 04:52:36,Universal Studios Florida,Revenge of the Mummy™,0,False
2026-08-18 04:52:36,Universal Studios Florida,Revenge of the Mummy™ Single Rider,0,True
2026-08-18 04:52:36,Universal Studios Florida,TRANSFORMERS™ The Ride-3D,0,False
2026-08-18 04:52:36,Universal Studios Florida,Fast & Furious - Supercharged™,0,True
2026-08-18 04:52:36,Universal Studios Florida,Fast & Furious - Supercharged™ Single Rider,0,True
2026-08-18 04:52:36,Universal Studios Florida,Harry Potter and the Escape from Gringotts™,0,False
2026-08-18 04:52:36,Universal Studios Florida,Harry Potter and the Escape from Gringotts™ Single Rider,0,True
2026-08-18 04:52:36,Universal Studios Florida,Hogwarts Express™ - King's Cross Station,0,False
2026-08-18 04:52:36,Universal Studios Florida,Hogwarts™ Express - First Train,0,False
2026-08-18 04:52:36,Universal Studios Florida,Hogwarts™ Express - Last Train,0,False
2026-08-18 04:52:36,Universal Studios Florida,Ollivanders™ Experience in Diagon Alley™,5,True
2026-08-18 04:52:36,Universal Studios Florida,Kang & Kodos' Twirl 'n' Hurl,0,False
2026-08-18 04:52:36,Universal Studios Florida,MEN IN BLACK™ Alien Attack!,0,False
2026-08-18 04:52:36,Universal Studios Florida,MEN IN BLACK™ Alien Attack!™ Single Rider,0,True
2026-08-18 04:52:36,Universal Studios Florida,The Simpsons Ride™,0,False
2026-08-18 04:52:36,Epic Universe,Constellation Carousel,0,False
2026-08-18 04:52:36,Epic Universe,Stardust Racers,0,False
2026-08-18 04:52:36,Epic Universe,Curse of the Werewolf,0,False
2026-08-18 04:52:36,Epic Universe,Curse of the Werewolf Single Rider,0,True
2026-08-18 04:52:36,Epic Universe,Monsters Unchained: The Frankenstein Experiment,0,False
2026-08-18 04:52:36,Epic Universe,Monsters Unchained: The Frankenstein Experiment Single Rider,0,True
2026-08-18 04:52:36,Epic Universe,Dragon Racer's Rally,0,False
2026-08-18 04:52:36,Epic Universe,Fyre Drill,0,False
2026-08-18 04:52:36,Epic Universe,Hiccup's Wing Gliders,0,False
2026-08-18 04:52:36,Epic Universe,Meet Toothless and Friends,65,True
2026-08-18 04:52:36,Epic Universe,Bowser Jr. Challenge,0,False
2026-08-18 04:52:36,Epic Universe,Mario Kart™: Bowser's Challenge,0,False
2026-08-18 04:52:36,Epic Universe,Mario Kart™: Bowser's Challenge Single Rider,0,True
2026-08-18 04:52:36,Epic Universe,Mine-Cart Madness™,0,False
2026-08-18 04:52:36,Epic Universe,Mine-Cart Madness™ Single Rider,0,True
2026-08-18 04:52:36,Epic Universe,Yoshi's Adventure™,0,False
2026-08-18 04:52:36,Epic Universe,Harry Potter and the Battle at the Ministry™,0,False
2026-08-18 04:52:36,Epic Universe,Harry Potter and the Battle at the Ministry™ Single Rider,0,True
2026-08-18 05:30:31,Islands of Adventure,Camp Jurassic™,0,False
2026-08-18 05:30:31,Islands of Adventure,Jurassic Park Discovery Center,0,False
2026-08-18 05:30:31,Islands of Adventure,Jurassic Park River Adventure,0,False
2026-08-18 05:30:31,Islands of Adventure,Jurassic World VelociCoaster,0,False
2026-08-18 05:30:31,Islands of Adventure,Pteranodon Flyers,0,False
2026-08-18 05:30:31,Islands of Adventure,Skull Island: Reign of Kong,0,False
2026-08-18 05:30:31,Islands of Adventure,Doctor Doom's Fearfall®,0,False
2026-08-18 05:30:31,Islands of Adventure,Doctor Doom's Fearfall® Single Rider,0,True
2026-08-18 05:30:31,Islands of Adventure,Storm Force Accelatron®,0,False
2026-08-18 05:30:31,Islands of Adventure,The Amazing Adventures of Spider-Man®,0,False
2026-08-18 05:30:31,Islands of Adventure,The Incredible Hulk Coaster®,0,False
2026-08-18 05:30:31,Islands of Adventure,The Incredible Hulk Coaster® Single Rider,0,True
2026-08-18 05:30:31,Islands of Adventure,Caro-Seuss-el™,0,False
2026-08-18 05:30:31,Islands of Adventure,If I Ran The Zoo™,0,False
2026-08-18 05:30:31,Islands of Adventure,"One Fish, Two Fish, Red Fish, Blue Fish™",0,False
2026-08-18 05:30:31,Islands of Adventure,The Cat in The Hat™,0,False
2026-08-18 05:30:31,Islands of Adventure,The High in the Sky Seuss Trolley Train Ride!™,0,False
2026-08-18 05:30:31,Islands of Adventure,Flight of the Hippogriff™,0,False
2026-08-18 05:30:31,Islands of Adventure,Hagrid's Magical Creatures Motorbike Adventure™,0,False
2026-08-18 05:30:31,Islands of Adventure,Hagrid's Magical Creatures Motorbike Adventure™ Single Rider,0,True
2026-08-18 05:30:31,Islands of Adventure,Harry Potter and the Forbidden Journey™,0,False
2026-08-18 05:30:31,Islands of Adventure,Harry Potter and the Forbidden Journey™ Single Rider,0,True
2026-08-18 05:30:31,Islands of Adventure,Hogwarts Express™ - Hogsmeade™ Station,0,False
2026-08-18 05:30:31,Islands of Adventure,Ollivanders™ Experience in Hogsmeade™,10,True
2026-08-18 05:30:31,Islands of Adventure,Dudley Do-Right's Ripsaw Falls®,0,False
2026-08-18 05:30:31,Islands of Adventure,"Me Ship, The Olive®",0,False
2026-08-18 05:30:31,Islands of Adventure,Popeye & Bluto's Bilge-Rat Barges®,0,False
2026-08-18 05:30:31,Universal Studios Florida,Trolls Trollercoaster,0,False
2026-08-18 05:30:31,Universal Studios Florida,E.T. Adventure,0,False
2026-08-18 05:30:31,Universal Studios Florida,Despicable Me Minion Mayhem™,0,False
2026-08-18 05:30:31,Universal Studios Florida,Illumination's Villain-Con Minion Blast,0,False
2026-08-18 05:30:31,Universal Studios Florida,Race Through New York Starring Jimmy Fallon™,0,False
2026-08-18 05:30:31,Universal Studios Florida,Revenge of the Mummy™,0,False
2026-08-18 05:30:31,Universal Studios Florida,Revenge of the Mummy™ Single Rider,0,True
2026-08-18 05:30:31,Universal Studios Florida,TRANSFORMERS™ The Ride-3D,0,False
2026-08-18 05:30:31,Universal Studios Florida,Fast & Furious - Supercharged™,0,True
2026-08-18 05:30:31,Universal Studios Florida,Fast & Furious - Supercharged™ Single Rider,0,True
2026-08-18 05:30:31,Universal Studios Florida,Harry Potter and the Escape from Gringotts™,0,False
2026-08-18 05:30:31,Universal Studios Florida,Harry Potter and the Escape from Gringotts™ Single Rider,0,True
2026-08-18 05:30:31,Universal Studios Florida,Hogwarts Express™ - King's Cross Station,0,False
2026-08-18 05:30:31,Universal Studios Florida,Hogwarts™ Express - First Train,0,False
2026-08-18 05:30:31,Universal Studios Florida,Hogwarts™ Express - Last Train,0,False
2026-08-18 05:30:31,Universal Studios Florida,Ollivanders™ Experience in Diagon Alley™,5,True
2026-08-18 05:30:31,Universal Studios Florida,Kang & Kodos' Twirl 'n' Hurl,0,False
2026-08-18 05:30:31,Universal Studios Florida,MEN IN BLACK™ Alien Attack!,0,False
2026-08-18 05:30:31,Universal Studios Florida,MEN IN BLACK™ Alien Attack!™ Single Rider,0,True
2026-08-18 05:30:31,Universal Studios Florida,The Simpsons Ride™,0,False
2026-08-18 05:30:31,Epic Universe,Constellation Carousel,0,False
2026-08-18 05:30:31,Epic Universe,Stardust Racers,0,False
2026-08-18 05:30:31,Epic Universe,Curse of the Werewolf,0,False
2026-08-18 05:30:31,Epic Universe,Curse of the Werewolf Single Rider,0,True
2026-08-18 05:30:31,Epic Universe,Monsters Unchained: The Frankenstein Experiment,0,False
2026-08-18 05:30:31,Epic Universe,Monsters Unchained: The Frankenstein Experiment Single Rider,0,True
2026-08-18 05:30:31,Epic Universe,Dragon Racer's Rally,0,False
2026-08-18 05:30:31,Epic Universe,Fyre Drill,0,False
2026-08-18 05:30:31,Epic Universe,Hiccup's Wing Gliders,0,False
2026-08-18 05:30:31,Epic Universe,Meet Toothless and Friends,65,True
2026-08-18 05:30:31,Epic Universe,Bowser Jr. Challenge,0,False
2026-08-18 05:30:31,Epic Universe,Mario Kart™: Bowser's Challenge,0,False
2026-08-18 05:30:31,Epic Universe,Mario Kart™: Bowser's Challenge Single Rider,0,True
2026-08-18 05:30:31,Epic Universe,Mine-Cart Madness™,0,False
2026-08-18 05:30:31,Epic Universe,Mine-Cart Madness™ Single Rider,0,True
2026-08-18 05:30:31,Epic Universe,Yoshi's Adventure™,0,False
2026-08-18 05:30:31,Epic Universe,Harry Potter and the Battle at the Ministry™,0,False
2026-08-18 05:30:31,Epic Universe,Harry Potter and the Battle at the Ministry™ Single Rider,0,True
2026-08-18 06:01:57,Islands of Adventure,Camp Jurassic™,0,False
2026-08-18 06:01:57,Islands of Adventure,Jurassic Park Discovery Center,0,False
2026-08-18 06:01:57,Islands of Adventure,Jurassic Park River Adventure,0,False
2026-08-18 06:01:57,Islands of Adventure,Jurassic World VelociCoaster,0,False
2026-08-18 06:01:57,Islands of Adventure,Pteranodon Flyers,0,False
2026-08-18 06:01:57,Islands of Adventure,Skull Island: Reign of Kong,0,False
2026-08-18 06:01:57,Islands of Adventure,Doctor Doom's Fearfall®,0,False
2026-08-18 06:01:57,Islands of Adventure,Doctor Doom's Fearfall® Single Rider,0,True
2026-08-18 06:01:57,Islands of Adventure,Storm Force Accelatron®,0,False
2026-08-18 06:01:57,Islands of Adventure,The Amazing Adventures of Spider-Man®,0,False
2026-08-18 06:01:57,Islands of Adventure,The Incredible Hulk Coaster®,0,False
2026-08-18 06:01:57,Islands of Adventure,The Incredible Hulk Coaster® Single Rider,0,True
2026-08-18 06:01:57,Islands of Adventure,Caro-Seuss-el™,0,False
2026-08-18 06:01:57,Islands of Adventure,If I Ran The Zoo™,0,False
2026-08-18 06:01:57,Islands of Adventure,"One Fish, Two Fish, Red Fish, Blue Fish™",0,False
2026-08-18 06:01:57,Islands of Adventure,The Cat in The Hat™,0,False
2026-08-18 06:01:57,Islands of Adventure,The High in the Sky Seuss Trolley Train Ride!™,0,False
2026-08-18 06:01:57,Islands of Adventure,Flight of the Hippogriff™,0,False
2026-08-18 06:01:57,Islands of Adventure,Hagrid's Magical Creatures Motorbike Adventure™,0,False
2026-08-18 06:01:57,Islands of Adventure,Hagrid's Magical Creatures Motorbike Adventure™ Single Rider,0,True
2026-08-18 06:01:57,Islands of Adventure,Harry Potter and the Forbidden Journey™,0,False
2026-08-18 06:01:57,Islands of Adventure,Harry Potter and the Forbidden Journey™ Single Rider,0,True
2026-08-18 06:01:57,Islands of Adventure,Hogwarts Express™ - Hogsmeade™ Station,0,False
2026-08-18 06:01:57,Islands of Adventure,Ollivanders™ Experience in Hogsmeade™,10,True
2026-08-18 06:01:57,Islands of Adventure,Dudley Do-Right's Ripsaw Falls®,0,False
2026-08-18 06:01:57,Islands of Adventure,"Me Ship, The Olive®",0,False
2026-08-18 06:01:57,Islands of Adventure,Popeye & Bluto's Bilge-Rat Barges®,0,False
2026-08-18 06:01:57,Universal Studios Florida,Trolls Trollercoaster,0,False
2026-08-18 06:01:57,Universal Studios Florida,E.T. Adventure,0,False
2026-08-18 06:01:57,Universal Studios Florida,Despicable Me Minion Mayhem™,0,False
2026-08-18 06:01:57,Universal Studios Florida,Illumination's Villain-Con Minion Blast,0,False
2026-08-18 06:01:57,Universal Studios Florida,Race Through New York Starring Jimmy Fallon™,0,False
2026-08-18 06:01:57,Universal Studios Florida,Revenge of the Mummy™,0,False
2026-08-18 06:01:57,Universal Studios Florida,Revenge of the Mummy™ Single Rider,0,True
2026-08-18 06:01:57,Universal Studios Florida,TRANSFORMERS™ The Ride-3D,0,False
2026-08-18 06:01:57,Universal Studios Florida,Fast & Furious - Supercharged™,0,True
2026-08-18 06:01:57,Universal Studios Florida,Fast & Furious - Supercharged™ Single Rider,0,True
2026-08-18 06:01:57,Universal Studios Florida,Harry Potter and the Escape from Gringotts™,0,False
2026-08-18 06:01:57,Universal Studios Florida,Harry Potter and the Escape from Gringotts™ Single Rider,0,True
2026-08-18 06:01:57,Universal Studios Florida,Hogwarts Express™ - King's Cross Station,0,False
2026-08-18 06:01:57,Universal Studios Florida,Hogwarts™ Express - First Train,0,False
2026-08-18 06:01:57,Universal Studios Florida,Hogwarts™ Express - Last Train,0,False
2026-08-18 06:01:57,Universal Studios Florida,Ollivanders™ Experience in Diagon Alley™,5,True
2026-08-18 06:01:57,Universal Studios Florida,Kang & Kodos' Twirl 'n' Hurl,0,False
2026-08-18 06:01:57,Universal Studios Florida,MEN IN BLACK™ Alien Attack!,0,False
2026-08-18 06:01:57,Universal Studios Florida,MEN IN BLACK™ Alien Attack!™ Single Rider,0,True
2026-08-18 06:01:57,Universal Studios Florida,The Simpsons Ride™,0,False
2026-08-18 06:01:57,Epic Universe,Constellation Carousel,0,False
2026-08-18 06:01:57,Epic Universe,Stardust Racers,0,False
2026-08-18 06:01:57,Epic Universe,Curse of the Werewolf,0,False
2026-08-18 06:01:57,Epic Universe,Curse of the Werewolf Single Rider,0,True
2026-08-18 06:01:57,Epic Universe,Monsters Unchained: The Frankenstein Experiment,0,False
2026-08-18 06:01:57,Epic Universe,Monsters Unchained: The Frankenstein Experiment Single Rider,0,True
2026-08-18 06:01:57,Epic Universe,Dragon Racer's Rally,0,False
2026-08-18 06:01:57,Epic Universe,Fyre Drill,0,False
2026-08-18 06:01:57,Epic Universe,Hiccup's Wing Gliders,0,False
2026-08-18 06:01:57,Epic Universe,Meet Toothless and Friends,65,True
2026-08-18 06:01:57,Epic Universe,Bowser Jr. Challenge,0,False
2026-08-18 06:01:57,Epic Universe,Mario Kart™: Bowser's Challenge,0,False
2026-08-18 06:01:57,Epic Universe,Mario Kart™: Bowser's Challenge Single Rider,0,True
2026-08-18 06:01:57,Epic Universe,Mine-Cart Madness™,0,False
2026-08-18 06:01:57,Epic Universe,Mine-Cart Madness™ Single Rider,0,True
2026-08-18 06:01:57,Epic Universe,Yoshi's Adventure™,0,False
2026-08-18 06:01:57,Epic Universe,Harry Potter and the Battle at the Ministry™,0,False
2026-08-18 06:01:57,Epic Universe,Harry Potter and the Battle at the Ministry™ Single Rider,0,True
2026-08-18 07:04:06,Islands of Adventure,Camp Jurassic™,0,False
2026-08-18 07:04:06,Islands of Adventure,Jurassic Park Discovery Center,0,False
2026-08-18 07:04:06,Islands of Adventure,Jurassic Park River Adventure,0,False
2026-08-18 07:04:06,Islands of Adventure,Jurassic World VelociCoaster,0,False
2026-08-18 07:04:06,Islands of Adventure,Pteranodon Flyers,0,False
2026-08-18 07:04:06,Islands of Adventure,Skull Island: Reign of Kong,0,False
2026-08-18 07:04:06,Islands of Adventure,Doctor Doom's Fearfall®,0,False
2026-08-18 07:04:06,Islands of Adventure,Doctor Doom's Fearfall® Single Rider,0,True
2026-08-18 07:04:06,Islands of Adventure,Storm Force Accelatron®,0,False
2026-08-18 07:04:06,Islands of Adventure,The Amazing Adventures of Spider-Man®,0,False
2026-08-18 07:04:06,Islands of Adventure,The Incredible Hulk Coaster®,0,False
2026-08-18 07:04:06,Islands of Adventure,The Incredible Hulk Coaster® Single Rider,0,True
2026-08-18 07:04:06,Islands of Adventure,Caro-Seuss-el™,0,False
2026-08-18 07:04:06,Islands of Adventure,If I Ran The Zoo™,0,False
2026-08-18 07:04:06,Islands of Adventure,"One Fish, Two Fish, Red Fish, Blue Fish™",0,False
2026-08-18 07:04:06,Islands of Adventure,The Cat in The Hat™,0,False
2026-08-18 07:04:06,Islands of Adventure,The High in the Sky Seuss Trolley Train Ride!™,0,False
2026-08-18 07:04:06,Islands of Adventure,Flight of the Hippogriff™,0,False
2026-08-18 07:04:06,Islands of Adventure,Hagrid's Magical Creatures Motorbike Adventure™,0,False
2026-08-18 07:04:06,Islands of Adventure,Hagrid's Magical Creatures Motorbike Adventure™ Single Rider,0,True
2026-08-18 07:04:06,Islands of Adventure,Harry Potter and the Forbidden Journey™,0,False
2026-08-18 07:04:06,Islands of Adventure,Harry Potter and the Forbidden Journey™ Single Rider,0,True
2026-08-18 07:04:06,Islands of Adventure,Hogwarts Express™ - Hogsmeade™ Station,0,False
2026-08-18 07:04:06,Islands of Adventure,Ollivanders™ Experience in Hogsmeade™,10,True
2026-08-18 07:04:06,Islands of Adventure,Dudley Do-Right's Ripsaw Falls®,0,False
2026-08-18 07:04:06,Islands of Adventure,"Me Ship, The Olive®",0,False
2026-08-18 07:04:06,Islands of Adventure,Popeye & Bluto's Bilge-Rat Barges®,0,False
2026-08-18 07:04:06,Universal Studios Florida,Trolls Trollercoaster,0,False
2026-08-18 07:04:06,Universal Studios Florida,E.T. Adventure,0,False
2026-08-18 07:04:06,Universal Studios Florida,Despicable Me Minion Mayhem™,0,False
2026-08-18 07:04:06,Universal Studios Florida,Illumination's Villain-Con Minion Blast,0,False
2026-08-18 07:04:06,Universal Studios Florida,Race Through New York Starring Jimmy Fallon™,0,False
2026-08-18 07:04:06,Universal Studios Florida,Revenge of the Mummy™,0,False
2026-08-18 07:04:06,Universal Studios Florida,Revenge of the Mummy™ Single Rider,0,True
2026-08-18 07:04:06,Universal Studios Florida,TRANSFORMERS™ The Ride-3D,0,False
2026-08-18 07:04:06,Universal Studios Florida,Fast & Furious - Supercharged™,0,True
2026-08-18 07:04:06,Universal Studios Florida,Fast & Furious - Supercharged™ Single Rider,0,True
2026-08-18 07:04:06,Universal Studios Florida,Harry Potter and the Escape from Gringotts™,0,False
2026-08-18 07:04:06,Universal Studios Florida,Harry Potter and the Escape from Gringotts™ Single Rider,0,True
2026-08-18 07:04:06,Universal Studios Florida,Hogwarts Express™ - King's Cross Station,0,False
2026-08-18 07:04:06,Universal Studios Florida,Hogwarts™ Express - First Train,0,False
2026-08-18 07:04:06,Universal Studios Florida,Hogwarts™ Express - Last Train,0,False
2026-08-18 07:04:06,Universal Studios Florida,Ollivanders™ Experience in Diagon Alley™,5,True
2026-08-18 07:04:06,Universal Studios Florida,Kang & Kodos' Twirl 'n' Hurl,0,False
2026-08-18 07:04:06,Universal Studios Florida,MEN IN BLACK™ Alien Attack!,0,False
2026-08-18 07:04:06,Universal Studios Florida,MEN IN BLACK™ Alien Attack!™ Single Rider,0,True
2026-08-18 07:04:06,Universal Studios Florida,The Simpsons Ride™,0,False
2026-08-18 07:04:06,Epic Universe,Constellation Carousel,0,False
2026-08-18 07:04:06,Epic Universe,Stardust Racers,0,False
2026-08-18 07:04:06,Epic Universe,Curse of the Werewolf,0,False
2026-08-18 07:04:06,Epic Universe,Curse of the Werewolf Single Rider,0,True
2026-08-18 07:04:06,Epic Universe,Monsters Unchained: The Frankenstein Experiment,0,False
2026-08-18 07:04:06,Epic Universe,Monsters Unchained: The Frankenstein Experiment Single Rider,0,True
2026-08-18 07:04:06,Epic Universe,Dragon Racer's Rally,0,False
2026-08-18 07:04:06,Epic Universe,Fyre Drill,0,False
2026-08-18 07:04:06,Epic Universe,Hiccup's Wing Gliders,0,False
2026-08-18 07:04:06,Epic Universe,Meet Toothless and Friends,65,True
2026-08-18 07:04:06,Epic Universe,Bowser Jr. Challenge,0,False
2026-08-18 07:04:06,Epic Universe,Mario Kart™: Bowser's Challenge,0,False
2026-08-18 07:04:06,Epic Universe,Mario Kart™: Bowser's Challenge Single Rider,0,True
2026-08-18 07:04:06,Epic Universe,Mine-Cart Madness™,0,False
2026-08-18 07:04:06,Epic Universe,Mine-Cart Madness™ Single Rider,0,True
2026-08-18 07:04:06,Epic Universe,Yoshi's Adventure™,0,False
2026-08-18 07:04:06,Epic Universe,Harry Potter and the Battle at the Ministry™,0,False
2026-08-18 07:04:06,Epic Universe,Harry Potter and the Battle at the Ministry™ Single Rider,0,True
2026-08-18 07:53:47,Islands of Adventure,Camp Jurassic™,0,False
2026-08-18 07:53:47,Islands of Adventure,Jurassic Park Discovery Center,0,False
2026-08-18 07:53:47,Islands of Adventure,Jurassic Park River Adventure,0,False
2026-08-18 07:53:47,Islands of Adventure,Jurassic World VelociCoaster,0,False
2026-08-18 07:53:47,Islands of Adventure,Pteranodon Flyers,0,False
2026-08-18 07:53:47,Islands of Adventure,Skull Island: Reign of Kong,0,False
2026-08-18 07:53:47,Islands of Adventure,Doctor Doom's Fearfall®,0,False
2026-08-18 07:53:47,Islands of Adventure,Doctor Doom's Fearfall® Single Rider,0,True
2026-08-18 07:53:47,Islands of Adventure,Storm Force Accelatron®,0,False
2026-08-18 07:53:47,Islands of Adventure,The Amazing Adventures of Spider-Man®,0,False
2026-08-18 07:53:47,Islands of Adventure,The Incredible Hulk Coaster®,0,False
2026-08-18 07:53:47,Islands of Adventure,The Incredible Hulk Coaster® Single Rider,0,True
2026-08-18 07:53:47,Islands of Adventure,Caro-Seuss-el™,0,False
2026-08-18 07:53:47,Islands of Adventure,If I Ran The Zoo™,0,False
2026-08-18 07:53:47,Islands of Adventure,"One Fish, Two Fish, Red Fish, Blue Fish™",0,False
2026-08-18 07:53:47,Islands of Adventure,The Cat in The Hat™,0,False
2026-08-18 07:53:47,Islands of Adventure,The High in the Sky Seuss Trolley Train Ride!™,0,False
2026-08-18 07:53:47,Islands of Adventure,Flight of the Hippogriff™,0,False
2026-08-18 07:53:47,Islands of Adventure,Hagrid's Magical Creatures Motorbike Adventure™,0,False
2026-08-18 07:53:47,Islands of Adventure,Hagrid's Magical Creatures Motorbike Adventure™ Single Rider,0,True
2026-08-18 07:53:47,Islands of Adventure,Harry Potter and the Forbidden Journey™,0,False
2026-08-18 07:53:47,Islands of Adventure,Harry Potter and the Forbidden Journey™ Single Rider,0,True
2026-08-18 07:53:47,Islands of Adventure,Hogwarts Express™ - Hogsmeade™ Station,0,False
2026-08-18 07:53:47,Islands of Adventure,Ollivanders™ Experience in Hogsmeade™,10,True
2026-08-18 07:53:47,Islands of Adventure,Dudley Do-Right's Ripsaw Falls®,0,False
2026-08-18 07:53:47,Islands of Adventure,"Me Ship, The Olive®",0,False
2026-08-18 07:53:47,Islands of Adventure,Popeye & Bluto's Bilge-Rat Barges®,0,False
2026-08-18 07:53:47,Universal Studios Florida,Trolls Trollercoaster,0,False
2026-08-18 07:53:47,Universal Studios Florida,E.T. Adventure,0,False
2026-08-18 07:53:47,Universal Studios Florida,Despicable Me Minion Mayhem™,0,False
2026-08-18 07:53:47,Universal Studios Florida,Illumination's Villain-Con Minion Blast,0,False
2026-08-18 07:53:47,Universal Studios Florida,Race Through New York Starring Jimmy Fallon™,0,False
2026-08-18 07:53:47,Universal Studios Florida,Revenge of the Mummy™,0,False
2026-08-18 07:53:47,Universal Studios Florida,Revenge of the Mummy™ Single Rider,0,True
2026-08-18 07:53:47,Universal Studios Florida,TRANSFORMERS™ The Ride-3D,0,False
2026-08-18 07:53:47,Universal Studios Florida,Fast & Furious - Supercharged™,0,True
2026-08-18 07:53:47,Universal Studios Florida,Fast & Furious - Supercharged™ Single Rider,0,True
2026-08-18 07:53:47,Universal Studios Florida,Harry Potter and the Escape from Gringotts™,0,False
2026-08-18 07:53:47,Universal Studios Florida,Harry Potter and the Escape from Gringotts™ Single Rider,0,True
2026-08-18 07:53:47,Universal Studios Florida,Hogwarts Express™ - King's Cross Station,0,False
2026-08-18 07:53:47,Universal Studios Florida,Hogwarts™ Express - First Train,0,False
2026-08-18 07:53:47,Universal Studios Florida,Hogwarts™ Express - Last Train,0,False
2026-08-18 07:53:47,Universal Studios Florida,Ollivanders™ Experience in Diagon Alley™,5,True
2026-08-18 07:53:47,Universal Studios Florida,Kang & Kodos' Twirl 'n' Hurl,0,False
2026-08-18 07:53:47,Universal Studios Florida,MEN IN BLACK™ Alien Attack!,0,False
2026-08-18 07:53:47,Universal Studios Florida,MEN IN BLACK™ Alien Attack!™ Single Rider,0,True
2026-08-18 07:53:47,Universal Studios Florida,The Simpsons Ride™,0,False
2026-08-18 07:53:47,Epic Universe,Constellation Carousel,0,False
2026-08-18 07:53:47,Epic Universe,Stardust Racers,0,False
2026-08-18 07:53:47,Epic Universe,Curse of the Werewolf,0,False
2026-08-18 07:53:47,Epic Universe,Curse of the Werewolf Single Rider,0,True
2026-08-18 07:53:47,Epic Universe,Monsters Unchained: The Frankenstein Experiment,0,False
2026-08-18 07:53:47,Epic Universe,Monsters Unchained: The Frankenstein Experiment Single Rider,0,True
2026-08-18 07:53:47,Epic Universe,Dragon Racer's Rally,0,False
2026-08-18 07:53:47,Epic Universe,Fyre Drill,0,False
2026-08-18 07:53:47,Epic Universe,Hiccup's Wing Gliders,0,False
2026-08-18 07:53:47,Epic Universe,Meet Toothless and Friends,65,True
2026-08-18 07:53:47,Epic Universe,Bowser Jr. Challenge,0,False
2026-08-18 07:53:47,Epic Universe,Mario Kart™: Bowser's Challenge,0,False
2026-08-18 07:53:47,Epic Universe,Mario Kart™: Bowser's Challenge Single Rider,0,True
2026-08-18 07:53:47,Epic Universe,Mine-Cart Madness™,0,False
2026-08-18 07:53:47,Epic Universe,Mine-Cart Madness™ Single Rider,0,True
2026-08-18 07:53:47,Epic Universe,Yoshi's Adventure™,0,False
2026-08-18 07:53:47,Epic Universe,Harry Potter and the Battle at the Ministry™,0,False
2026-08-18 07:53:47,Epic Universe,Harry Potter and the Battle at the Ministry™ Single Rider,0,True
2026-08-18 08:37:56,Islands of Adventure,Camp Jurassic™,0,False
2026-08-18 08:37:56,Islands of Adventure,Jurassic Park Discovery Center,0,False
2026-08-18 08:37:56,Islands of Adventure,Jurassic Park River Adventure,0,False
2026-08-18 08:37:56,Islands of Adventure,Jurassic World VelociCoaster,0,False
2026-08-18 08:37:56,Islands of Adventure,Pteranodon Flyers,0,False
2026-08-18 08:37:56,Islands of Adventure,Skull Island: Reign of Kong,0,False
2026-08-18 08:37:56,Islands of Adventure,Doctor Doom's Fearfall®,0,False
2026-08-18 08:37:56,Islands of Adventure,Doctor Doom's Fearfall® Single Rider,0,True
2026-08-18 08:37:56,Islands of Adventure,Storm Force Accelatron®,0,False
2026-08-18 08:37:56,Islands of Adventure,The Amazing Adventures of Spider-Man®,0,False
2026-08-18 08:37:56,Islands of Adventure,The Incredible Hulk Coaster®,0,False
2026-08-18 08:37:56,Islands of Adventure,The Incredible Hulk Coaster® Single Rider,0,True
2026-08-18 08:37:56,Islands of Adventure,Caro-Seuss-el™,0,False
2026-08-18 08:37:56,Islands of Adventure,If I Ran The Zoo™,0,False
2026-08-18 08:37:56,Islands of Adventure,"One Fish, Two Fish, Red Fish, Blue Fish™",0,False
2026-08-18 08:37:56,Islands of Adventure,The Cat in The Hat™,0,False
2026-08-18 08:37:56,Islands of Adventure,The High in the Sky Seuss Trolley Train Ride!™,0,False
2026-08-18 08:37:56,Islands of Adventure,Flight of the Hippogriff™,0,False
2026-08-18 08:37:56,Islands of Adventure,Hagrid's Magical Creatures Motorbike Adventure™,0,False
2026-08-18 08:37:56,Islands of Adventure,Hagrid's Magical Creatures Motorbike Adventure™ Single Rider,0,True
2026-08-18 08:37:56,Islands of Adventure,Harry Potter and the Forbidden Journey™,0,False
2026-08-18 08:37:56,Islands of Adventure,Harry Potter and the Forbidden Journey™ Single Rider,0,True
2026-08-18 08:37:56,Islands of Adventure,Hogwarts Express™ - Hogsmeade™ Station,0,False
2026-08-18 08:37:56,Islands of Adventure,Ollivanders™ Experience in Hogsmeade™,10,True
2026-08-18 08:37:56,Islands of Adventure,Dudley Do-Right's Ripsaw Falls®,0,False
2026-08-18 08:37:56,Islands of Adventure,"Me Ship, The Olive®",0,False
2026-08-18 08:37:56,Islands of Adventure,Popeye & Bluto's Bilge-Rat Barges®,0,False
2026-08-18 08:37:56,Universal Studios Florida,Trolls Trollercoaster,0,False
2026-08-18 08:37:56,Universal Studios Florida,E.T. Adventure,0,False
2026-08-18 08:37:56,Universal Studios Florida,Despicable Me Minion Mayhem™,0,False
2026-08-18 08:37:56,Universal Studios Florida,Illumination's Villain-Con Minion Blast,0,False
2026-08-18 08:37:56,Universal Studios Florida,Race Through New York Starring Jimmy Fallon™,0,False
2026-08-18 08:37:56,Universal Studios Florida,Revenge of the Mummy™,0,False
2026-08-18 08:37:56,Universal Studios Florida,Revenge of the Mummy™ Single Rider,0,True
2026-08-18 08:37:56,Universal Studios Florida,TRANSFORMERS™ The Ride-3D,0,False
2026-08-18 08:37:56,Universal Studios Florida,Fast & Furious - Supercharged™,0,True
2026-08-18 08:37:56,Universal Studios Florida,Fast & Furious - Supercharged™ Single Rider,0,True
2026-08-18 08:37:56,Universal Studios Florida,Harry Potter and the Escape from Gringotts™,0,False
2026-08-18 08:37:56,Universal Studios Florida,Harry Potter and the Escape from Gringotts™ Single Rider,0,True
2026-08-18 08:37:56,Universal Studios Florida,Hogwarts Express™ - King's Cross Station,0,False
2026-08-18 08:37:56,Universal Studios Florida,Hogwarts™ Express - First Train,0,False
2026-08-18 08:37:56,Universal Studios Florida,Hogwarts™ Express - Last Train,0,False
2026-08-18 08:37:56,Universal Studios Florida,Ollivanders™ Experience in Diagon Alley™,5,True
2026-08-18 08:37:56,Universal Studios Florida,Kang & Kodos' Twirl 'n' Hurl,0,False
2026-08-18 08:37:56,Universal Studios Florida,MEN IN BLACK™ Alien Attack!,0,False
2026-08-18 08:37:56,Universal Studios Florida,MEN IN BLACK™ Alien Attack!™ Single Rider,0,True
2026-08-18 08:37:56,Universal Studios Florida,The Simpsons Ride™,0,False
2026-08-18 08:37:56,Epic Universe,Constellation Carousel,0,False
2026-08-18 08:37:56,Epic Universe,Stardust Racers,0,False
2026-08-18 08:37:56,Epic Universe,Curse of the Werewolf,0,False
2026-08-18 08:37:56,Epic Universe,Curse of the Werewolf Single Rider,0,True
2026-08-18 08:37:56,Epic Universe,Monsters Unchained: The Frankenstein Experiment,0,False
2026-08-18 08:37:56,Epic Universe,Monsters Unchained: The Frankenstein Experiment Single Rider,0,True
2026-08-18 08:37:56,Epic Universe,Dragon Racer's Rally,0,False
2026-08-18 08:37:56,Epic Universe,Fyre Drill,0,False
2026-08-18 08:37:56,Epic Universe,Hiccup's Wing Gliders,0,False
2026-08-18 08:37:56,Epic Universe,Meet Toothless and Friends,65,True
2026-08-18 08:37:56,Epic Universe,Bowser Jr. Challenge,0,False
2026-08-18 08:37:56,Epic Universe,Mario Kart™: Bowser's Challenge,0,False
2026-08-18 08:37:56,Epic Universe,Mario Kart™: Bowser's Challenge Single Rider,0,True
2026-08-18 08:37:56,Epic Universe,Mine-Cart Madness™,0,False
2026-08-18 08:37:56,Epic Universe,Mine-Cart Madness™ Single Rider,0,True
2026-08-18 08:37:56,Epic Universe,Yoshi's Adventure™,0,False
2026-08-18 08:37:56,Epic Universe,Harry Potter and the Battle at the Ministry™,0,False
2026-08-18 08:37:56,Epic Universe,Harry Potter and the Battle at the Ministry™ Single Rider,0,True
2026-08-18 09:14:59,Islands of Adventure,Camp Jurassic™,0,False
2026-08-18 09:14:59,Islands of Adventure,Jurassic Park Discovery Center,0,False
2026-08-18 09:14:59,Islands of Adventure,Jurassic Park River Adventure,0,False
2026-08-18 09:14:59,Islands of Adventure,Jurassic World VelociCoaster,0,False
2026-08-18 09:14:59,Islands of Adventure,Pteranodon Flyers,0,False
2026-08-18 09:14:59,Islands of Adventure,Skull Island: Reign of Kong,0,False
2026-08-18 09:14:59,Islands of Adventure,Doctor Doom's Fearfall®,0,False
2026-08-18 09:14:59,Islands of Adventure,Doctor Doom's Fearfall® Single Rider,0,True
2026-08-18 09:14:59,Islands of Adventure,Storm Force Accelatron®,0,False
2026-08-18 09:14:59,Islands of Adventure,The Amazing Adventures of Spider-Man®,0,False
2026-08-18 09:14:59,Islands of Adventure,The Incredible Hulk Coaster®,0,False
2026-08-18 09:14:59,Islands of Adventure,The Incredible Hulk Coaster® Single Rider,0,True
2026-08-18 09:14:59,Islands of Adventure,Caro-Seuss-el™,0,False
2026-08-18 09:14:59,Islands of Adventure,If I Ran The Zoo™,0,False
2026-08-18 09:14:59,Islands of Adventure,"One Fish, Two Fish, Red Fish, Blue Fish™",0,False
2026-08-18 09:14:59,Islands of Adventure,The Cat in The Hat™,0,False
2026-08-18 09:14:59,Islands of Adventure,The High in the Sky Seuss Trolley Train Ride!™,0,False
2026-08-18 09:14:59,Islands of Adventure,Flight of the Hippogriff™,0,False
2026-08-18 09:14:59,Islands of Adventure,Hagrid's Magical Creatures Motorbike Adventure™,0,False
2026-08-18 09:14:59,Islands of Adventure,Hagrid's Magical Creatures Motorbike Adventure™ Single Rider,0,True
2026-08-18 09:14:59,Islands of Adventure,Harry Potter and the Forbidden Journey™,0,False
2026-08-18 09:14:59,Islands of Adventure,Harry Potter and the Forbidden Journey™ Single Rider,0,True
2026-08-18 09:14:59,Islands of Adventure,Hogwarts Express™ - Hogsmeade™ Station,0,False
2026-08-18 09:14:59,Islands of Adventure,Ollivanders™ Experience in Hogsmeade™,10,True
2026-08-18 09:14:59,Islands of Adventure,Dudley Do-Right's Ripsaw Falls®,0,False
2026-08-18 09:14:59,Islands of Adventure,"Me Ship, The Olive®",0,False
2026-08-18 09:14:59,Islands of Adventure,Popeye & Bluto's Bilge-Rat Barges®,0,False
2026-08-18 09:14:59,Universal Studios Florida,Trolls Trollercoaster,0,False
2026-08-18 09:14:59,Universal Studios Florida,E.T. Adventure,0,False
2026-08-18 09:14:59,Universal Studios Florida,Despicable Me Minion Mayhem™,0,False
2026-08-18 09:14:59,Universal Studios Florida,Illumination's Villain-Con Minion Blast,0,False
2026-08-18 09:14:59,Universal Studios Florida,Race Through New York Starring Jimmy Fallon™,0,False
2026-08-18 09:14:59,Universal Studios Florida,Revenge of the Mummy™,0,False
2026-08-18 09:14:59,Universal Studios Florida,Revenge of the Mummy™ Single Rider,0,True
2026-08-18 09:14:59,Universal Studios Florida,TRANSFORMERS™ The Ride-3D,0,False
2026-08-18 09:14:59,Universal Studios Florida,Fast & Furious - Supercharged™,0,True
2026-08-18 09:14:59,Universal Studios Florida,Fast & Furious - Supercharged™ Single Rider,0,True
2026-08-18 09:14:59,Universal Studios Florida,Harry Potter and the Escape from Gringotts™,0,False
2026-08-18 09:14:59,Universal Studios Florida,Harry Potter and the Escape from Gringotts™ Single Rider,0,True
2026-08-18 09:14:59,Universal Studios Florida,Hogwarts Express™ - King's Cross Station,0,False
2026-08-18 09:14:59,Universal Studios Florida,Hogwarts™ Express - First Train,0,False
2026-08-18 09:14:59,Universal Studios Florida,Hogwarts™ Express - Last Train,0,False
2026-08-18 09:14:59,Universal Studios Florida,Ollivanders™ Experience in Diagon Alley™,5,True
2026-08-18 09:14:59,Universal Studios Florida,Kang & Kodos' Twirl 'n' Hurl,0,False
2026-08-18 09:14:59,Universal Studios Florida,MEN IN BLACK™ Alien Attack!,0,False
2026-08-18 09:14:59,Universal Studios Florida,MEN IN BLACK™ Alien Attack!™ Single Rider,0,True
2026-08-18 09:14:59,Universal Studios Florida,The Simpsons Ride™,0,False
2026-08-18 09:14:59,Epic Universe,Constellation Carousel,0,False
2026-08-18 09:14:59,Epic Universe,Stardust Racers,0,False
2026-08-18 09:14:59,Epic Universe,Curse of the Werewolf,0,False
2026-08-18 09:14:59,Epic Universe,Curse of the Werewolf Single Rider,0,True
2026-08-18 09:14:59,Epic Universe,Monsters Unchained: The Frankenstein Experiment,0,False
2026-08-18 09:14:59,Epic Universe,Monsters Unchained: The Frankenstein Experiment Single Rider,0,True
2026-08-18 09:14:59,Epic Universe,Dragon Racer's Rally,0,False
2026-08-18 09:14:59,Epic Universe,Fyre Drill,0,False
2026-08-18 09:14:59,Epic Universe,Hiccup's Wing Gliders,0,False
2026-08-18 09:14:59,Epic Universe,Meet Toothless and Friends,65,True
2026-08-18 09:14:59,Epic Universe,Bowser Jr. Challenge,0,False
2026-08-18 09:14:59,Epic Universe,Mario Kart™: Bowser's Challenge,0,False
2026-08-18 09:14:59,Epic Universe,Mario Kart™: Bowser's Challenge Single Rider,0,True
2026-08-18 09:14:59,Epic Universe,Mine-Cart Madness™,0,False
2026-08-18 09:14:59,Epic Universe,Mine-Cart Madness™ Single Rider,0,True
2026-08-18 09:14:59,Epic Universe,Yoshi's Adventure™,0,False
2026-08-18 09:14:59,Epic Universe,Harry Potter and the Battle at the Ministry™,0,False
2026-08-18 09:14:59,Epic Universe,Harry Potter and the Battle at the Ministry™ Single Rider,0,True
2026-08-18 09:52:03,Islands of Adventure,Camp Jurassic™,0,False
2026-08-18 09:52:03,Islands of Adventure,Jurassic Park Discovery Center,0,False
2026-08-18 09:52:03,Islands of Adventure,Jurassic Park River Adventure,0,False
2026-08-18 09:52:03,Islands of Adventure,Jurassic World VelociCoaster,0,False
2026-08-18 09:52:03,Islands of Adventure,Pteranodon Flyers,0,False
2026-08-18 09:52:03,Islands of Adventure,Skull Island: Reign of Kong,0,False
2026-08-18 09:52:03,Islands of Adventure,Doctor Doom's Fearfall®,0,False
2026-08-18 09:52:03,Islands of Adventure,Doctor Doom's Fearfall® Single Rider,0,True
2026-08-18 09:52:03,Islands of Adventure,Storm Force Accelatron®,0,False
2026-08-18 09:52:03,Islands of Adventure,The Amazing Adventures of Spider-Man®,0,False
2026-08-18 09:52:03,Islands of Adventure,The Incredible Hulk Coaster®,0,False
2026-08-18 09:52:03,Islands of Adventure,The Incredible Hulk Coaster® Single Rider,0,True
2026-08-18 09:52:03,Islands of Adventure,Caro-Seuss-el™,0,False
2026-08-18 09:52:03,Islands of Adventure,If I Ran The Zoo™,0,False
2026-08-18 09:52:03,Islands of Adventure,"One Fish, Two Fish, Red Fish, Blue Fish™",0,False
2026-08-18 09:52:03,Islands of Adventure,The Cat in The Hat™,0,False
2026-08-18 09:52:03,Islands of Adventure,The High in the Sky Seuss Trolley Train Ride!™,0,False
2026-08-18 09:52:03,Islands of Adventure,Flight of the Hippogriff™,0,False
2026-08-18 09:52:03,Islands of Adventure,Hagrid's Magical Creatures Motorbike Adventure™,0,False
2026-08-18 09:52:03,Islands of Adventure,Hagrid's Magical Creatures Motorbike Adventure™ Single Rider,0,True
2026-08-18 09:52:03,Islands of Adventure,Harry Potter and the Forbidden Journey™,0,False
2026-08-18 09:52:03,Islands of Adventure,Harry Potter and the Forbidden Journey™ Single Rider,0,True
2026-08-18 09:52:03,Islands of Adventure,Hogwarts Express™ - Hogsmeade™ Station,0,False
2026-08-18 09:52:03,Islands of Adventure,Ollivanders™ Experience in Hogsmeade™,10,True
2026-08-18 09:52:03,Islands of Adventure,Dudley Do-Right's Ripsaw Falls®,0,False
2026-08-18 09:52:03,Islands of Adventure,"Me Ship, The Olive®",0,False
2026-08-18 09:52:03,Islands of Adventure,Popeye & Bluto's Bilge-Rat Barges®,0,False
2026-08-18 09:52:03,Universal Studios Florida,Trolls Trollercoaster,0,False
2026-08-18 09:52:03,Universal Studios Florida,E.T. Adventure,0,False
2026-08-18 09:52:03,Universal Studios Florida,Despicable Me Minion Mayhem™,0,False
2026-08-18 09:52:03,Universal Studios Florida,Illumination's Villain-Con Minion Blast,0,False
2026-08-18 09:52:03,Universal Studios Florida,Race Through New York Starring Jimmy Fallon™,0,False
2026-08-18 09:52:03,Universal Studios Florida,Revenge of the Mummy™,0,False
2026-08-18 09:52:03,Universal Studios Florida,Revenge of the Mummy™ Single Rider,0,True
2026-08-18 09:52:03,Universal Studios Florida,TRANSFORMERS™ The Ride-3D,0,False
2026-08-18 09:52:03,Universal Studios Florida,Fast & Furious - Supercharged™,0,True
2026-08-18 09:52:03,Universal Studios Florida,Fast & Furious - Supercharged™ Single Rider,0,True
2026-08-18 09:52:03,Universal Studios Florida,Harry Potter and the Escape from Gringotts™,0,False
2026-08-18 09:52:03,Universal Studios Florida,Harry Potter and the Escape from Gringotts™ Single Rider,0,True
2026-08-18 09:52:03,Universal Studios Florida,Hogwarts Express™ - King's Cross Station,0,False
2026-08-18 09:52:03,Universal Studios Florida,Hogwarts™ Express - First Train,0,False
2026-08-18 09:52:03,Universal Studios Florida,Hogwarts™ Express - Last Train,0,False
2026-08-18 09:52:03,Universal Studios Florida,Ollivanders™ Experience in Diagon Alley™,5,True
2026-08-18 09:52:03,Universal Studios Florida,Kang & Kodos' Twirl 'n' Hurl,0,False
2026-08-18 09:52:03,Universal Studios Florida,MEN IN BLACK™ Alien Attack!,0,False
2026-08-18 09:52:03,Universal Studios Florida,MEN IN BLACK™ Alien Attack!™ Single Rider,0,True
2026-08-18 09:52:03,Universal Studios Florida,The Simpsons Ride™,0,False
2026-08-18 09:52:03,Epic Universe,Constellation Carousel,0,False
2026-08-18 09:52:03,Epic Universe,Stardust Racers,0,False
2026-08-18 09:52:03,Epic Universe,Curse of the Werewolf,0,False
2026-08-18 09:52:03,Epic Universe,Curse of the Werewolf Single Rider,0,True
2026-08-18 09:52:03,Epic Universe,Monsters Unchained: The Frankenstein Experiment,0,False
2026-08-18 09:52:03,Epic Universe,Monsters Unchained: The Frankenstein Experiment Single Rider,0,True
2026-08-18 09:52:03,Epic Universe,Dragon Racer's Rally,0,False
2026-08-18 09:52:03,Epic Universe,Fyre Drill,0,False
2026-08-18 09:52:03,Epic Universe,Hiccup's Wing Gliders,0,False
2026-08-18 09:52:03,Epic Universe,Meet Toothless and Friends,65,True
2026-08-18 09:52:03,Epic Universe,Bowser Jr. Challenge,0,False
2026-08-18 09:52:03,Epic Universe,Mario Kart™: Bowser's Challenge,0,False
2026-08-18 09:52:03,Epic Universe,Mario Kart™: Bowser's Challenge Single Rider,0,True
2026-08-18 09:52:03,Epic Universe,Mine-Cart Madness™,0,False
2026-08-18 09:52:03,Epic Universe,Mine-Cart Madness™ Single Rider,0,True
2026-08-18 09:52:03,Epic Universe,Yoshi's Adventure™,0,False
2026-08-18 09:52:03,Epic Universe,Harry Potter and the Battle at the Ministry™,0,False
2026-08-18 09:52:03,Epic Universe,Harry Potter and the Battle at the Ministry™ Single Rider,0,True
2026-08-18 10:29:42,Islands of Adventure,Camp Jurassic™,0,False
2026-08-18 10:29:42,Islands of Adventure,Jurassic Park Discovery Center,0,False
2026-08-18 10:29:42,Islands of Adventure,Jurassic Park River Adventure,0,False
2026-08-18 10:29:42,Islands of Adventure,Jurassic World VelociCoaster,0,False
2026-08-18 10:29:42,Islands of Adventure,Pteranodon Flyers,0,False
2026-08-18 10:29:42,Islands of Adventure,Skull Island: Reign of Kong,0,False
2026-08-18 10:29:42,Islands of Adventure,Doctor Doom's Fearfall®,0,False
2026-08-18 10:29:42,Islands of Adventure,Doctor Doom's Fearfall® Single Rider,0,True
2026-08-18 10:29:42,Islands of Adventure,Storm Force Accelatron®,0,False
2026-08-18 10:29:42,Islands of Adventure,The Amazing Adventures of Spider-Man®,0,False
2026-08-18 10:29:42,Islands of Adventure,The Incredible Hulk Coaster®,0,False
2026-08-18 10:29:42,Islands of Adventure,The Incredible Hulk Coaster® Single Rider,0,True
2026-08-18 10:29:42,Islands of Adventure,Caro-Seuss-el™,0,False
2026-08-18 10:29:42,Islands of Adventure,If I Ran The Zoo™,0,False
2026-08-18 10:29:42,Islands of Adventure,"One Fish, Two Fish, Red Fish, Blue Fish™",0,False
2026-08-18 10:29:42,Islands of Adventure,The Cat in The Hat™,0,False
2026-08-18 10:29:42,Islands of Adventure,The High in the Sky Seuss Trolley Train Ride!™,0,False
2026-08-18 10:29:42,Islands of Adventure,Flight of the Hippogriff™,0,False
2026-08-18 10:29:42,Islands of Adventure,Hagrid's Magical Creatures Motorbike Adventure™,0,False
2026-08-18 10:29:42,Islands of Adventure,Hagrid's Magical Creatures Motorbike Adventure™ Single Rider,0,True
2026-08-18 10:29:42,Islands of Adventure,Harry Potter and the Forbidden Journey™,0,False
2026-08-18 10:29:42,Islands of Adventure,Harry Potter and the Forbidden Journey™ Single Rider,0,True
2026-08-18 10:29:42,Islands of Adventure,Hogwarts Express™ - Hogsmeade™ Station,0,False
2026-08-18 10:29:42,Islands of Adventure,Ollivanders™ Experience in Hogsmeade™,10,True
2026-08-18 10:29:42,Islands of Adventure,Dudley Do-Right's Ripsaw Falls®,0,False
2026-08-18 10:29:42,Islands of Adventure,"Me Ship, The Olive®",0,False
2026-08-18 10:29:42,Islands of Adventure,Popeye & Bluto's Bilge-Rat Barges®,0,False
2026-08-18 10:29:42,Universal Studios Florida,Trolls Trollercoaster,0,False
2026-08-18 10:29:42,Universal Studios Florida,E.T. Adventure,0,False
2026-08-18 10:29:42,Universal Studios Florida,Despicable Me Minion Mayhem™,0,False
2026-08-18 10:29:42,Universal Studios Florida,Illumination's Villain-Con Minion Blast,0,False
2026-08-18 10:29:42,Universal Studios Florida,Race Through New York Starring Jimmy Fallon™,0,False
2026-08-18 10:29:42,Universal Studios Florida,Revenge of the Mummy™,0,False
2026-08-18 10:29:42,Universal Studios Florida,Revenge of the Mummy™ Single Rider,0,True
2026-08-18 10:29:42,Universal Studios Florida,TRANSFORMERS™ The Ride-3D,0,False
2026-08-18 10:29:42,Universal Studios Florida,Fast & Furious - Supercharged™,0,True
2026-08-18 10:29:42,Universal Studios Florida,Fast & Furious - Supercharged™ Single Rider,0,True
2026-08-18 10:29:42,Universal Studios Florida,Harry Potter and the Escape from Gringotts™,0,False
2026-08-18 10:29:42,Universal Studios Florida,Harry Potter and the Escape from Gringotts™ Single Rider,0,True
2026-08-18 10:29:42,Universal Studios Florida,Hogwarts Express™ - King's Cross Station,0,False
2026-08-18 10:29:42,Universal Studios Florida,Hogwarts™ Express - First Train,0,False
2026-08-18 10:29:42,Universal Studios Florida,Hogwarts™ Express - Last Train,0,False
2026-08-18 10:29:42,Universal Studios Florida,Ollivanders™ Experience in Diagon Alley™,5,True
2026-08-18 10:29:42,Universal Studios Florida,Kang & Kodos' Twirl 'n' Hurl,0,False
2026-08-18 10:29:42,Universal Studios Florida,MEN IN BLACK™ Alien Attack!,0,False
2026-08-18 10:29:42,Universal Studios Florida,MEN IN BLACK™ Alien Attack!™ Single Rider,0,True
2026-08-18 10:29:42,Universal Studios Florida,The Simpsons Ride™,0,False
2026-08-18 10:29:42,Epic Universe,Constellation Carousel,0,False
2026-08-18 10:29:42,Epic Universe,Stardust Racers,0,False
2026-08-18 10:29:42,Epic Universe,Curse of the Werewolf,0,False
2026-08-18 10:29:42,Epic Universe,Curse of the Werewolf Single Rider,0,True
2026-08-18 10:29:42,Epic Universe,Monsters Unchained: The Frankenstein Experiment,0,False
2026-08-18 10:29:42,Epic Universe,Monsters Unchained: The Frankenstein Experiment Single Rider,0,True
2026-08-18 10:29:42,Epic Universe,Dragon Racer's Rally,0,False
2026-08-18 10:29:42,Epic Universe,Fyre Drill,0,False
2026-08-18 10:29:42,Epic Universe,Hiccup's Wing Gliders,0,False
2026-08-18 10:29:42,Epic Universe,Meet Toothless and Friends,65,True
2026-08-18 10:29:42,Epic Universe,Bowser Jr. Challenge,0,False
2026-08-18 10:29:42,Epic Universe,Mario Kart™: Bowser's Challenge,0,False
2026-08-18 10:29:42,Epic Universe,Mario Kart™: Bowser's Challenge Single Rider,0,True
2026-08-18 10:29:42,Epic Universe,Mine-Cart Madness™,0,False
2026-08-18 10:29:42,Epic Universe,Mine-Cart Madness™ Single Rider,0,True
2026-08-18 10:29:42,Epic Universe,Yoshi's Adventure™,0,False
2026-08-18 10:29:42,Epic Universe,Harry Potter and the Battle at the Ministry™,0,False
2026-08-18 10:29:42,Epic Universe,Harry Potter and the Battle at the Ministry™ Single Rider,0,True
2026-08-18 10:58:27,Islands of Adventure,Camp Jurassic™,0,False
2026-08-18 10:58:27,Islands of Adventure,Jurassic Park Discovery Center,0,False
2026-08-18 10:58:27,Islands of Adventure,Jurassic Park River Adventure,0,False
2026-08-18 10:58:27,Islands of Adventure,Jurassic World VelociCoaster,0,False
2026-08-18 10:58:27,Islands of Adventure,Pteranodon Flyers,0,False
2026-08-18 10:58:27,Islands of Adventure,Skull Island: Reign of Kong,0,False
2026-08-18 10:58:27,Islands of Adventure,Doctor Doom's Fearfall®,0,False
2026-08-18 10:58:27,Islands of Adventure,Doctor Doom's Fearfall® Single Rider,0,True
2026-08-18 10:58:27,Islands of Adventure,Storm Force Accelatron®,0,False
2026-08-18 10:58:27,Islands of Adventure,The Amazing Adventures of Spider-Man®,0,False
2026-08-18 10:58:27,Islands of Adventure,The Incredible Hulk Coaster®,0,False
2026-08-18 10:58:27,Islands of Adventure,The Incredible Hulk Coaster® Single Rider,0,True
2026-08-18 10:58:27,Islands of Adventure,Caro-Seuss-el™,0,False
2026-08-18 10:58:27,Islands of Adventure,If I Ran The Zoo™,0,False
2026-08-18 10:58:27,Islands of Adventure,"One Fish, Two Fish, Red Fish, Blue Fish™",0,False
2026-08-18 10:58:27,Islands of Adventure,The Cat in The Hat™,0,False
2026-08-18 10:58:27,Islands of Adventure,The High in the Sky Seuss Trolley Train Ride!™,0,False
2026-08-18 10:58:27,Islands of Adventure,Flight of the Hippogriff™,0,False
2026-08-18 10:58:27,Islands of Adventure,Hagrid's Magical Creatures Motorbike Adventure™,0,False
2026-08-18 10:58:27,Islands of Adventure,Hagrid's Magical Creatures Motorbike Adventure™ Single Rider,0,True
2026-08-18 10:58:27,Islands of Adventure,Harry Potter and the Forbidden Journey™,0,False
2026-08-18 10:58:27,Islands of Adventure,Harry Potter and the Forbidden Journey™ Single Rider,0,True
2026-08-18 10:58:27,Islands of Adventure,Hogwarts Express™ - Hogsmeade™ Station,0,False
2026-08-18 10:58:27,Islands of Adventure,Ollivanders™ Experience in Hogsmeade™,10,True
2026-08-18 10:58:27,Islands of Adventure,Dudley Do-Right's Ripsaw Falls®,0,False
2026-08-18 10:58:27,Islands of Adventure,"Me Ship, The Olive®",0,False
2026-08-18 10:58:27,Islands of Adventure,Popeye & Bluto's Bilge-Rat Barges®,0,False
2026-08-18 10:58:27,Universal Studios Florida,Trolls Trollercoaster,0,False
2026-08-18 10:58:27,Universal Studios Florida,E.T. Adventure,0,False
2026-08-18 10:58:27,Universal Studios Florida,Despicable Me Minion Mayhem™,0,False
2026-08-18 10:58:27,Universal Studios Florida,Illumination's Villain-Con Minion Blast,0,False
2026-08-18 10:58:27,Universal Studios Florida,Race Through New York Starring Jimmy Fallon™,0,False
2026-08-18 10:58:27,Universal Studios Florida,Revenge of the Mummy™,0,False
2026-08-18 10:58:27,Universal Studios Florida,Revenge of the Mummy™ Single Rider,0,True
2026-08-18 10:58:27,Universal Studios Florida,TRANSFORMERS™ The Ride-3D,0,False
2026-08-18 10:58:27,Universal Studios Florida,Fast & Furious - Supercharged™,0,True
2026-08-18 10:58:27,Universal Studios Florida,Fast & Furious - Supercharged™ Single Rider,0,True
2026-08-18 10:58:27,Universal Studios Florida,Harry Potter and the Escape from Gringotts™,0,False
2026-08-18 10:58:27,Universal Studios Florida,Harry Potter and the Escape from Gringotts™ Single Rider,0,True
2026-08-18 10:58:27,Universal Studios Florida,Hogwarts Express™ - King's Cross Station,0,False
2026-08-18 10:58:27,Universal Studios Florida,Hogwarts™ Express - First Train,0,False
2026-08-18 10:58:27,Universal Studios Florida,Hogwarts™ Express - Last Train,0,False
2026-08-18 10:58:27,Universal Studios Florida,Ollivanders™ Experience in Diagon Alley™,5,True
2026-08-18 10:58:27,Universal Studios Florida,Kang & Kodos' Twirl 'n' Hurl,0,False
2026-08-18 10:58:27,Universal Studios Florida,MEN IN BLACK™ Alien Attack!,0,False
2026-08-18 10:58:27,Universal Studios Florida,MEN IN BLACK™ Alien Attack!™ Single Rider,0,True
2026-08-18 10:58:27,Universal Studios Florida,The Simpsons Ride™,0,False
2026-08-18 10:58:27,Epic Universe,Constellation Carousel,0,False
2026-08-18 10:58:27,Epic Universe,Stardust Racers,0,False
2026-08-18 10:58:27,Epic Universe,Curse of the Werewolf,0,False
2026-08-18 10:58:27,Epic Universe,Curse of the Werewolf Single Rider,0,True
2026-08-18 10:58:27,Epic Universe,Monsters Unchained: The Frankenstein Experiment,0,False
2026-08-18 10:58:27,Epic Universe,Monsters Unchained: The Frankenstein Experiment Single Rider,0,True
2026-08-18 10:58:27,Epic Universe,Dragon Racer's Rally,0,False
2026-08-18 10:58:27,Epic Universe,Fyre Drill,0,False
2026-08-18 10:58:27,Epic Universe,Hiccup's Wing Gliders,0,False
2026-08-18 10:58:27,Epic Universe,Meet Toothless and Friends,65,True
2026-08-18 10:58:27,Epic Universe,Bowser Jr. Challenge,0,False
2026-08-18 10:58:27,Epic Universe,Mario Kart™: Bowser's Challenge,0,False
2026-08-18 10:58:27,Epic Universe,Mario Kart™: Bowser's Challenge Single Rider,0,True
2026-08-18 10:58:27,Epic Universe,Mine-Cart Madness™,0,False
2026-08-18 10:58:27,Epic Universe,Mine-Cart Madness™ Single Rider,0,True
2026-08-18 10:58:27,Epic Universe,Yoshi's Adventure™,0,False
2026-08-18 10:58:27,Epic Universe,Harry Potter and the Battle at the Ministry™,0,False
2026-08-18 10:58:27,Epic Universe,Harry Potter and the Battle at the Ministry™ Single Rider,0,True
2026-08-18 11:33:15,Islands of Adventure,Camp Jurassic™,0,False
2026-08-18 11:33:15,Islands of Adventure,Jurassic Park Discovery Center,0,False
2026-08-18 11:33:15,Islands of Adventure,Jurassic Park River Adventure,0,False
2026-08-18 11:33:15,Islands of Adventure,Jurassic World VelociCoaster,0,False
2026-08-18 11:33:15,Islands of Adventure,Pteranodon Flyers,0,False
2026-08-18 11:33:15,Islands of Adventure,Skull Island: Reign of Kong,0,False
2026-08-18 11:33:15,Islands of Adventure,Doctor Doom's Fearfall®,0,False
2026-08-18 11:33:15,Islands of Adventure,Doctor Doom's Fearfall® Single Rider,0,True
2026-08-18 11:33:15,Islands of Adventure,Storm Force Accelatron®,0,False
2026-08-18 11:33:15,Islands of Adventure,The Amazing Adventures of Spider-Man®,0,False
2026-08-18 11:33:15,Islands of Adventure,The Incredible Hulk Coaster®,0,False
2026-08-18 11:33:15,Islands of Adventure,The Incredible Hulk Coaster® Single Rider,0,True
2026-08-18 11:33:15,Islands of Adventure,Caro-Seuss-el™,0,False
2026-08-18 11:33:15,Islands of Adventure,If I Ran The Zoo™,0,False
2026-08-18 11:33:15,Islands of Adventure,"One Fish, Two Fish, Red Fish, Blue Fish™",0,False
2026-08-18 11:33:15,Islands of Adventure,The Cat in The Hat™,0,False
2026-08-18 11:33:15,Islands of Adventure,The High in the Sky Seuss Trolley Train Ride!™,0,False
2026-08-18 11:33:15,Islands of Adventure,Flight of the Hippogriff™,0,False
2026-08-18 11:33:15,Islands of Adventure,Hagrid's Magical Creatures Motorbike Adventure™,0,False
2026-08-18 11:33:15,Islands of Adventure,Hagrid's Magical Creatures Motorbike Adventure™ Single Rider,0,True
2026-08-18 11:33:15,Islands of Adventure,Harry Potter and the Forbidden Journey™,0,False
2026-08-18 11:33:15,Islands of Adventure,Harry Potter and the Forbidden Journey™ Single Rider,0,True
2026-08-18 11:33:15,Islands of Adventure,Hogwarts Express™ - Hogsmeade™ Station,0,False
2026-08-18 11:33:15,Islands of Adventure,Ollivanders™ Experience in Hogsmeade™,10,True
2026-08-18 11:33:15,Islands of Adventure,Dudley Do-Right's Ripsaw Falls®,0,False
2026-08-18 11:33:15,Islands of Adventure,"Me Ship, The Olive®",0,False
2026-08-18 11:33:15,Islands of Adventure,Popeye & Bluto's Bilge-Rat Barges®,0,False
2026-08-18 11:33:15,Universal Studios Florida,Trolls Trollercoaster,0,False
2026-08-18 11:33:15,Universal Studios Florida,E.T. Adventure,0,False
2026-08-18 11:33:15,Universal Studios Florida,Despicable Me Minion Mayhem™,0,False
2026-08-18 11:33:15,Universal Studios Florida,Illumination's Villain-Con Minion Blast,0,False
2026-08-18 11:33:15,Universal Studios Florida,Race Through New York Starring Jimmy Fallon™,0,False
2026-08-18 11:33:15,Universal Studios Florida,Revenge of the Mummy™,0,False
2026-08-18 11:33:15,Universal Studios Florida,Revenge of the Mummy™ Single Rider,0,True
2026-08-18 11:33:15,Universal Studios Florida,TRANSFORMERS™ The Ride-3D,0,False
2026-08-18 11:33:15,Universal Studios Florida,Fast & Furious - Supercharged™,0,True
2026-08-18 11:33:15,Universal Studios Florida,Fast & Furious - Supercharged™ Single Rider,0,True
2026-08-18 11:33:15,Universal Studios Florida,Harry Potter and the Escape from Gringotts™,0,False
2026-08-18 11:33:15,Universal Studios Florida,Harry Potter and the Escape from Gringotts™ Single Rider,0,True
2026-08-18 11:33:15,Universal Studios Florida,Hogwarts Express™ - King's Cross Station,0,False
2026-08-18 11:33:15,Universal Studios Florida,Hogwarts™ Express - First Train,0,False
2026-08-18 11:33:15,Universal Studios Florida,Hogwarts™ Express - Last Train,0,False
2026-08-18 11:33:15,Universal Studios Florida,Ollivanders™ Experience in Diagon Alley™,5,True
2026-08-18 11:33:15,Universal Studios Florida,Kang & Kodos' Twirl 'n' Hurl,0,False
2026-08-18 11:33:15,Universal Studios Florida,MEN IN BLACK™ Alien Attack!,0,False
2026-08-18 11:33:15,Universal Studios Florida,MEN IN BLACK™ Alien Attack!™ Single Rider,0,True
2026-08-18 11:33:15,Universal Studios Florida,The Simpsons Ride™,0,False
2026-08-18 11:33:15,Epic Universe,Constellation Carousel,0,False
2026-08-18 11:33:15,Epic Universe,Stardust Racers,0,False
2026-08-18 11:33:15,Epic Universe,Curse of the Werewolf,0,False
2026-08-18 11:33:15,Epic Universe,Curse of the Werewolf Single Rider,0,True
2026-08-18 11:33:15,Epic Universe,Monsters Unchained: The Frankenstein Experiment,0,False
2026-08-18 11:33:15,Epic Universe,Monsters Unchained: The Frankenstein Experiment Single Rider,0,True
2026-08-18 11:33:15,Epic Universe,Dragon Racer's Rally,0,False
2026-08-18 11:33:15,Epic Universe,Fyre Drill,0,False
2026-08-18 11:33:15,Epic Universe,Hiccup's Wing Gliders,0,False
2026-08-18 11:33:15,Epic Universe,Meet Toothless and Friends,65,True
2026-08-18 11:33:15,Epic Universe,Bowser Jr. Challenge,0,False
2026-08-18 11:33:15,Epic Universe,Mario Kart™: Bowser's Challenge,0,False
2026-08-18 11:33:15,Epic Universe,Mario Kart™: Bowser's Challenge Single Rider,0,True
2026-08-18 11:33:15,Epic Universe,Mine-Cart Madness™,0,False
2026-08-18 11:33:15,Epic Universe,Mine-Cart Madness™ Single Rider,0,True
2026-08-18 11:33:15,Epic Universe,Yoshi's Adventure™,0,False
2026-08-18 11:33:15,Epic Universe,Harry Potter and the Battle at the Ministry™,0,False
2026-08-18 11:33:15,Epic Universe,Harry Potter and the Battle at the Ministry™ Single Rider,0,True
2026-08-18 12:01:25,Islands of Adventure,Camp Jurassic™,0,False
2026-08-18 12:01:25,Islands of Adventure,Jurassic Park Discovery Center,0,False
2026-08-18 12:01:25,Islands of Adventure,Jurassic Park River Adventure,0,False
2026-08-18 12:01:25,Islands of Adventure,Jurassic World VelociCoaster,0,False
2026-08-18 12:01:25,Islands of Adventure,Pteranodon Flyers,0,False
2026-08-18 12:01:25,Islands of Adventure,Skull Island: Reign of Kong,0,False
2026-08-18 12:01:25,Islands of Adventure,Doctor Doom's Fearfall®,0,False
2026-08-18 12:01:25,Islands of Adventure,Doctor Doom's Fearfall® Single Rider,0,True
2026-08-18 12:01:25,Islands of Adventure,Storm Force Accelatron®,0,False
2026-08-18 12:01:25,Islands of Adventure,The Amazing Adventures of Spider-Man®,0,False
2026-08-18 12:01:25,Islands of Adventure,The Incredible Hulk Coaster®,0,False
2026-08-18 12:01:25,Islands of Adventure,The Incredible Hulk Coaster® Single Rider,0,True
2026-08-18 12:01:25,Islands of Adventure,Caro-Seuss-el™,0,False
2026-08-18 12:01:25,Islands of Adventure,If I Ran The Zoo™,0,False
2026-08-18 12:01:25,Islands of Adventure,"One Fish, Two Fish, Red Fish, Blue Fish™",0,False
2026-08-18 12:01:25,Islands of Adventure,The Cat in The Hat™,0,False
2026-08-18 12:01:25,Islands of Adventure,The High in the Sky Seuss Trolley Train Ride!™,0,False
2026-08-18 12:01:25,Islands of Adventure,Flight of the Hippogriff™,0,False
2026-08-18 12:01:25,Islands of Adventure,Hagrid's Magical Creatures Motorbike Adventure™,0,False
2026-08-18 12:01:25,Islands of Adventure,Hagrid's Magical Creatures Motorbike Adventure™ Single Rider,0,True
2026-08-18 12:01:25,Islands of Adventure,Harry Potter and the Forbidden Journey™,0,False
2026-08-18 12:01:25,Islands of Adventure,Harry Potter and the Forbidden Journey™ Single Rider,0,True
2026-08-18 12:01:25,Islands of Adventure,Hogwarts Express™ - Hogsmeade™ Station,0,False
2026-08-18 12:01:25,Islands of Adventure,Ollivanders™ Experience in Hogsmeade™,10,True
2026-08-18 12:01:25,Islands of Adventure,Dudley Do-Right's Ripsaw Falls®,0,False
2026-08-18 12:01:25,Islands of Adventure,"Me Ship, The Olive®",0,False
2026-08-18 12:01:25,Islands of Adventure,Popeye & Bluto's Bilge-Rat Barges®,0,False
2026-08-18 12:01:25,Universal Studios Florida,Trolls Trollercoaster,0,False
2026-08-18 12:01:25,Universal Studios Florida,E.T. Adventure,0,False
2026-08-18 12:01:25,Universal Studios Florida,Despicable Me Minion Mayhem™,0,False
2026-08-18 12:01:25,Universal Studios Florida,Illumination's Villain-Con Minion Blast,0,False
2026-08-18 12:01:25,Universal Studios Florida,Race Through New York Starring Jimmy Fallon™,0,False
2026-08-18 12:01:25,Universal Studios Florida,Revenge of the Mummy™,0,False
2026-08-18 12:01:25,Universal Studios Florida,Revenge of the Mummy™ Single Rider,0,True
2026-08-18 12:01:25,Universal Studios Florida,TRANSFORMERS™ The Ride-3D,0,False
2026-08-18 12:01:25,Universal Studios Florida,Fast & Furious - Supercharged™,0,True
2026-08-18 12:01:25,Universal Studios Florida,Fast & Furious - Supercharged™ Single Rider,0,True
2026-08-18 12:01:25,Universal Studios Florida,Harry Potter and the Escape from Gringotts™,0,False
2026-08-18 12:01:25,Universal Studios Florida,Harry Potter and the Escape from Gringotts™ Single Rider,0,True
2026-08-18 12:01:25,Universal Studios Florida,Hogwarts Express™ - King's Cross Station,0,False
2026-08-18 12:01:25,Universal Studios Florida,Hogwarts™ Express - First Train,0,False
2026-08-18 12:01:25,Universal Studios Florida,Hogwarts™ Express - Last Train,0,False
2026-08-18 12:01:25,Universal Studios Florida,Ollivanders™ Experience in Diagon Alley™,5,True
2026-08-18 12:01:25,Universal Studios Florida,Kang & Kodos' Twirl 'n' Hurl,0,False
2026-08-18 12:01:25,Universal Studios Florida,MEN IN BLACK™ Alien Attack!,0,False
2026-08-18 12:01:25,Universal Studios Florida,MEN IN BLACK™ Alien Attack!™ Single Rider,0,True
2026-08-18 12:01:25,Universal Studios Florida,The Simpsons Ride™,0,False
2026-08-18 12:01:25,Epic Universe,Constellation Carousel,0,False
2026-08-18 12:01:25,Epic Universe,Stardust Racers,0,False
2026-08-18 12:01:25,Epic Universe,Curse of the Werewolf,0,False
2026-08-18 12:01:25,Epic Universe,Curse of the Werewolf Single Rider,0,True
2026-08-18 12:01:25,Epic Universe,Monsters Unchained: The Frankenstein Experiment,0,False
2026-08-18 12:01:25,Epic Universe,Monsters Unchained: The Frankenstein Experiment Single Rider,0,True
2026-08-18 12:01:25,Epic Universe,Dragon Racer's Rally,10,True
2026-08-18 12:01:25,Epic Universe,Fyre Drill,0,False
2026-08-18 12:01:25,Epic Universe,Hiccup's Wing Gliders,0,False
2026-08-18 12:01:25,Epic Universe,Meet Toothless and Friends,65,True
2026-08-18 12:01:25,Epic Universe,Bowser Jr. Challenge,5,True
2026-08-18 12:01:25,Epic Universe,Mario Kart™: Bowser's Challenge,0,False
2026-08-18 12:01:25,Epic Universe,Mario Kart™: Bowser's Challenge Single Rider,0,True
2026-08-18 12:01:25,Epic Universe,Mine-Cart Madness™,0,False
2026-08-18 12:01:25,Epic Universe,Mine-Cart Madness™ Single Rider,0,True
2026-08-18 12:01:25,Epic Universe,Yoshi's Adventure™,5,True
2026-08-18 12:01:25,Epic Universe,Harry Potter and the Battle at the Ministry™,0,False
2026-08-18 12:01:25,Epic Universe,Harry Potter and the Battle at the Ministry™ Single Rider,0,True
2026-08-18 13:07:36,Islands of Adventure,Camp Jurassic™,0,False
2026-08-18 13:07:36,Islands of Adventure,Jurassic Park Discovery Center,0,False
2026-08-18 13:07:36,Islands of Adventure,Jurassic Park River Adventure,0,False
2026-08-18 13:07:36,Islands of Adventure,Jurassic World VelociCoaster,20,True
2026-08-18 13:07:36,Islands of Adventure,Pteranodon Flyers,10,True
2026-08-18 13:07:36,Islands of Adventure,Skull Island: Reign of Kong,0,False
2026-08-18 13:07:36,Islands of Adventure,Doctor Doom's Fearfall®,5,True
2026-08-18 13:07:36,Islands of Adventure,Doctor Doom's Fearfall® Single Rider,0,True
2026-08-18 13:07:36,Islands of Adventure,Storm Force Accelatron®,5,True
2026-08-18 13:07:36,Islands of Adventure,The Amazing Adventures of Spider-Man®,0,False
2026-08-18 13:07:36,Islands of Adventure,The Incredible Hulk Coaster®,5,True
2026-08-18 13:07:36,Islands of Adventure,The Incredible Hulk Coaster® Single Rider,0,True
2026-08-18 13:07:36,Islands of Adventure,Caro-Seuss-el™,5,True
2026-08-18 13:07:36,Islands of Adventure,If I Ran The Zoo™,0,False
2026-08-18 13:07:36,Islands of Adventure,"One Fish, Two Fish, Red Fish, Blue Fish™",5,True
2026-08-18 13:07:36,Islands of Adventure,The Cat in The Hat™,5,True
2026-08-18 13:07:36,Islands of Adventure,The High in the Sky Seuss Trolley Train Ride!™,5,True
2026-08-18 13:07:36,Islands of Adventure,Flight of the Hippogriff™,15,True
2026-08-18 13:07:36,Islands of Adventure,Hagrid's Magical Creatures Motorbike Adventure™,90,True
2026-08-18 13:07:36,Islands of Adventure,Hagrid's Magical Creatures Motorbike Adventure™ Single Rider,0,True
2026-08-18 13:07:36,Islands of Adventure,Harry Potter and the Forbidden Journey™,20,True
2026-08-18 13:07:36,Islands of Adventure,Harry Potter and the Forbidden Journey™ Single Rider,0,True
2026-08-18 13:07:36,Islands of Adventure,Hogwarts Express™ - Hogsmeade™ Station,0,False
2026-08-18 13:07:36,Islands of Adventure,Ollivanders™ Experience in Hogsmeade™,10,True
2026-08-18 13:07:36,Islands of Adventure,Dudley Do-Right's Ripsaw Falls®,5,True
2026-08-18 13:07:36,Islands of Adventure,"Me Ship, The Olive®",0,False
2026-08-18 13:07:36,Islands of Adventure,Popeye & Bluto's Bilge-Rat Barges®,0,False
2026-08-18 13:07:36,Universal Studios Florida,Trolls Trollercoaster,0,False
2026-08-18 13:07:36,Universal Studios Florida,E.T. Adventure,0,False
2026-08-18 13:07:36,Universal Studios Florida,Despicable Me Minion Mayhem™,0,False
2026-08-18 13:07:36,Universal Studios Florida,Illumination's Villain-Con Minion Blast,0,False
2026-08-18 13:07:36,Universal Studios Florida,Race Through New York Starring Jimmy Fallon™,0,False
2026-08-18 13:07:36,Universal Studios Florida,Revenge of the Mummy™,0,False
2026-08-18 13:07:36,Universal Studios Florida,Revenge of the Mummy™ Single Rider,0,True
2026-08-18 13:07:36,Universal Studios Florida,TRANSFORMERS™ The Ride-3D,0,False
2026-08-18 13:07:36,Universal Studios Florida,Fast & Furious - Supercharged™,0,True
2026-08-18 13:07:36,Universal Studios Florida,Fast & Furious - Supercharged™ Single Rider,0,True
2026-08-18 13:07:36,Universal Studios Florida,Harry Potter and the Escape from Gringotts™,0,False
2026-08-18 13:07:36,Universal Studios Florida,Harry Potter and the Escape from Gringotts™ Single Rider,0,True
2026-08-18 13:07:36,Universal Studios Florida,Hogwarts Express™ - King's Cross Station,0,False
2026-08-18 13:07:36,Universal Studios Florida,Hogwarts™ Express - First Train,0,False
2026-08-18 13:07:36,Universal Studios Florida,Hogwarts™ Express - Last Train,0,False
2026-08-18 13:07:36,Universal Studios Florida,Ollivanders™ Experience in Diagon Alley™,5,True
2026-08-18 13:07:36,Universal Studios Florida,Kang & Kodos' Twirl 'n' Hurl,0,False
2026-08-18 13:07:36,Universal Studios Florida,MEN IN BLACK™ Alien Attack!,0,False
2026-08-18 13:07:36,Universal Studios Florida,MEN IN BLACK™ Alien Attack!™ Single Rider,0,True
2026-08-18 13:07:36,Universal Studios Florida,The Simpsons Ride™,0,False
2026-08-18 13:07:36,Epic Universe,Constellation Carousel,5,True
2026-08-18 13:07:36,Epic Universe,Stardust Racers,0,False
2026-08-18 13:07:36,Epic Universe,Curse of the Werewolf,5,True
2026-08-18 13:07:36,Epic Universe,Curse of the Werewolf Single Rider,0,True
2026-08-18 13:07:36,Epic Universe,Monsters Unchained: The Frankenstein Experiment,10,True
2026-08-18 13:07:36,Epic Universe,Monsters Unchained: The Frankenstein Experiment Single Rider,0,True
2026-08-18 13:07:36,Epic Universe,Dragon Racer's Rally,40,True
2026-08-18 13:07:36,Epic Universe,Fyre Drill,5,True
2026-08-18 13:07:36,Epic Universe,Hiccup's Wing Gliders,5,True
2026-08-18 13:07:36,Epic Universe,Meet Toothless and Friends,50,True
2026-08-18 13:07:36,Epic Universe,Bowser Jr. Challenge,5,True
2026-08-18 13:07:36,Epic Universe,Mario Kart™: Bowser's Challenge,30,True
2026-08-18 13:07:36,Epic Universe,Mario Kart™: Bowser's Challenge Single Rider,0,True
2026-08-18 13:07:36,Epic Universe,Mine-Cart Madness™,75,True
2026-08-18 13:07:36,Epic Universe,Mine-Cart Madness™ Single Rider,0,True
2026-08-18 13:07:36,Epic Universe,Yoshi's Adventure™,5,True
2026-08-18 13:07:36,Epic Universe,Harry Potter and the Battle at the Ministry™,90,True
2026-08-18 13:07:36,Epic Universe,Harry Potter and the Battle at the Ministry™ Single Rider,0,True
2026-08-18 13:56:40,Islands of Adventure,Camp Jurassic™,0,False
2026-08-18 13:56:40,Islands of Adventure,Jurassic Park Discovery Center,0,False
2026-08-18 13:56:40,Islands of Adventure,Jurassic Park River Adventure,0,False
2026-08-18 13:56:40,Islands of Adventure,Jurassic World VelociCoaster,20,True
2026-08-18 13:56:40,Islands of Adventure,Pteranodon Flyers,25,True
2026-08-18 13:56:40,Islands of Adventure,Skull Island: Reign of Kong,10,True
2026-08-18 13:56:40,Islands of Adventure,Doctor Doom's Fearfall®,5,True
2026-08-18 13:56:40,Islands of Adventure,Doctor Doom's Fearfall® Single Rider,0,True
2026-08-18 13:56:40,Islands of Adventure,Storm Force Accelatron®,5,True
2026-08-18 13:56:40,Islands of Adventure,The Amazing Adventures of Spider-Man®,40,True
2026-08-18 13:56:40,Islands of Adventure,The Incredible Hulk Coaster®,15,True
2026-08-18 13:56:40,Islands of Adventure,The Incredible Hulk Coaster® Single Rider,0,True
2026-08-18 13:56:40,Islands of Adventure,Caro-Seuss-el™,5,True
2026-08-18 13:56:40,Islands of Adventure,If I Ran The Zoo™,0,False
2026-08-18 13:56:40,Islands of Adventure,"One Fish, Two Fish, Red Fish, Blue Fish™",5,True
2026-08-18 13:56:40,Islands of Adventure,The Cat in The Hat™,5,True
2026-08-18 13:56:40,Islands of Adventure,The High in the Sky Seuss Trolley Train Ride!™,5,True
2026-08-18 13:56:40,Islands of Adventure,Flight of the Hippogriff™,35,True
2026-08-18 13:56:40,Islands of Adventure,Hagrid's Magical Creatures Motorbike Adventure™,60,True
2026-08-18 13:56:40,Islands of Adventure,Hagrid's Magical Creatures Motorbike Adventure™ Single Rider,0,True
2026-08-18 13:56:40,Islands of Adventure,Harry Potter and the Forbidden Journey™,10,True
2026-08-18 13:56:40,Islands of Adventure,Harry Potter and the Forbidden Journey™ Single Rider,0,True
2026-08-18 13:56:40,Islands of Adventure,Hogwarts Express™ - Hogsmeade™ Station,0,False
2026-08-18 13:56:40,Islands of Adventure,Ollivanders™ Experience in Hogsmeade™,15,True
2026-08-18 13:56:40,Islands of Adventure,Dudley Do-Right's Ripsaw Falls®,15,True
2026-08-18 13:56:40,Islands of Adventure,"Me Ship, The Olive®",0,False
2026-08-18 13:56:40,Islands of Adventure,Popeye & Bluto's Bilge-Rat Barges®,0,False
2026-08-18 13:56:40,Universal Studios Florida,Trolls Trollercoaster,0,False
2026-08-18 13:56:40,Universal Studios Florida,E.T. Adventure,0,False
2026-08-18 13:56:40,Universal Studios Florida,Despicable Me Minion Mayhem™,0,False
2026-08-18 13:56:40,Universal Studios Florida,Illumination's Villain-Con Minion Blast,0,False
2026-08-18 13:56:40,Universal Studios Florida,Race Through New York Starring Jimmy Fallon™,0,False
2026-08-18 13:56:40,Universal Studios Florida,Revenge of the Mummy™,0,False
2026-08-18 13:56:40,Universal Studios Florida,Revenge of the Mummy™ Single Rider,0,True
2026-08-18 13:56:40,Universal Studios Florida,TRANSFORMERS™ The Ride-3D,0,False
2026-08-18 13:56:40,Universal Studios Florida,Fast & Furious - Supercharged™,0,True
2026-08-18 13:56:40,Universal Studios Florida,Fast & Furious - Supercharged™ Single Rider,0,True
2026-08-18 13:56:40,Universal Studios Florida,Harry Potter and the Escape from Gringotts™,0,False
2026-08-18 13:56:40,Universal Studios Florida,Harry Potter and the Escape from Gringotts™ Single Rider,0,True
2026-08-18 13:56:40,Universal Studios Florida,Hogwarts Express™ - King's Cross Station,0,False
2026-08-18 13:56:40,Universal Studios Florida,Hogwarts™ Express - First Train,0,False
2026-08-18 13:56:40,Universal Studios Florida,Hogwarts™ Express - Last Train,0,False
2026-08-18 13:56:40,Universal Studios Florida,Ollivanders™ Experience in Diagon Alley™,5,True
2026-08-18 13:56:40,Universal Studios Florida,Kang & Kodos' Twirl 'n' Hurl,0,False
2026-08-18 13:56:40,Universal Studios Florida,MEN IN BLACK™ Alien Attack!,0,False
2026-08-18 13:56:40,Universal Studios Florida,MEN IN BLACK™ Alien Attack!™ Single Rider,0,True
2026-08-18 13:56:40,Universal Studios Florida,The Simpsons Ride™,0,False
2026-08-18 13:56:40,Epic Universe,Constellation Carousel,5,True
2026-08-18 13:56:40,Epic Universe,Stardust Racers,0,False
2026-08-18 13:56:40,Epic Universe,Curse of the Werewolf,15,True
2026-08-18 13:56:40,Epic Universe,Curse of the Werewolf Single Rider,0,True
2026-08-18 13:56:40,Epic Universe,Monsters Unchained: The Frankenstein Experiment,20,True
2026-08-18 13:56:40,Epic Universe,Monsters Unchained: The Frankenstein Experiment Single Rider,0,True
2026-08-18 13:56:40,Epic Universe,Dragon Racer's Rally,40,True
2026-08-18 13:56:40,Epic Universe,Fyre Drill,5,True
2026-08-18 13:56:40,Epic Universe,Hiccup's Wing Gliders,15,True
2026-08-18 13:56:40,Epic Universe,Meet Toothless and Friends,50,True
2026-08-18 13:56:40,Epic Universe,Bowser Jr. Challenge,5,True
2026-08-18 13:56:40,Epic Universe,Mario Kart™: Bowser's Challenge,45,True
2026-08-18 13:56:40,Epic Universe,Mario Kart™: Bowser's Challenge Single Rider,0,True
2026-08-18 13:56:40,Epic Universe,Mine-Cart Madness™,90,True
2026-08-18 13:56:40,Epic Universe,Mine-Cart Madness™ Single Rider,0,True
2026-08-18 13:56:40,Epic Universe,Yoshi's Adventure™,25,True
2026-08-18 13:56:40,Epic Universe,Harry Potter and the Battle at the Ministry™,35,True
2026-08-18 13:56:40,Epic Universe,Harry Potter and the Battle at the Ministry™ Single Rider,0,True
2026-08-18 14:38:10,Islands of Adventure,Camp Jurassic™,0,False
2026-08-18 14:38:10,Islands of Adventure,Jurassic Park Discovery Center,0,False
2026-08-18 14:38:10,Islands of Adventure,Jurassic Park River Adventure,0,False
2026-08-18 14:38:10,Islands of Adventure,Jurassic World VelociCoaster,40,True
2026-08-18 14:38:10,Islands of Adventure,Pteranodon Flyers,20,True
2026-08-18 14:38:10,Islands of Adventure,Skull Island: Reign of Kong,10,True
2026-08-18 14:38:10,Islands of Adventure,Doctor Doom's Fearfall®,10,True
2026-08-18 14:38:10,Islands of Adventure,Doctor Doom's Fearfall® Single Rider,0,True
2026-08-18 14:38:10,Islands of Adventure,Storm Force Accelatron®,5,True
2026-08-18 14:38:10,Islands of Adventure,The Amazing Adventures of Spider-Man®,50,True
2026-08-18 14:38:10,Islands of Adventure,The Incredible Hulk Coaster®,25,True
2026-08-18 14:38:10,Islands of Adventure,The Incredible Hulk Coaster® Single Rider,0,True
2026-08-18 14:38:10,Islands of Adventure,Caro-Seuss-el™,5,True
2026-08-18 14:38:10,Islands of Adventure,If I Ran The Zoo™,0,False
2026-08-18 14:38:10,Islands of Adventure,"One Fish, Two Fish, Red Fish, Blue Fish™",15,True
2026-08-18 14:38:10,Islands of Adventure,The Cat in The Hat™,5,True
2026-08-18 14:38:10,Islands of Adventure,The High in the Sky Seuss Trolley Train Ride!™,5,True
2026-08-18 14:38:10,Islands of Adventure,Flight of the Hippogriff™,15,True
2026-08-18 14:38:10,Islands of Adventure,Hagrid's Magical Creatures Motorbike Adventure™,60,True
2026-08-18 14:38:10,Islands of Adventure,Hagrid's Magical Creatures Motorbike Adventure™ Single Rider,0,True
2026-08-18 14:38:10,Islands of Adventure,Harry Potter and the Forbidden Journey™,15,True
2026-08-18 14:38:10,Islands of Adventure,Harry Potter and the Forbidden Journey™ Single Rider,0,True
2026-08-18 14:38:10,Islands of Adventure,Hogwarts Express™ - Hogsmeade™ Station,0,False
2026-08-18 14:38:10,Islands of Adventure,Ollivanders™ Experience in Hogsmeade™,15,True
2026-08-18 14:38:10,Islands of Adventure,Dudley Do-Right's Ripsaw Falls®,35,True
2026-08-18 14:38:10,Islands of Adventure,"Me Ship, The Olive®",0,False
2026-08-18 14:38:10,Islands of Adventure,Popeye & Bluto's Bilge-Rat Barges®,10,True
2026-08-18 14:38:10,Universal Studios Florida,Trolls Trollercoaster,0,False
2026-08-18 14:38:10,Universal Studios Florida,E.T. Adventure,0,False
2026-08-18 14:38:10,Universal Studios Florida,Despicable Me Minion Mayhem™,45,True
2026-08-18 14:38:10,Universal Studios Florida,Illumination's Villain-Con Minion Blast,5,True
2026-08-18 14:38:10,Universal Studios Florida,Race Through New York Starring Jimmy Fallon™,15,True
2026-08-18 14:38:10,Universal Studios Florida,Revenge of the Mummy™,10,True
2026-08-18 14:38:10,Universal Studios Florida,Revenge of the Mummy™ Single Rider,0,True
2026-08-18 14:38:10,Universal Studios Florida,TRANSFORMERS™ The Ride-3D,5,True
2026-08-18 14:38:10,Universal Studios Florida,Fast & Furious - Supercharged™,0,True
2026-08-18 14:38:10,Universal Studios Florida,Fast & Furious - Supercharged™ Single Rider,0,True
2026-08-18 14:38:10,Universal Studios Florida,Harry Potter and the Escape from Gringotts™,15,True
2026-08-18 14:38:10,Universal Studios Florida,Harry Potter and the Escape from Gringotts™ Single Rider,0,True
2026-08-18 14:38:10,Universal Studios Florida,Hogwarts Express™ - King's Cross Station,10,True
2026-08-18 14:38:10,Universal Studios Florida,Hogwarts™ Express - First Train,0,False
2026-08-18 14:38:10,Universal Studios Florida,Hogwarts™ Express - Last Train,0,False
2026-08-18 14:38:10,Universal Studios Florida,Ollivanders™ Experience in Diagon Alley™,5,True
2026-08-18 14:38:10,Universal Studios Florida,Kang & Kodos' Twirl 'n' Hurl,0,False
2026-08-18 14:38:10,Universal Studios Florida,MEN IN BLACK™ Alien Attack!,10,True
2026-08-18 14:38:10,Universal Studios Florida,MEN IN BLACK™ Alien Attack!™ Single Rider,0,True
2026-08-18 14:38:10,Universal Studios Florida,The Simpsons Ride™,10,True
2026-08-18 14:38:10,Epic Universe,Constellation Carousel,10,True
2026-08-18 14:38:10,Epic Universe,Stardust Racers,0,False
2026-08-18 14:38:10,Epic Universe,Curse of the Werewolf,25,True
2026-08-18 14:38:10,Epic Universe,Curse of the Werewolf Single Rider,0,True
2026-08-18 14:38:10,Epic Universe,Monsters Unchained: The Frankenstein Experiment,15,True
2026-08-18 14:38:10,Epic Universe,Monsters Unchained: The Frankenstein Experiment Single Rider,0,True
2026-08-18 14:38:10,Epic Universe,Dragon Racer's Rally,55,True
2026-08-18 14:38:10,Epic Universe,Fyre Drill,25,True
2026-08-18 14:38:10,Epic Universe,Hiccup's Wing Gliders,0,False
2026-08-18 14:38:10,Epic Universe,Meet Toothless and Friends,65,True
2026-08-18 14:38:10,Epic Universe,Bowser Jr. Challenge,5,True
2026-08-18 14:38:10,Epic Universe,Mario Kart™: Bowser's Challenge,55,True
2026-08-18 14:38:10,Epic Universe,Mario Kart™: Bowser's Challenge Single Rider,0,True
2026-08-18 14:38:10,Epic Universe,Mine-Cart Madness™,90,True
2026-08-18 14:38:10,Epic Universe,Mine-Cart Madness™ Single Rider,0,True
2026-08-18 14:38:10,Epic Universe,Yoshi's Adventure™,40,True
2026-08-18 14:38:10,Epic Universe,Harry Potter and the Battle at the Ministry™,55,True
2026-08-18 14:38:10,Epic Universe,Harry Potter and the Battle at the Ministry™ Single Rider,0,True
2026-08-18 15:12:48,Islands of Adventure,Camp Jurassic™,0,False
2026-08-18 15:12:48,Islands of Adventure,Jurassic Park Discovery Center,0,False
2026-08-18 15:12:48,Islands of Adventure,Jurassic Park River Adventure,0,False
2026-08-18 15:12:48,Islands of Adventure,Jurassic World VelociCoaster,30,True
2026-08-18 15:12:48,Islands of Adventure,Pteranodon Flyers,45,True
2026-08-18 15:12:48,Islands of Adventure,Skull Island: Reign of Kong,5,True
2026-08-18 15:12:48,Islands of Adventure,Doctor Doom's Fearfall®,25,True
2026-08-18 15:12:48,Islands of Adventure,Doctor Doom's Fearfall® Single Rider,0,True
2026-08-18 15:12:48,Islands of Adventure,Storm Force Accelatron®,5,True
2026-08-18 15:12:48,Islands of Adventure,The Amazing Adventures of Spider-Man®,40,True
2026-08-18 15:12:48,Islands of Adventure,The Incredible Hulk Coaster®,25,True
2026-08-18 15:12:48,Islands of Adventure,The Incredible Hulk Coaster® Single Rider,0,True
2026-08-18 15:12:48,Islands of Adventure,Caro-Seuss-el™,5,True
2026-08-18 15:12:48,Islands of Adventure,If I Ran The Zoo™,0,False
2026-08-18 15:12:48,Islands of Adventure,"One Fish, Two Fish, Red Fish, Blue Fish™",10,True
2026-08-18 15:12:48,Islands of Adventure,The Cat in The Hat™,5,True
2026-08-18 15:12:48,Islands of Adventure,The High in the Sky Seuss Trolley Train Ride!™,5,True
2026-08-18 15:12:48,Islands of Adventure,Flight of the Hippogriff™,25,True
2026-08-18 15:12:48,Islands of Adventure,Hagrid's Magical Creatures Motorbike Adventure™,60,True
2026-08-18 15:12:48,Islands of Adventure,Hagrid's Magical Creatures Motorbike Adventure™ Single Rider,0,True
2026-08-18 15:12:48,Islands of Adventure,Harry Potter and the Forbidden Journey™,15,True
2026-08-18 15:12:48,Islands of Adventure,Harry Potter and the Forbidden Journey™ Single Rider,0,True
2026-08-18 15:12:48,Islands of Adventure,Hogwarts Express™ - Hogsmeade™ Station,15,True
2026-08-18 15:12:48,Islands of Adventure,Ollivanders™ Experience in Hogsmeade™,15,True
2026-08-18 15:12:48,Islands of Adventure,Dudley Do-Right's Ripsaw Falls®,60,True
2026-08-18 15:12:48,Islands of Adventure,"Me Ship, The Olive®",0,False
2026-08-18 15:12:48,Islands of Adventure,Popeye & Bluto's Bilge-Rat Barges®,10,True
2026-08-18 15:12:48,Universal Studios Florida,Trolls Trollercoaster,5,True
2026-08-18 15:12:48,Universal Studios Florida,E.T. Adventure,0,False
2026-08-18 15:12:48,Universal Studios Florida,Despicable Me Minion Mayhem™,65,True
2026-08-18 15:12:48,Universal Studios Florida,Illumination's Villain-Con Minion Blast,10,True
2026-08-18 15:12:48,Universal Studios Florida,Race Through New York Starring Jimmy Fallon™,30,True
2026-08-18 15:12:48,Universal Studios Florida,Revenge of the Mummy™,35,True
2026-08-18 15:12:48,Universal Studios Florida,Revenge of the Mummy™ Single Rider,0,True
2026-08-18 15:12:48,Universal Studios Florida,TRANSFORMERS™ The Ride-3D,20,True
2026-08-18 15:12:48,Universal Studios Florida,Fast & Furious - Supercharged™,0,True
2026-08-18 15:12:48,Universal Studios Florida,Fast & Furious - Supercharged™ Single Rider,0,True
2026-08-18 15:12:48,Universal Studios Florida,Harry Potter and the Escape from Gringotts™,15,True
2026-08-18 15:12:48,Universal Studios Florida,Harry Potter and the Escape from Gringotts™ Single Rider,0,True
2026-08-18 15:12:48,Universal Studios Florida,Hogwarts Express™ - King's Cross Station,10,True
2026-08-18 15:12:48,Universal Studios Florida,Hogwarts™ Express - First Train,0,False
2026-08-18 15:12:48,Universal Studios Florida,Hogwarts™ Express - Last Train,0,False
2026-08-18 15:12:48,Universal Studios Florida,Ollivanders™ Experience in Diagon Alley™,5,True
2026-08-18 15:12:48,Universal Studios Florida,Kang & Kodos' Twirl 'n' Hurl,5,True
2026-08-18 15:12:48,Universal Studios Florida,MEN IN BLACK™ Alien Attack!,10,True
2026-08-18 15:12:48,Universal Studios Florida,MEN IN BLACK™ Alien Attack!™ Single Rider,0,True
2026-08-18 15:12:48,Universal Studios Florida,The Simpsons Ride™,20,True
2026-08-18 15:12:48,Epic Universe,Constellation Carousel,10,True
2026-08-18 15:12:48,Epic Universe,Stardust Racers,0,False
2026-08-18 15:12:48,Epic Universe,Curse of the Werewolf,35,True
2026-08-18 15:12:48,Epic Universe,Curse of the Werewolf Single Rider,0,True
2026-08-18 15:12:48,Epic Universe,Monsters Unchained: The Frankenstein Experiment,15,True
2026-08-18 15:12:48,Epic Universe,Monsters Unchained: The Frankenstein Experiment Single Rider,0,True
2026-08-18 15:12:48,Epic Universe,Dragon Racer's Rally,45,True
2026-08-18 15:12:48,Epic Universe,Fyre Drill,50,True
2026-08-18 15:12:48,Epic Universe,Hiccup's Wing Gliders,0,False
2026-08-18 15:12:48,Epic Universe,Meet Toothless and Friends,65,True
2026-08-18 15:12:48,Epic Universe,Bowser Jr. Challenge,5,True
2026-08-18 15:12:48,Epic Universe,Mario Kart™: Bowser's Challenge,55,True
2026-08-18 15:12:48,Epic Universe,Mario Kart™: Bowser's Challenge Single Rider,0,True
2026-08-18 15:12:48,Epic Universe,Mine-Cart Madness™,110,True
2026-08-18 15:12:48,Epic Universe,Mine-Cart Madness™ Single Rider,0,True
2026-08-18 15:12:48,Epic Universe,Yoshi's Adventure™,45,True
2026-08-18 15:12:48,Epic Universe,Harry Potter and the Battle at the Ministry™,65,True
2026-08-18 15:12:48,Epic Universe,Harry Potter and the Battle at the Ministry™ Single Rider,0,True
2026-08-18 15:47:50,Islands of Adventure,Camp Jurassic™,0,False
2026-08-18 15:47:50,Islands of Adventure,Jurassic Park Discovery Center,0,False
2026-08-18 15:47:50,Islands of Adventure,Jurassic Park River Adventure,0,False
2026-08-18 15:47:50,Islands of Adventure,Jurassic World VelociCoaster,55,True
2026-08-18 15:47:50,Islands of Adventure,Pteranodon Flyers,25,True
2026-08-18 15:47:50,Islands of Adventure,Skull Island: Reign of Kong,10,True
2026-08-18 15:47:50,Islands of Adventure,Doctor Doom's Fearfall®,20,True
2026-08-18 15:47:50,Islands of Adventure,Doctor Doom's Fearfall® Single Rider,0,True
2026-08-18 15:47:50,Islands of Adventure,Storm Force Accelatron®,5,True
2026-08-18 15:47:50,Islands of Adventure,The Amazing Adventures of Spider-Man®,40,True
2026-08-18 15:47:50,Islands of Adventure,The Incredible Hulk Coaster®,15,True
2026-08-18 15:47:50,Islands of Adventure,The Incredible Hulk Coaster® Single Rider,0,True
2026-08-18 15:47:50,Islands of Adventure,Caro-Seuss-el™,5,True
2026-08-18 15:47:50,Islands of Adventure,If I Ran The Zoo™,0,False
2026-08-18 15:47:50,Islands of Adventure,"One Fish, Two Fish, Red Fish, Blue Fish™",5,True
2026-08-18 15:47:50,Islands of Adventure,The Cat in The Hat™,5,True
2026-08-18 15:47:50,Islands of Adventure,The High in the Sky Seuss Trolley Train Ride!™,0,False
2026-08-18 15:47:50,Islands of Adventure,Flight of the Hippogriff™,20,True
2026-08-18 15:47:50,Islands of Adventure,Hagrid's Magical Creatures Motorbike Adventure™,45,True
2026-08-18 15:47:50,Islands of Adventure,Hagrid's Magical Creatures Motorbike Adventure™ Single Rider,0,True
2026-08-18 15:47:50,Islands of Adventure,Harry Potter and the Forbidden Journey™,15,True
2026-08-18 15:47:50,Islands of Adventure,Harry Potter and the Forbidden Journey™ Single Rider,0,True
2026-08-18 15:47:50,Islands of Adventure,Hogwarts Express™ - Hogsmeade™ Station,15,True
2026-08-18 15:47:50,Islands of Adventure,Ollivanders™ Experience in Hogsmeade™,15,True
2026-08-18 15:47:50,Islands of Adventure,Dudley Do-Right's Ripsaw Falls®,60,True
2026-08-18 15:47:50,Islands of Adventure,"Me Ship, The Olive®",0,False
2026-08-18 15:47:50,Islands of Adventure,Popeye & Bluto's Bilge-Rat Barges®,10,True
2026-08-18 15:47:50,Universal Studios Florida,Trolls Trollercoaster,5,True
2026-08-18 15:47:50,Universal Studios Florida,E.T. Adventure,15,True
2026-08-18 15:47:50,Universal Studios Florida,Despicable Me Minion Mayhem™,40,True
2026-08-18 15:47:50,Universal Studios Florida,Illumination's Villain-Con Minion Blast,10,True
2026-08-18 15:47:50,Universal Studios Florida,Race Through New York Starring Jimmy Fallon™,30,True
2026-08-18 15:47:50,Universal Studios Florida,Revenge of the Mummy™,25,True
2026-08-18 15:47:50,Universal Studios Florida,Revenge of the Mummy™ Single Rider,0,True
2026-08-18 15:47:50,Universal Studios Florida,TRANSFORMERS™ The Ride-3D,30,True
2026-08-18 15:47:50,Universal Studios Florida,Fast & Furious - Supercharged™,0,True
2026-08-18 15:47:50,Universal Studios Florida,Fast & Furious - Supercharged™ Single Rider,0,True
2026-08-18 15:47:50,Universal Studios Florida,Harry Potter and the Escape from Gringotts™,25,True
2026-08-18 15:47:50,Universal Studios Florida,Harry Potter and the Escape from Gringotts™ Single Rider,0,True
2026-08-18 15:47:50,Universal Studios Florida,Hogwarts Express™ - King's Cross Station,10,True
2026-08-18 15:47:50,Universal Studios Florida,Hogwarts™ Express - First Train,0,False
2026-08-18 15:47:50,Universal Studios Florida,Hogwarts™ Express - Last Train,0,False
2026-08-18 15:47:50,Universal Studios Florida,Ollivanders™ Experience in Diagon Alley™,5,True
2026-08-18 15:47:50,Universal Studios Florida,Kang & Kodos' Twirl 'n' Hurl,5,True
2026-08-18 15:47:50,Universal Studios Florida,MEN IN BLACK™ Alien Attack!,10,True
2026-08-18 15:47:50,Universal Studios Florida,MEN IN BLACK™ Alien Attack!™ Single Rider,0,True
2026-08-18 15:47:50,Universal Studios Florida,The Simpsons Ride™,20,True
2026-08-18 15:47:50,Epic Universe,Constellation Carousel,10,True
2026-08-18 15:47:50,Epic Universe,Stardust Racers,0,False
2026-08-18 15:47:50,Epic Universe,Curse of the Werewolf,50,True
2026-08-18 15:47:50,Epic Universe,Curse of the Werewolf Single Rider,0,True
2026-08-18 15:47:50,Epic Universe,Monsters Unchained: The Frankenstein Experiment,10,True
2026-08-18 15:47:50,Epic Universe,Monsters Unchained: The Frankenstein Experiment Single Rider,0,True
2026-08-18 15:47:50,Epic Universe,Dragon Racer's Rally,45,True
2026-08-18 15:47:50,Epic Universe,Fyre Drill,40,True
2026-08-18 15:47:50,Epic Universe,Hiccup's Wing Gliders,0,False
2026-08-18 15:47:50,Epic Universe,Meet Toothless and Friends,65,True
2026-08-18 15:47:50,Epic Universe,Bowser Jr. Challenge,5,True
2026-08-18 15:47:50,Epic Universe,Mario Kart™: Bowser's Challenge,65,True
2026-08-18 15:47:50,Epic Universe,Mario Kart™: Bowser's Challenge Single Rider,0,True
2026-08-18 15:47:50,Epic Universe,Mine-Cart Madness™,135,True
2026-08-18 15:47:50,Epic Universe,Mine-Cart Madness™ Single Rider,0,True
2026-08-18 15:47:50,Epic Universe,Yoshi's Adventure™,50,True
2026-08-18 15:47:50,Epic Universe,Harry Potter and the Battle at the Ministry™,75,True
2026-08-18 15:47:50,Epic Universe,Harry Potter and the Battle at the Ministry™ Single Rider,0,True
2026-08-18 16:32:35,Islands of Adventure,Camp Jurassic™,0,False
2026-08-18 16:32:35,Islands of Adventure,Jurassic Park Discovery Center,0,False
2026-08-18 16:32:35,Islands of Adventure,Jurassic Park River Adventure,0,False
2026-08-18 16:32:35,Islands of Adventure,Jurassic World VelociCoaster,35,True
2026-08-18 16:32:35,Islands of Adventure,Pteranodon Flyers,40,True
2026-08-18 16:32:35,Islands of Adventure,Skull Island: Reign of Kong,35,True
2026-08-18 16:32:35,Islands of Adventure,Doctor Doom's Fearfall®,20,True
2026-08-18 16:32:35,Islands of Adventure,Doctor Doom's Fearfall® Single Rider,0,True
2026-08-18 16:32:35,Islands of Adventure,Storm Force Accelatron®,5,True
2026-08-18 16:32:35,Islands of Adventure,The Amazing Adventures of Spider-Man®,55,True
2026-08-18 16:32:35,Islands of Adventure,The Incredible Hulk Coaster®,10,True
2026-08-18 16:32:35,Islands of Adventure,The Incredible Hulk Coaster® Single Rider,0,True
2026-08-18 16:32:35,Islands of Adventure,Caro-Seuss-el™,5,True
2026-08-18 16:32:35,Islands of Adventure,If I Ran The Zoo™,0,False
2026-08-18 16:32:35,Islands of Adventure,"One Fish, Two Fish, Red Fish, Blue Fish™",5,True
2026-08-18 16:32:35,Islands of Adventure,The Cat in The Hat™,5,True
2026-08-18 16:32:35,Islands of Adventure,The High in the Sky Seuss Trolley Train Ride!™,5,True
2026-08-18 16:32:35,Islands of Adventure,Flight of the Hippogriff™,25,True
2026-08-18 16:32:35,Islands of Adventure,Hagrid's Magical Creatures Motorbike Adventure™,80,True
2026-08-18 16:32:35,Islands of Adventure,Hagrid's Magical Creatures Motorbike Adventure™ Single Rider,0,True
2026-08-18 16:32:35,Islands of Adventure,Harry Potter and the Forbidden Journey™,10,True
2026-08-18 16:32:35,Islands of Adventure,Harry Potter and the Forbidden Journey™ Single Rider,0,True
2026-08-18 16:32:35,Islands of Adventure,Hogwarts Express™ - Hogsmeade™ Station,15,True
2026-08-18 16:32:35,Islands of Adventure,Ollivanders™ Experience in Hogsmeade™,15,True
2026-08-18 16:32:35,Islands of Adventure,Dudley Do-Right's Ripsaw Falls®,60,True
2026-08-18 16:32:35,Islands of Adventure,"Me Ship, The Olive®",0,False
2026-08-18 16:32:35,Islands of Adventure,Popeye & Bluto's Bilge-Rat Barges®,10,True
2026-08-18 16:32:35,Universal Studios Florida,Trolls Trollercoaster,15,True
2026-08-18 16:32:35,Universal Studios Florida,E.T. Adventure,45,True
2026-08-18 16:32:35,Universal Studios Florida,Despicable Me Minion Mayhem™,55,True
2026-08-18 16:32:35,Universal Studios Florida,Illumination's Villain-Con Minion Blast,10,True
2026-08-18 16:32:35,Universal Studios Florida,Race Through New York Starring Jimmy Fallon™,30,True
2026-08-18 16:32:35,Universal Studios Florida,Revenge of the Mummy™,25,True
2026-08-18 16:32:35,Universal Studios Florida,Revenge of the Mummy™ Single Rider,0,True
2026-08-18 16:32:35,Universal Studios Florida,TRANSFORMERS™ The Ride-3D,40,True
2026-08-18 16:32:35,Universal Studios Florida,Fast & Furious - Supercharged™,0,True
2026-08-18 16:32:35,Universal Studios Florida,Fast & Furious - Supercharged™ Single Rider,0,True
2026-08-18 16:32:35,Universal Studios Florida,Harry Potter and the Escape from Gringotts™,35,True
2026-08-18 16:32:35,Universal Studios Florida,Harry Potter and the Escape from Gringotts™ Single Rider,0,True
2026-08-18 16:32:35,Universal Studios Florida,Hogwarts Express™ - King's Cross Station,10,True
2026-08-18 16:32:35,Universal Studios Florida,Hogwarts™ Express - First Train,0,False
2026-08-18 16:32:35,Universal Studios Florida,Hogwarts™ Express - Last Train,0,False
2026-08-18 16:32:35,Universal Studios Florida,Ollivanders™ Experience in Diagon Alley™,5,True
2026-08-18 16:32:35,Universal Studios Florida,Kang & Kodos' Twirl 'n' Hurl,10,True
2026-08-18 16:32:35,Universal Studios Florida,MEN IN BLACK™ Alien Attack!,20,True
2026-08-18 16:32:35,Universal Studios Florida,MEN IN BLACK™ Alien Attack!™ Single Rider,0,True
2026-08-18 16:32:35,Universal Studios Florida,The Simpsons Ride™,25,True
2026-08-18 16:32:35,Epic Universe,Constellation Carousel,10,True
2026-08-18 16:32:35,Epic Universe,Stardust Racers,0,False
2026-08-18 16:32:35,Epic Universe,Curse of the Werewolf,60,True
2026-08-18 16:32:35,Epic Universe,Curse of the Werewolf Single Rider,0,True
2026-08-18 16:32:35,Epic Universe,Monsters Unchained: The Frankenstein Experiment,10,True
2026-08-18 16:32:35,Epic Universe,Monsters Unchained: The Frankenstein Experiment Single Rider,0,True
2026-08-18 16:32:35,Epic Universe,Dragon Racer's Rally,40,True
2026-08-18 16:32:35,Epic Universe,Fyre Drill,45,True
2026-08-18 16:32:35,Epic Universe,Hiccup's Wing Gliders,40,True
2026-08-18 16:32:35,Epic Universe,Meet Toothless and Friends,65,True
2026-08-18 16:32:35,Epic Universe,Bowser Jr. Challenge,10,True
2026-08-18 16:32:35,Epic Universe,Mario Kart™: Bowser's Challenge,75,True
2026-08-18 16:32:35,Epic Universe,Mario Kart™: Bowser's Challenge Single Rider,0,True
2026-08-18 16:32:35,Epic Universe,Mine-Cart Madness™,135,True
2026-08-18 16:32:35,Epic Universe,Mine-Cart Madness™ Single Rider,0,True
2026-08-18 16:32:35,Epic Universe,Yoshi's Adventure™,40,True
2026-08-18 16:32:35,Epic Universe,Harry Potter and the Battle at the Ministry™,70,True
2026-08-18 16:32:35,Epic Universe,Harry Potter and the Battle at the Ministry™ Single Rider,0,True
2026-08-18 17:04:29,Islands of Adventure,Camp Jurassic™,0,False
2026-08-18 17:04:29,Islands of Adventure,Jurassic Park Discovery Center,0,False
2026-08-18 17:04:29,Islands of Adventure,Jurassic Park River Adventure,0,False
2026-08-18 17:04:29,Islands of Adventure,Jurassic World VelociCoaster,0,False
2026-08-18 17:04:29,Islands of Adventure,Pteranodon Flyers,0,False
2026-08-18 17:04:29,Islands of Adventure,Skull Island: Reign of Kong,35,True
2026-08-18 17:04:29,Islands of Adventure,Doctor Doom's Fearfall®,0,False
2026-08-18 17:04:29,Islands of Adventure,Doctor Doom's Fearfall® Single Rider,0,False
2026-08-18 17:04:29,Islands of Adventure,Storm Force Accelatron®,5,True
2026-08-18 17:04:29,Islands of Adventure,The Amazing Adventures of Spider-Man®,50,True
2026-08-18 17:04:29,Islands of Adventure,The Incredible Hulk Coaster®,0,False
2026-08-18 17:04:29,Islands of Adventure,The Incredible Hulk Coaster® Single Rider,0,True
2026-08-18 17:04:29,Islands of Adventure,Caro-Seuss-el™,10,True
2026-08-18 17:04:29,Islands of Adventure,If I Ran The Zoo™,0,False
2026-08-18 17:04:29,Islands of Adventure,"One Fish, Two Fish, Red Fish, Blue Fish™",0,False
2026-08-18 17:04:29,Islands of Adventure,The Cat in The Hat™,20,True
2026-08-18 17:04:29,Islands of Adventure,The High in the Sky Seuss Trolley Train Ride!™,0,False
2026-08-18 17:04:29,Islands of Adventure,Flight of the Hippogriff™,0,False
2026-08-18 17:04:29,Islands of Adventure,Hagrid's Magical Creatures Motorbike Adventure™,0,False
2026-08-18 17:04:29,Islands of Adventure,Hagrid's Magical Creatures Motorbike Adventure™ Single Rider,0,False
2026-08-18 17:04:29,Islands of Adventure,Harry Potter and the Forbidden Journey™,20,True
2026-08-18 17:04:29,Islands of Adventure,Harry Potter and the Forbidden Journey™ Single Rider,0,True
2026-08-18 17:04:29,Islands of Adventure,Hogwarts Express™ - Hogsmeade™ Station,15,True
2026-08-18 17:04:29,Islands of Adventure,Ollivanders™ Experience in Hogsmeade™,15,True
2026-08-18 17:04:29,Islands of Adventure,Dudley Do-Right's Ripsaw Falls®,0,False
2026-08-18 17:04:29,Islands of Adventure,"Me Ship, The Olive®",0,False
2026-08-18 17:04:29,Islands of Adventure,Popeye & Bluto's Bilge-Rat Barges®,0,False
2026-08-18 17:04:29,Universal Studios Florida,Trolls Trollercoaster,0,False
2026-08-18 17:04:29,Universal Studios Florida,E.T. Adventure,20,True
2026-08-18 17:04:29,Universal Studios Florida,Despicable Me Minion Mayhem™,35,True
2026-08-18 17:04:29,Universal Studios Florida,Illumination's Villain-Con Minion Blast,5,True
2026-08-18 17:04:29,Universal Studios Florida,Race Through New York Starring Jimmy Fallon™,15,True
2026-08-18 17:04:29,Universal Studios Florida,Revenge of the Mummy™,25,True
2026-08-18 17:04:29,Universal Studios Florida,Revenge of the Mummy™ Single Rider,0,True
2026-08-18 17:04:29,Universal Studios Florida,TRANSFORMERS™ The Ride-3D,30,True
2026-08-18 17:04:29,Universal Studios Florida,Fast & Furious - Supercharged™,0,True
2026-08-18 17:04:29,Universal Studios Florida,Fast & Furious - Supercharged™ Single Rider,0,True
2026-08-18 17:04:29,Universal Studios Florida,Harry Potter and the Escape from Gringotts™,35,True
2026-08-18 17:04:29,Universal Studios Florida,Harry Potter and the Escape from Gringotts™ Single Rider,0,True
2026-08-18 17:04:29,Universal Studios Florida,Hogwarts Express™ - King's Cross Station,10,True
2026-08-18 17:04:29,Universal Studios Florida,Hogwarts™ Express - First Train,0,False
2026-08-18 17:04:29,Universal Studios Florida,Hogwarts™ Express - Last Train,0,False
2026-08-18 17:04:29,Universal Studios Florida,Ollivanders™ Experience in Diagon Alley™,5,True
2026-08-18 17:04:29,Universal Studios Florida,Kang & Kodos' Twirl 'n' Hurl,5,True
2026-08-18 17:04:29,Universal Studios Florida,MEN IN BLACK™ Alien Attack!,20,True
2026-08-18 17:04:29,Universal Studios Florida,MEN IN BLACK™ Alien Attack!™ Single Rider,0,True
2026-08-18 17:04:29,Universal Studios Florida,The Simpsons Ride™,35,True
2026-08-18 17:04:29,Epic Universe,Constellation Carousel,10,True
2026-08-18 17:04:29,Epic Universe,Stardust Racers,0,False
2026-08-18 17:04:29,Epic Universe,Curse of the Werewolf,0,False
2026-08-18 17:04:29,Epic Universe,Curse of the Werewolf Single Rider,0,False
2026-08-18 17:04:29,Epic Universe,Monsters Unchained: The Frankenstein Experiment,10,True
2026-08-18 17:04:29,Epic Universe,Monsters Unchained: The Frankenstein Experiment Single Rider,0,True
2026-08-18 17:04:29,Epic Universe,Dragon Racer's Rally,0,False
2026-08-18 17:04:29,Epic Universe,Fyre Drill,0,False
2026-08-18 17:04:29,Epic Universe,Hiccup's Wing Gliders,0,False
2026-08-18 17:04:29,Epic Universe,Meet Toothless and Friends,50,True
2026-08-18 17:04:29,Epic Universe,Bowser Jr. Challenge,10,True
2026-08-18 17:04:29,Epic Universe,Mario Kart™: Bowser's Challenge,50,True
2026-08-18 17:04:29,Epic Universe,Mario Kart™: Bowser's Challenge Single Rider,0,True
2026-08-18 17:04:29,Epic Universe,Mine-Cart Madness™,0,False
2026-08-18 17:04:29,Epic Universe,Mine-Cart Madness™ Single Rider,0,True
2026-08-18 17:04:29,Epic Universe,Yoshi's Adventure™,0,False
2026-08-18 17:04:29,Epic Universe,Harry Potter and the Battle at the Ministry™,70,True
2026-08-18 17:04:29,Epic Universe,Harry Potter and the Battle at the Ministry™ Single Rider,0,True
2026-08-18 17:43:24,Islands of Adventure,Camp Jurassic™,0,False
2026-08-18 17:43:24,Islands of Adventure,Jurassic Park Discovery Center,0,False
2026-08-18 17:43:24,Islands of Adventure,Jurassic Park River Adventure,0,False
2026-08-18 17:43:24,Islands of Adventure,Jurassic World VelociCoaster,25,True
2026-08-18 17:43:24,Islands of Adventure,Pteranodon Flyers,0,False
2026-08-18 17:43:24,Islands of Adventure,Skull Island: Reign of Kong,35,True
2026-08-18 17:43:24,Islands of Adventure,Doctor Doom's Fearfall®,5,True
2026-08-18 17:43:24,Islands of Adventure,Doctor Doom's Fearfall® Single Rider,0,True
2026-08-18 17:43:24,Islands of Adventure,Storm Force Accelatron®,5,True
2026-08-18 17:43:24,Islands of Adventure,The Amazing Adventures of Spider-Man®,35,True
2026-08-18 17:43:24,Islands of Adventure,The Incredible Hulk Coaster®,10,True
2026-08-18 17:43:24,Islands of Adventure,The Incredible Hulk Coaster® Single Rider,0,True
2026-08-18 17:43:24,Islands of Adventure,Caro-Seuss-el™,10,True
2026-08-18 17:43:24,Islands of Adventure,If I Ran The Zoo™,0,False
2026-08-18 17:43:24,Islands of Adventure,"One Fish, Two Fish, Red Fish, Blue Fish™",5,True
2026-08-18 17:43:24,Islands of Adventure,The Cat in The Hat™,5,True
2026-08-18 17:43:24,Islands of Adventure,The High in the Sky Seuss Trolley Train Ride!™,5,True
2026-08-18 17:43:24,Islands of Adventure,Flight of the Hippogriff™,15,True
2026-08-18 17:43:24,Islands of Adventure,Hagrid's Magical Creatures Motorbike Adventure™,45,True
2026-08-18 17:43:24,Islands of Adventure,Hagrid's Magical Creatures Motorbike Adventure™ Single Rider,0,True
2026-08-18 17:43:24,Islands of Adventure,Harry Potter and the Forbidden Journey™,20,True
2026-08-18 17:43:24,Islands of Adventure,Harry Potter and the Forbidden Journey™ Single Rider,0,True
2026-08-18 17:43:24,Islands of Adventure,Hogwarts Express™ - Hogsmeade™ Station,25,True
2026-08-18 17:43:24,Islands of Adventure,Ollivanders™ Experience in Hogsmeade™,15,True
2026-08-18 17:43:24,Islands of Adventure,Dudley Do-Right's Ripsaw Falls®,60,True
2026-08-18 17:43:24,Islands of Adventure,"Me Ship, The Olive®",0,False
2026-08-18 17:43:24,Islands of Adventure,Popeye & Bluto's Bilge-Rat Barges®,20,True
2026-08-18 17:43:24,Universal Studios Florida,Trolls Trollercoaster,0,False
2026-08-18 17:43:24,Universal Studios Florida,E.T. Adventure,20,True
2026-08-18 17:43:24,Universal Studios Florida,Despicable Me Minion Mayhem™,35,True
2026-08-18 17:43:24,Universal Studios Florida,Illumination's Villain-Con Minion Blast,5,True
2026-08-18 17:43:24,Universal Studios Florida,Race Through New York Starring Jimmy Fallon™,10,True
2026-08-18 17:43:24,Universal Studios Florida,Revenge of the Mummy™,40,True
2026-08-18 17:43:24,Universal Studios Florida,Revenge of the Mummy™ Single Rider,0,True
2026-08-18 17:43:24,Universal Studios Florida,TRANSFORMERS™ The Ride-3D,15,True
2026-08-18 17:43:24,Universal Studios Florida,Fast & Furious - Supercharged™,0,True
2026-08-18 17:43:24,Universal Studios Florida,Fast & Furious - Supercharged™ Single Rider,0,True
2026-08-18 17:43:24,Universal Studios Florida,Harry Potter and the Escape from Gringotts™,25,True
2026-08-18 17:43:24,Universal Studios Florida,Harry Potter and the Escape from Gringotts™ Single Rider,0,True
2026-08-18 17:43:24,Universal Studios Florida,Hogwarts Express™ - King's Cross Station,15,True
2026-08-18 17:43:24,Universal Studios Florida,Hogwarts™ Express - First Train,0,False
2026-08-18 17:43:24,Universal Studios Florida,Hogwarts™ Express - Last Train,0,False
2026-08-18 17:43:24,Universal Studios Florida,Ollivanders™ Experience in Diagon Alley™,5,True
2026-08-18 17:43:24,Universal Studios Florida,Kang & Kodos' Twirl 'n' Hurl,10,True
2026-08-18 17:43:24,Universal Studios Florida,MEN IN BLACK™ Alien Attack!,35,True
2026-08-18 17:43:24,Universal Studios Florida,MEN IN BLACK™ Alien Attack!™ Single Rider,0,True
2026-08-18 17:43:24,Universal Studios Florida,The Simpsons Ride™,35,True
2026-08-18 17:43:24,Epic Universe,Constellation Carousel,10,True
2026-08-18 17:43:24,Epic Universe,Stardust Racers,0,False
2026-08-18 17:43:24,Epic Universe,Curse of the Werewolf,45,True
2026-08-18 17:43:24,Epic Universe,Curse of the Werewolf Single Rider,0,True
2026-08-18 17:43:24,Epic Universe,Monsters Unchained: The Frankenstein Experiment,15,True
2026-08-18 17:43:24,Epic Universe,Monsters Unchained: The Frankenstein Experiment Single Rider,0,True
2026-08-18 17:43:24,Epic Universe,Dragon Racer's Rally,30,True
2026-08-18 17:43:24,Epic Universe,Fyre Drill,20,True
2026-08-18 17:43:24,Epic Universe,Hiccup's Wing Gliders,30,True
2026-08-18 17:43:24,Epic Universe,Meet Toothless and Friends,50,True
2026-08-18 17:43:24,Epic Universe,Bowser Jr. Challenge,10,True
2026-08-18 17:43:24,Epic Universe,Mario Kart™: Bowser's Challenge,50,True
2026-08-18 17:43:24,Epic Universe,Mario Kart™: Bowser's Challenge Single Rider,0,True
2026-08-18 17:43:24,Epic Universe,Mine-Cart Madness™,105,True
2026-08-18 17:43:24,Epic Universe,Mine-Cart Madness™ Single Rider,0,True
2026-08-18 17:43:24,Epic Universe,Yoshi's Adventure™,25,True
2026-08-18 17:43:24,Epic Universe,Harry Potter and the Battle at the Ministry™,70,True
2026-08-18 17:43:24,Epic Universe,Harry Potter and the Battle at the Ministry™ Single Rider,0,True
2026-08-18 18:12:49,Islands of Adventure,Camp Jurassic™,0,False
2026-08-18 18:12:49,Islands of Adventure,Jurassic Park Discovery Center,0,False
2026-08-18 18:12:49,Islands of Adventure,Jurassic Park River Adventure,0,False
2026-08-18 18:12:49,Islands of Adventure,Jurassic World VelociCoaster,40,True
2026-08-18 18:12:49,Islands of Adventure,Pteranodon Flyers,15,True
2026-08-18 18:12:49,Islands of Adventure,Skull Island: Reign of Kong,10,True
2026-08-18 18:12:49,Islands of Adventure,Doctor Doom's Fearfall®,5,True
2026-08-18 18:12:49,Islands of Adventure,Doctor Doom's Fearfall® Single Rider,0,True
2026-08-18 18:12:49,Islands of Adventure,Storm Force Accelatron®,5,True
2026-08-18 18:12:49,Islands of Adventure,The Amazing Adventures of Spider-Man®,30,True
2026-08-18 18:12:49,Islands of Adventure,The Incredible Hulk Coaster®,5,True
2026-08-18 18:12:49,Islands of Adventure,The Incredible Hulk Coaster® Single Rider,0,True
2026-08-18 18:12:49,Islands of Adventure,Caro-Seuss-el™,10,True
2026-08-18 18:12:49,Islands of Adventure,If I Ran The Zoo™,0,False
2026-08-18 18:12:49,Islands of Adventure,"One Fish, Two Fish, Red Fish, Blue Fish™",5,True
2026-08-18 18:12:49,Islands of Adventure,The Cat in The Hat™,5,True
2026-08-18 18:12:49,Islands of Adventure,The High in the Sky Seuss Trolley Train Ride!™,5,True
2026-08-18 18:12:49,Islands of Adventure,Flight of the Hippogriff™,35,True
2026-08-18 18:12:49,Islands of Adventure,Hagrid's Magical Creatures Motorbike Adventure™,60,True
2026-08-18 18:12:49,Islands of Adventure,Hagrid's Magical Creatures Motorbike Adventure™ Single Rider,0,True
2026-08-18 18:12:49,Islands of Adventure,Harry Potter and the Forbidden Journey™,10,True
2026-08-18 18:12:49,Islands of Adventure,Harry Potter and the Forbidden Journey™ Single Rider,0,True
2026-08-18 18:12:49,Islands of Adventure,Hogwarts Express™ - Hogsmeade™ Station,25,True
2026-08-18 18:12:49,Islands of Adventure,Ollivanders™ Experience in Hogsmeade™,15,True
2026-08-18 18:12:49,Islands of Adventure,Dudley Do-Right's Ripsaw Falls®,60,True
2026-08-18 18:12:49,Islands of Adventure,"Me Ship, The Olive®",0,False
2026-08-18 18:12:49,Islands of Adventure,Popeye & Bluto's Bilge-Rat Barges®,20,True
2026-08-18 18:12:49,Universal Studios Florida,Trolls Trollercoaster,10,True
2026-08-18 18:12:49,Universal Studios Florida,E.T. Adventure,25,True
2026-08-18 18:12:49,Universal Studios Florida,Despicable Me Minion Mayhem™,35,True
2026-08-18 18:12:49,Universal Studios Florida,Illumination's Villain-Con Minion Blast,5,True
2026-08-18 18:12:49,Universal Studios Florida,Race Through New York Starring Jimmy Fallon™,10,True
2026-08-18 18:12:49,Universal Studios Florida,Revenge of the Mummy™,15,True
2026-08-18 18:12:49,Universal Studios Florida,Revenge of the Mummy™ Single Rider,0,True
2026-08-18 18:12:49,Universal Studios Florida,TRANSFORMERS™ The Ride-3D,45,True
2026-08-18 18:12:49,Universal Studios Florida,Fast & Furious - Supercharged™,0,True
2026-08-18 18:12:49,Universal Studios Florida,Fast & Furious - Supercharged™ Single Rider,0,True
2026-08-18 18:12:49,Universal Studios Florida,Harry Potter and the Escape from Gringotts™,20,True
2026-08-18 18:12:49,Universal Studios Florida,Harry Potter and the Escape from Gringotts™ Single Rider,0,True
2026-08-18 18:12:49,Universal Studios Florida,Hogwarts Express™ - King's Cross Station,15,True
2026-08-18 18:12:49,Universal Studios Florida,Hogwarts™ Express - First Train,0,False
2026-08-18 18:12:49,Universal Studios Florida,Hogwarts™ Express - Last Train,0,False
2026-08-18 18:12:49,Universal Studios Florida,Ollivanders™ Experience in Diagon Alley™,5,True
2026-08-18 18:12:49,Universal Studios Florida,Kang & Kodos' Twirl 'n' Hurl,15,True
2026-08-18 18:12:49,Universal Studios Florida,MEN IN BLACK™ Alien Attack!,35,True
2026-08-18 18:12:49,Universal Studios Florida,MEN IN BLACK™ Alien Attack!™ Single Rider,0,True
2026-08-18 18:12:49,Universal Studios Florida,The Simpsons Ride™,50,True
2026-08-18 18:12:49,Epic Universe,Constellation Carousel,15,True
2026-08-18 18:12:49,Epic Universe,Stardust Racers,0,False
2026-08-18 18:12:49,Epic Universe,Curse of the Werewolf,50,True
2026-08-18 18:12:49,Epic Universe,Curse of the Werewolf Single Rider,0,True
2026-08-18 18:12:49,Epic Universe,Monsters Unchained: The Frankenstein Experiment,15,True
2026-08-18 18:12:49,Epic Universe,Monsters Unchained: The Frankenstein Experiment Single Rider,0,True
2026-08-18 18:12:49,Epic Universe,Dragon Racer's Rally,45,True
2026-08-18 18:12:49,Epic Universe,Fyre Drill,20,True
2026-08-18 18:12:49,Epic Universe,Hiccup's Wing Gliders,35,True
2026-08-18 18:12:49,Epic Universe,Meet Toothless and Friends,35,True
2026-08-18 18:12:49,Epic Universe,Bowser Jr. Challenge,10,True
2026-08-18 18:12:49,Epic Universe,Mario Kart™: Bowser's Challenge,40,True
2026-08-18 18:12:49,Epic Universe,Mario Kart™: Bowser's Challenge Single Rider,0,True
2026-08-18 18:12:49,Epic Universe,Mine-Cart Madness™,135,True
2026-08-18 18:12:49,Epic Universe,Mine-Cart Madness™ Single Rider,0,True
2026-08-18 18:12:49,Epic Universe,Yoshi's Adventure™,30,True
2026-08-18 18:12:49,Epic Universe,Harry Potter and the Battle at the Ministry™,70,True
2026-08-18 18:12:49,Epic Universe,Harry Potter and the Battle at the Ministry™ Single Rider,0,True
2026-08-18 18:58:39,Islands of Adventure,Camp Jurassic™,0,False
2026-08-18 18:58:39,Islands of Adventure,Jurassic Park Discovery Center,0,False
2026-08-18 18:58:39,Islands of Adventure,Jurassic Park River Adventure,0,False
2026-08-18 18:58:39,Islands of Adventure,Jurassic World VelociCoaster,45,True
2026-08-18 18:58:39,Islands of Adventure,Pteranodon Flyers,35,True
2026-08-18 18:58:39,Islands of Adventure,Skull Island: Reign of Kong,15,True
2026-08-18 18:58:39,Islands of Adventure,Doctor Doom's Fearfall®,5,True
2026-08-18 18:58:39,Islands of Adventure,Doctor Doom's Fearfall® Single Rider,0,True
2026-08-18 18:58:39,Islands of Adventure,Storm Force Accelatron®,5,True
2026-08-18 18:58:39,Islands of Adventure,The Amazing Adventures of Spider-Man®,30,True
2026-08-18 18:58:39,Islands of Adventure,The Incredible Hulk Coaster®,5,True
2026-08-18 18:58:39,Islands of Adventure,The Incredible Hulk Coaster® Single Rider,0,True
2026-08-18 18:58:39,Islands of Adventure,Caro-Seuss-el™,10,True
2026-08-18 18:58:39,Islands of Adventure,If I Ran The Zoo™,0,False
2026-08-18 18:58:39,Islands of Adventure,"One Fish, Two Fish, Red Fish, Blue Fish™",0,False
2026-08-18 18:58:39,Islands of Adventure,The Cat in The Hat™,10,True
2026-08-18 18:58:39,Islands of Adventure,The High in the Sky Seuss Trolley Train Ride!™,5,True
2026-08-18 18:58:39,Islands of Adventure,Flight of the Hippogriff™,25,True
2026-08-18 18:58:39,Islands of Adventure,Hagrid's Magical Creatures Motorbike Adventure™,60,True
2026-08-18 18:58:39,Islands of Adventure,Hagrid's Magical Creatures Motorbike Adventure™ Single Rider,0,True
2026-08-18 18:58:39,Islands of Adventure,Harry Potter and the Forbidden Journey™,10,True
2026-08-18 18:58:39,Islands of Adventure,Harry Potter and the Forbidden Journey™ Single Rider,0,True
2026-08-18 18:58:39,Islands of Adventure,Hogwarts Express™ - Hogsmeade™ Station,25,True
2026-08-18 18:58:39,Islands of Adventure,Ollivanders™ Experience in Hogsmeade™,15,True
2026-08-18 18:58:39,Islands of Adventure,Dudley Do-Right's Ripsaw Falls®,45,True
2026-08-18 18:58:39,Islands of Adventure,"Me Ship, The Olive®",0,False
2026-08-18 18:58:39,Islands of Adventure,Popeye & Bluto's Bilge-Rat Barges®,20,True
2026-08-18 18:58:39,Universal Studios Florida,Trolls Trollercoaster,20,True
2026-08-18 18:58:39,Universal Studios Florida,E.T. Adventure,45,True
2026-08-18 18:58:39,Universal Studios Florida,Despicable Me Minion Mayhem™,35,True
2026-08-18 18:58:39,Universal Studios Florida,Illumination's Villain-Con Minion Blast,5,True
2026-08-18 18:58:39,Universal Studios Florida,Race Through New York Starring Jimmy Fallon™,10,True
2026-08-18 18:58:39,Universal Studios Florida,Revenge of the Mummy™,15,True
2026-08-18 18:58:39,Universal Studios Florida,Revenge of the Mummy™ Single Rider,0,True
2026-08-18 18:58:39,Universal Studios Florida,TRANSFORMERS™ The Ride-3D,30,True
2026-08-18 18:58:39,Universal Studios Florida,Fast & Furious - Supercharged™,0,True
2026-08-18 18:58:39,Universal Studios Florida,Fast & Furious - Supercharged™ Single Rider,0,True
2026-08-18 18:58:39,Universal Studios Florida,Harry Potter and the Escape from Gringotts™,50,True
2026-08-18 18:58:39,Universal Studios Florida,Harry Potter and the Escape from Gringotts™ Single Rider,0,True
2026-08-18 18:58:39,Universal Studios Florida,Hogwarts Express™ - King's Cross Station,15,True
2026-08-18 18:58:39,Universal Studios Florida,Hogwarts™ Express - First Train,0,False
2026-08-18 18:58:39,Universal Studios Florida,Hogwarts™ Express - Last Train,0,False
2026-08-18 18:58:39,Universal Studios Florida,Ollivanders™ Experience in Diagon Alley™,5,True
2026-08-18 18:58:39,Universal Studios Florida,Kang & Kodos' Twirl 'n' Hurl,15,True
2026-08-18 18:58:39,Universal Studios Florida,MEN IN BLACK™ Alien Attack!,15,True
2026-08-18 18:58:39,Universal Studios Florida,MEN IN BLACK™ Alien Attack!™ Single Rider,0,True
2026-08-18 18:58:39,Universal Studios Florida,The Simpsons Ride™,40,True
2026-08-18 18:58:39,Epic Universe,Constellation Carousel,25,True
2026-08-18 18:58:39,Epic Universe,Stardust Racers,0,False
2026-08-18 18:58:39,Epic Universe,Curse of the Werewolf,40,True
2026-08-18 18:58:39,Epic Universe,Curse of the Werewolf Single Rider,0,True
2026-08-18 18:58:39,Epic Universe,Monsters Unchained: The Frankenstein Experiment,10,True
2026-08-18 18:58:39,Epic Universe,Monsters Unchained: The Frankenstein Experiment Single Rider,0,True
2026-08-18 18:58:39,Epic Universe,Dragon Racer's Rally,30,True
2026-08-18 18:58:39,Epic Universe,Fyre Drill,30,True
2026-08-18 18:58:39,Epic Universe,Hiccup's Wing Gliders,50,True
2026-08-18 18:58:39,Epic Universe,Meet Toothless and Friends,75,True
2026-08-18 18:58:39,Epic Universe,Bowser Jr. Challenge,10,True
2026-08-18 18:58:39,Epic Universe,Mario Kart™: Bowser's Challenge,20,True
2026-08-18 18:58:39,Epic Universe,Mario Kart™: Bowser's Challenge Single Rider,0,True
2026-08-18 18:58:39,Epic Universe,Mine-Cart Madness™,95,True
2026-08-18 18:58:39,Epic Universe,Mine-Cart Madness™ Single Rider,0,True
2026-08-18 18:58:39,Epic Universe,Yoshi's Adventure™,30,True
2026-08-18 18:58:39,Epic Universe,Harry Potter and the Battle at the Ministry™,65,True
2026-08-18 18:58:39,Epic Universe,Harry Potter and the Battle at the Ministry™ Single Rider,0,True
2026-08-18 19:33:28,Islands of Adventure,Camp Jurassic™,0,False
2026-08-18 19:33:28,Islands of Adventure,Jurassic Park Discovery Center,0,False
2026-08-18 19:33:28,Islands of Adventure,Jurassic Park River Adventure,0,False
2026-08-18 19:33:28,Islands of Adventure,Jurassic World VelociCoaster,20,True
2026-08-18 19:33:28,Islands of Adventure,Pteranodon Flyers,15,True
2026-08-18 19:33:28,Islands of Adventure,Skull Island: Reign of Kong,15,True
2026-08-18 19:33:28,Islands of Adventure,Doctor Doom's Fearfall®,5,True
2026-08-18 19:33:28,Islands of Adventure,Doctor Doom's Fearfall® Single Rider,0,True
2026-08-18 19:33:28,Islands of Adventure,Storm Force Accelatron®,5,True
2026-08-18 19:33:28,Islands of Adventure,The Amazing Adventures of Spider-Man®,25,True
2026-08-18 19:33:28,Islands of Adventure,The Incredible Hulk Coaster®,5,True
2026-08-18 19:33:28,Islands of Adventure,The Incredible Hulk Coaster® Single Rider,0,True
2026-08-18 19:33:28,Islands of Adventure,Caro-Seuss-el™,10,True
2026-08-18 19:33:28,Islands of Adventure,If I Ran The Zoo™,0,False
2026-08-18 19:33:28,Islands of Adventure,"One Fish, Two Fish, Red Fish, Blue Fish™",5,True
2026-08-18 19:33:28,Islands of Adventure,The Cat in The Hat™,10,True
2026-08-18 19:33:28,Islands of Adventure,The High in the Sky Seuss Trolley Train Ride!™,5,True
2026-08-18 19:33:28,Islands of Adventure,Flight of the Hippogriff™,10,True
2026-08-18 19:33:28,Islands of Adventure,Hagrid's Magical Creatures Motorbike Adventure™,50,True
2026-08-18 19:33:28,Islands of Adventure,Hagrid's Magical Creatures Motorbike Adventure™ Single Rider,0,True
2026-08-18 19:33:28,Islands of Adventure,Harry Potter and the Forbidden Journey™,10,True
2026-08-18 19:33:28,Islands of Adventure,Harry Potter and the Forbidden Journey™ Single Rider,0,True
2026-08-18 19:33:28,Islands of Adventure,Hogwarts Express™ - Hogsmeade™ Station,15,True
2026-08-18 19:33:28,Islands of Adventure,Ollivanders™ Experience in Hogsmeade™,15,True
2026-08-18 19:33:28,Islands of Adventure,Dudley Do-Right's Ripsaw Falls®,45,True
2026-08-18 19:33:28,Islands of Adventure,"Me Ship, The Olive®",0,False
2026-08-18 19:33:28,Islands of Adventure,Popeye & Bluto's Bilge-Rat Barges®,20,True
2026-08-18 19:33:28,Universal Studios Florida,Trolls Trollercoaster,20,True
2026-08-18 19:33:28,Universal Studios Florida,E.T. Adventure,0,False
2026-08-18 19:33:28,Universal Studios Florida,Despicable Me Minion Mayhem™,25,True
2026-08-18 19:33:28,Universal Studios Florida,Illumination's Villain-Con Minion Blast,5,True
2026-08-18 19:33:28,Universal Studios Florida,Race Through New York Starring Jimmy Fallon™,10,True
2026-08-18 19:33:28,Universal Studios Florida,Revenge of the Mummy™,25,True
2026-08-18 19:33:28,Universal Studios Florida,Revenge of the Mummy™ Single Rider,0,True
2026-08-18 19:33:28,Universal Studios Florida,TRANSFORMERS™ The Ride-3D,15,True
2026-08-18 19:33:28,Universal Studios Florida,Fast & Furious - Supercharged™,0,True
2026-08-18 19:33:28,Universal Studios Florida,Fast & Furious - Supercharged™ Single Rider,0,True
2026-08-18 19:33:28,Universal Studios Florida,Harry Potter and the Escape from Gringotts™,50,True
2026-08-18 19:33:28,Universal Studios Florida,Harry Potter and the Escape from Gringotts™ Single Rider,0,True
2026-08-18 19:33:28,Universal Studios Florida,Hogwarts Express™ - King's Cross Station,15,True
2026-08-18 19:33:28,Universal Studios Florida,Hogwarts™ Express - First Train,0,False
2026-08-18 19:33:28,Universal Studios Florida,Hogwarts™ Express - Last Train,0,False
2026-08-18 19:33:28,Universal Studios Florida,Ollivanders™ Experience in Diagon Alley™,5,True
2026-08-18 19:33:28,Universal Studios Florida,Kang & Kodos' Twirl 'n' Hurl,5,True
2026-08-18 19:33:28,Universal Studios Florida,MEN IN BLACK™ Alien Attack!,35,True
2026-08-18 19:33:28,Universal Studios Florida,MEN IN BLACK™ Alien Attack!™ Single Rider,0,True
2026-08-18 19:33:28,Universal Studios Florida,The Simpsons Ride™,35,True
2026-08-18 19:33:28,Epic Universe,Constellation Carousel,15,True
2026-08-18 19:33:28,Epic Universe,Stardust Racers,0,False
2026-08-18 19:33:28,Epic Universe,Curse of the Werewolf,35,True
2026-08-18 19:33:28,Epic Universe,Curse of the Werewolf Single Rider,0,True
2026-08-18 19:33:28,Epic Universe,Monsters Unchained: The Frankenstein Experiment,10,True
2026-08-18 19:33:28,Epic Universe,Monsters Unchained: The Frankenstein Experiment Single Rider,0,True
2026-08-18 19:33:28,Epic Universe,Dragon Racer's Rally,35,True
2026-08-18 19:33:28,Epic Universe,Fyre Drill,30,True
2026-08-18 19:33:28,Epic Universe,Hiccup's Wing Gliders,50,True
2026-08-18 19:33:28,Epic Universe,Meet Toothless and Friends,50,True
2026-08-18 19:33:28,Epic Universe,Bowser Jr. Challenge,10,True
2026-08-18 19:33:28,Epic Universe,Mario Kart™: Bowser's Challenge,40,True
2026-08-18 19:33:28,Epic Universe,Mario Kart™: Bowser's Challenge Single Rider,0,True
2026-08-18 19:33:28,Epic Universe,Mine-Cart Madness™,80,True
2026-08-18 19:33:28,Epic Universe,Mine-Cart Madness™ Single Rider,0,True
2026-08-18 19:33:28,Epic Universe,Yoshi's Adventure™,20,True
2026-08-18 19:33:28,Epic Universe,Harry Potter and the Battle at the Ministry™,65,True
2026-08-18 19:33:28,Epic Universe,Harry Potter and the Battle at the Ministry™ Single Rider,0,True
2026-08-18 19:57:45,Islands of Adventure,Camp Jurassic™,0,False
2026-08-18 19:57:45,Islands of Adventure,Jurassic Park Discovery Center,0,False
2026-08-18 19:57:45,Islands of Adventure,Jurassic Park River Adventure,0,False
2026-08-18 19:57:45,Islands of Adventure,Jurassic World VelociCoaster,25,True
2026-08-18 19:57:45,Islands of Adventure,Pteranodon Flyers,15,True
2026-08-18 19:57:45,Islands of Adventure,Skull Island: Reign of Kong,5,True
2026-08-18 19:57:45,Islands of Adventure,Doctor Doom's Fearfall®,5,True
2026-08-18 19:57:45,Islands of Adventure,Doctor Doom's Fearfall® Single Rider,0,True
2026-08-18 19:57:45,Islands of Adventure,Storm Force Accelatron®,5,True
2026-08-18 19:57:45,Islands of Adventure,The Amazing Adventures of Spider-Man®,20,True
2026-08-18 19:57:45,Islands of Adventure,The Incredible Hulk Coaster®,5,True
2026-08-18 19:57:45,Islands of Adventure,The Incredible Hulk Coaster® Single Rider,0,True
2026-08-18 19:57:45,Islands of Adventure,Caro-Seuss-el™,10,True
2026-08-18 19:57:45,Islands of Adventure,If I Ran The Zoo™,0,False
2026-08-18 19:57:45,Islands of Adventure,"One Fish, Two Fish, Red Fish, Blue Fish™",20,True
2026-08-18 19:57:45,Islands of Adventure,The Cat in The Hat™,10,True
2026-08-18 19:57:45,Islands of Adventure,The High in the Sky Seuss Trolley Train Ride!™,5,True
2026-08-18 19:57:45,Islands of Adventure,Flight of the Hippogriff™,10,True
2026-08-18 19:57:45,Islands of Adventure,Hagrid's Magical Creatures Motorbike Adventure™,50,True
2026-08-18 19:57:45,Islands of Adventure,Hagrid's Magical Creatures Motorbike Adventure™ Single Rider,0,True
2026-08-18 19:57:45,Islands of Adventure,Harry Potter and the Forbidden Journey™,10,True
2026-08-18 19:57:45,Islands of Adventure,Harry Potter and the Forbidden Journey™ Single Rider,0,True
2026-08-18 19:57:45,Islands of Adventure,Hogwarts Express™ - Hogsmeade™ Station,15,True
2026-08-18 19:57:45,Islands of Adventure,Ollivanders™ Experience in Hogsmeade™,15,True
2026-08-18 19:57:45,Islands of Adventure,Dudley Do-Right's Ripsaw Falls®,45,True
2026-08-18 19:57:45,Islands of Adventure,"Me Ship, The Olive®",0,False
2026-08-18 19:57:45,Islands of Adventure,Popeye & Bluto's Bilge-Rat Barges®,20,True
2026-08-18 19:57:45,Universal Studios Florida,Trolls Trollercoaster,10,True
2026-08-18 19:57:45,Universal Studios Florida,E.T. Adventure,20,True
2026-08-18 19:57:45,Universal Studios Florida,Despicable Me Minion Mayhem™,25,True
2026-08-18 19:57:45,Universal Studios Florida,Illumination's Villain-Con Minion Blast,5,True
2026-08-18 19:57:45,Universal Studios Florida,Race Through New York Starring Jimmy Fallon™,10,True
2026-08-18 19:57:45,Universal Studios Florida,Revenge of the Mummy™,25,True
2026-08-18 19:57:45,Universal Studios Florida,Revenge of the Mummy™ Single Rider,0,True
2026-08-18 19:57:45,Universal Studios Florida,TRANSFORMERS™ The Ride-3D,30,True
2026-08-18 19:57:45,Universal Studios Florida,Fast & Furious - Supercharged™,0,True
2026-08-18 19:57:45,Universal Studios Florida,Fast & Furious - Supercharged™ Single Rider,0,True
2026-08-18 19:57:45,Universal Studios Florida,Harry Potter and the Escape from Gringotts™,0,False
2026-08-18 19:57:45,Universal Studios Florida,Harry Potter and the Escape from Gringotts™ Single Rider,0,True
2026-08-18 19:57:45,Universal Studios Florida,Hogwarts Express™ - King's Cross Station,15,True
2026-08-18 19:57:45,Universal Studios Florida,Hogwarts™ Express - First Train,0,False
2026-08-18 19:57:45,Universal Studios Florida,Hogwarts™ Express - Last Train,0,False
2026-08-18 19:57:45,Universal Studios Florida,Ollivanders™ Experience in Diagon Alley™,5,True
2026-08-18 19:57:45,Universal Studios Florida,Kang & Kodos' Twirl 'n' Hurl,5,True
2026-08-18 19:57:45,Universal Studios Florida,MEN IN BLACK™ Alien Attack!,15,True
2026-08-18 19:57:45,Universal Studios Florida,MEN IN BLACK™ Alien Attack!™ Single Rider,0,True
2026-08-18 19:57:45,Universal Studios Florida,The Simpsons Ride™,35,True
2026-08-18 19:57:45,Epic Universe,Constellation Carousel,10,True
2026-08-18 19:57:45,Epic Universe,Stardust Racers,75,True
2026-08-18 19:57:45,Epic Universe,Curse of the Werewolf,35,True
2026-08-18 19:57:45,Epic Universe,Curse of the Werewolf Single Rider,0,True
2026-08-18 19:57:45,Epic Universe,Monsters Unchained: The Frankenstein Experiment,10,True
2026-08-18 19:57:45,Epic Universe,Monsters Unchained: The Frankenstein Experiment Single Rider,0,True
2026-08-18 19:57:45,Epic Universe,Dragon Racer's Rally,15,True
2026-08-18 19:57:45,Epic Universe,Fyre Drill,30,True
2026-08-18 19:57:45,Epic Universe,Hiccup's Wing Gliders,35,True
2026-08-18 19:57:45,Epic Universe,Meet Toothless and Friends,50,True
2026-08-18 19:57:45,Epic Universe,Bowser Jr. Challenge,10,True
2026-08-18 19:57:45,Epic Universe,Mario Kart™: Bowser's Challenge,20,True
2026-08-18 19:57:45,Epic Universe,Mario Kart™: Bowser's Challenge Single Rider,0,True
2026-08-18 19:57:45,Epic Universe,Mine-Cart Madness™,80,True
2026-08-18 19:57:45,Epic Universe,Mine-Cart Madness™ Single Rider,0,True
2026-08-18 19:57:45,Epic Universe,Yoshi's Adventure™,25,True
2026-08-18 19:57:45,Epic Universe,Harry Potter and the Battle at the Ministry™,60,True
2026-08-18 19:57:45,Epic Universe,Harry Potter and the Battle at the Ministry™ Single Rider,0,True
2026-08-18 20:32:24,Islands of Adventure,Camp Jurassic™,0,False
2026-08-18 20:32:24,Islands of Adventure,Jurassic Park Discovery Center,0,False
2026-08-18 20:32:24,Islands of Adventure,Jurassic Park River Adventure,0,False
2026-08-18 20:32:24,Islands of Adventure,Jurassic World VelociCoaster,35,True
2026-08-18 20:32:24,Islands of Adventure,Pteranodon Flyers,40,True
2026-08-18 20:32:24,Islands of Adventure,Skull Island: Reign of Kong,5,True
2026-08-18 20:32:24,Islands of Adventure,Doctor Doom's Fearfall®,5,True
2026-08-18 20:32:24,Islands of Adventure,Doctor Doom's Fearfall® Single Rider,0,True
2026-08-18 20:32:24,Islands of Adventure,Storm Force Accelatron®,5,True
2026-08-18 20:32:24,Islands of Adventure,The Amazing Adventures of Spider-Man®,20,True
2026-08-18 20:32:24,Islands of Adventure,The Incredible Hulk Coaster®,5,True
2026-08-18 20:32:24,Islands of Adventure,The Incredible Hulk Coaster® Single Rider,0,True
2026-08-18 20:32:24,Islands of Adventure,Caro-Seuss-el™,10,True
2026-08-18 20:32:24,Islands of Adventure,If I Ran The Zoo™,0,False
2026-08-18 20:32:24,Islands of Adventure,"One Fish, Two Fish, Red Fish, Blue Fish™",5,True
2026-08-18 20:32:24,Islands of Adventure,The Cat in The Hat™,10,True
2026-08-18 20:32:24,Islands of Adventure,The High in the Sky Seuss Trolley Train Ride!™,5,True
2026-08-18 20:32:24,Islands of Adventure,Flight of the Hippogriff™,10,True
2026-08-18 20:32:24,Islands of Adventure,Hagrid's Magical Creatures Motorbike Adventure™,50,True
2026-08-18 20:32:24,Islands of Adventure,Hagrid's Magical Creatures Motorbike Adventure™ Single Rider,0,True
2026-08-18 20:32:24,Islands of Adventure,Harry Potter and the Forbidden Journey™,10,True
2026-08-18 20:32:24,Islands of Adventure,Harry Potter and the Forbidden Journey™ Single Rider,0,True
2026-08-18 20:32:24,Islands of Adventure,Hogwarts Express™ - Hogsmeade™ Station,10,True
2026-08-18 20:32:24,Islands of Adventure,Ollivanders™ Experience in Hogsmeade™,15,True
2026-08-18 20:32:24,Islands of Adventure,Dudley Do-Right's Ripsaw Falls®,45,True
2026-08-18 20:32:24,Islands of Adventure,"Me Ship, The Olive®",0,False
2026-08-18 20:32:24,Islands of Adventure,Popeye & Bluto's Bilge-Rat Barges®,20,True
2026-08-18 20:32:24,Universal Studios Florida,Trolls Trollercoaster,10,True
2026-08-18 20:32:24,Universal Studios Florida,E.T. Adventure,0,False
2026-08-18 20:32:24,Universal Studios Florida,Despicable Me Minion Mayhem™,30,True
2026-08-18 20:32:24,Universal Studios Florida,Illumination's Villain-Con Minion Blast,5,True
2026-08-18 20:32:24,Universal Studios Florida,Race Through New York Starring Jimmy Fallon™,10,True
2026-08-18 20:32:24,Universal Studios Florida,Revenge of the Mummy™,20,True
2026-08-18 20:32:24,Universal Studios Florida,Revenge of the Mummy™ Single Rider,0,True
2026-08-18 20:32:24,Universal Studios Florida,TRANSFORMERS™ The Ride-3D,30,True
2026-08-18 20:32:24,Universal Studios Florida,Fast & Furious - Supercharged™,0,True
2026-08-18 20:32:24,Universal Studios Florida,Fast & Furious - Supercharged™ Single Rider,0,True
2026-08-18 20:32:24,Universal Studios Florida,Harry Potter and the Escape from Gringotts™,25,True
2026-08-18 20:32:24,Universal Studios Florida,Harry Potter and the Escape from Gringotts™ Single Rider,0,True
2026-08-18 20:32:24,Universal Studios Florida,Hogwarts Express™ - King's Cross Station,30,True
2026-08-18 20:32:24,Universal Studios Florida,Hogwarts™ Express - First Train,0,False
2026-08-18 20:32:24,Universal Studios Florida,Hogwarts™ Express - Last Train,0,False
2026-08-18 20:32:24,Universal Studios Florida,Ollivanders™ Experience in Diagon Alley™,5,True
2026-08-18 20:32:24,Universal Studios Florida,Kang & Kodos' Twirl 'n' Hurl,15,True
2026-08-18 20:32:24,Universal Studios Florida,MEN IN BLACK™ Alien Attack!,15,True
2026-08-18 20:32:24,Universal Studios Florida,MEN IN BLACK™ Alien Attack!™ Single Rider,0,True
2026-08-18 20:32:24,Universal Studios Florida,The Simpsons Ride™,30,True
2026-08-18 20:32:24,Epic Universe,Constellation Carousel,5,True
2026-08-18 20:32:24,Epic Universe,Stardust Racers,0,False
2026-08-18 20:32:24,Epic Universe,Curse of the Werewolf,35,True
2026-08-18 20:32:24,Epic Universe,Curse of the Werewolf Single Rider,0,True
2026-08-18 20:32:24,Epic Universe,Monsters Unchained: The Frankenstein Experiment,10,True
2026-08-18 20:32:24,Epic Universe,Monsters Unchained: The Frankenstein Experiment Single Rider,0,True
2026-08-18 20:32:24,Epic Universe,Dragon Racer's Rally,20,True
2026-08-18 20:32:24,Epic Universe,Fyre Drill,35,True
2026-08-18 20:32:24,Epic Universe,Hiccup's Wing Gliders,10,True
2026-08-18 20:32:24,Epic Universe,Meet Toothless and Friends,50,True
2026-08-18 20:32:24,Epic Universe,Bowser Jr. Challenge,10,True
2026-08-18 20:32:24,Epic Universe,Mario Kart™: Bowser's Challenge,20,True
2026-08-18 20:32:24,Epic Universe,Mario Kart™: Bowser's Challenge Single Rider,0,True
2026-08-18 20:32:24,Epic Universe,Mine-Cart Madness™,80,True
2026-08-18 20:32:24,Epic Universe,Mine-Cart Madness™ Single Rider,0,True
2026-08-18 20:32:24,Epic Universe,Yoshi's Adventure™,10,True
2026-08-18 20:32:24,Epic Universe,Harry Potter and the Battle at the Ministry™,30,True
2026-08-18 20:32:24,Epic Universe,Harry Potter and the Battle at the Ministry™ Single Rider,0,True
2026-08-18 21:00:16,Islands of Adventure,Camp Jurassic™,0,False
2026-08-18 21:00:16,Islands of Adventure,Jurassic Park Discovery Center,0,False
2026-08-18 21:00:16,Islands of Adventure,Jurassic Park River Adventure,0,False
2026-08-18 21:00:16,Islands of Adventure,Jurassic World VelociCoaster,25,True
2026-08-18 21:00:16,Islands of Adventure,Pteranodon Flyers,30,True
2026-08-18 21:00:16,Islands of Adventure,Skull Island: Reign of Kong,5,True
2026-08-18 21:00:16,Islands of Adventure,Doctor Doom's Fearfall®,5,True
2026-08-18 21:00:16,Islands of Adventure,Doctor Doom's Fearfall® Single Rider,0,True
2026-08-18 21:00:16,Islands of Adventure,Storm Force Accelatron®,5,True
2026-08-18 21:00:16,Islands of Adventure,The Amazing Adventures of Spider-Man®,20,True
2026-08-18 21:00:16,Islands of Adventure,The Incredible Hulk Coaster®,5,True
2026-08-18 21:00:16,Islands of Adventure,The Incredible Hulk Coaster® Single Rider,0,True
2026-08-18 21:00:16,Islands of Adventure,Caro-Seuss-el™,10,True
2026-08-18 21:00:16,Islands of Adventure,If I Ran The Zoo™,0,False
2026-08-18 21:00:16,Islands of Adventure,"One Fish, Two Fish, Red Fish, Blue Fish™",5,True
2026-08-18 21:00:16,Islands of Adventure,The Cat in The Hat™,5,True
2026-08-18 21:00:16,Islands of Adventure,The High in the Sky Seuss Trolley Train Ride!™,5,True
2026-08-18 21:00:16,Islands of Adventure,Flight of the Hippogriff™,10,True
2026-08-18 21:00:16,Islands of Adventure,Hagrid's Magical Creatures Motorbike Adventure™,50,True
2026-08-18 21:00:16,Islands of Adventure,Hagrid's Magical Creatures Motorbike Adventure™ Single Rider,0,True
2026-08-18 21:00:16,Islands of Adventure,Harry Potter and the Forbidden Journey™,10,True
2026-08-18 21:00:16,Islands of Adventure,Harry Potter and the Forbidden Journey™ Single Rider,0,True
2026-08-18 21:00:16,Islands of Adventure,Hogwarts Express™ - Hogsmeade™ Station,10,True
2026-08-18 21:00:16,Islands of Adventure,Ollivanders™ Experience in Hogsmeade™,15,True
2026-08-18 21:00:16,Islands of Adventure,Dudley Do-Right's Ripsaw Falls®,45,True
2026-08-18 21:00:16,Islands of Adventure,"Me Ship, The Olive®",0,False
2026-08-18 21:00:16,Islands of Adventure,Popeye & Bluto's Bilge-Rat Barges®,5,True
2026-08-18 21:00:16,Universal Studios Florida,Trolls Trollercoaster,5,True
2026-08-18 21:00:16,Universal Studios Florida,E.T. Adventure,20,True
2026-08-18 21:00:16,Universal Studios Florida,Despicable Me Minion Mayhem™,30,True
2026-08-18 21:00:16,Universal Studios Florida,Illumination's Villain-Con Minion Blast,5,True
2026-08-18 21:00:16,Universal Studios Florida,Race Through New York Starring Jimmy Fallon™,10,True
2026-08-18 21:00:16,Universal Studios Florida,Revenge of the Mummy™,20,True
2026-08-18 21:00:16,Universal Studios Florida,Revenge of the Mummy™ Single Rider,0,True
2026-08-18 21:00:16,Universal Studios Florida,TRANSFORMERS™ The Ride-3D,15,True
2026-08-18 21:00:16,Universal Studios Florida,Fast & Furious - Supercharged™,0,True
2026-08-18 21:00:16,Universal Studios Florida,Fast & Furious - Supercharged™ Single Rider,0,True
2026-08-18 21:00:16,Universal Studios Florida,Harry Potter and the Escape from Gringotts™,25,True
2026-08-18 21:00:16,Universal Studios Florida,Harry Potter and the Escape from Gringotts™ Single Rider,0,True
2026-08-18 21:00:16,Universal Studios Florida,Hogwarts Express™ - King's Cross Station,35,True
2026-08-18 21:00:16,Universal Studios Florida,Hogwarts™ Express - First Train,0,False
2026-08-18 21:00:16,Universal Studios Florida,Hogwarts™ Express - Last Train,0,False
2026-08-18 21:00:16,Universal Studios Florida,Ollivanders™ Experience in Diagon Alley™,5,True
2026-08-18 21:00:16,Universal Studios Florida,Kang & Kodos' Twirl 'n' Hurl,5,True
2026-08-18 21:00:16,Universal Studios Florida,MEN IN BLACK™ Alien Attack!,15,True
2026-08-18 21:00:16,Universal Studios Florida,MEN IN BLACK™ Alien Attack!™ Single Rider,0,True
2026-08-18 21:00:16,Universal Studios Florida,The Simpsons Ride™,25,True
2026-08-18 21:00:16,Epic Universe,Constellation Carousel,15,True
2026-08-18 21:00:16,Epic Universe,Stardust Racers,0,False
2026-08-18 21:00:16,Epic Universe,Curse of the Werewolf,25,True
2026-08-18 21:00:16,Epic Universe,Curse of the Werewolf Single Rider,0,True
2026-08-18 21:00:16,Epic Universe,Monsters Unchained: The Frankenstein Experiment,10,True
2026-08-18 21:00:16,Epic Universe,Monsters Unchained: The Frankenstein Experiment Single Rider,0,True
2026-08-18 21:00:16,Epic Universe,Dragon Racer's Rally,40,True
2026-08-18 21:00:16,Epic Universe,Fyre Drill,10,True
2026-08-18 21:00:16,Epic Universe,Hiccup's Wing Gliders,15,True
2026-08-18 21:00:16,Epic Universe,Meet Toothless and Friends,50,True
2026-08-18 21:00:16,Epic Universe,Bowser Jr. Challenge,10,True
2026-08-18 21:00:16,Epic Universe,Mario Kart™: Bowser's Challenge,20,True
2026-08-18 21:00:16,Epic Universe,Mario Kart™: Bowser's Challenge Single Rider,0,True
2026-08-18 21:00:16,Epic Universe,Mine-Cart Madness™,60,True
2026-08-18 21:00:16,Epic Universe,Mine-Cart Madness™ Single Rider,0,True
2026-08-18 21:00:16,Epic Universe,Yoshi's Adventure™,10,True
2026-08-18 21:00:16,Epic Universe,Harry Potter and the Battle at the Ministry™,40,True
2026-08-18 21:00:16,Epic Universe,Harry Potter and the Battle at the Ministry™ Single Rider,0,True
