timestamp,park,ride,wait_time,is_open
2026-08-15 01:17:26,Islands of Adventure,Camp Jurassic™,0,False
2026-08-15 01:17:26,Islands of Adventure,Jurassic Park Discovery Center,0,False
2026-08-15 01:17:26,Islands of Adventure,Jurassic Park River Adventure,0,False
2026-08-15 01:17:26,Islands of Adventure,Jurassic World VelociCoaster,0,False
2026-08-15 01:17:26,Islands of Adventure,Pteranodon Flyers,0,False
2026-08-15 01:17:26,Islands of Adventure,Skull Island: Reign of Kong™,0,False
2026-08-15 01:17:26,Islands of Adventure,Doctor Doom's Fearfall®,0,False
2026-08-15 01:17:26,Islands of Adventure,Doctor Doom's Fearfall® Single Rider,0,True
2026-08-15 01:17:26,Islands of Adventure,Storm Force Accelatron®,0,False
2026-08-15 01:17:26,Islands of Adventure,The Amazing Adventures of Spider-Man®,0,False
2026-08-15 01:17:26,Islands of Adventure,The Incredible Hulk Coaster®,0,False
2026-08-15 01:17:26,Islands of Adventure,The Incredible Hulk Coaster® Single Rider,0,True
2026-08-15 01:17:26,Islands of Adventure,Caro-Seuss-el™,0,False
2026-08-15 01:17:26,Islands of Adventure,If I Ran The Zoo™,0,False
2026-08-15 01:17:26,Islands of Adventure,"One Fish, Two Fish, Red Fish, Blue Fish™",0,False
2026-08-15 01:17:26,Islands of Adventure,The Cat in The Hat™,0,False
2026-08-15 01:17:26,Islands of Adventure,The High in the Sky Seuss Trolley Train Ride!™,0,False
2026-08-15 01:17:26,Islands of Adventure,Flight of the Hippogriff™,0,False
2026-08-15 01:17:26,Islands of Adventure,Hagrid's Magical Creatures Motorbike Adventure™,0,False
2026-08-15 01:17:26,Islands of Adventure,Hagrid's Magical Creatures Motorbike Adventure™ Single Rider,0,False
2026-08-15 01:17:26,Islands of Adventure,Harry Potter and the Forbidden Journey™,0,False
2026-08-15 01:17:26,Islands of Adventure,Harry Potter and the Forbidden Journey™ Single Rider,0,True
2026-08-15 01:17:26,Islands of Adventure,Hogwarts Express™ - Hogsmeade™ Station,0,False
2026-08-15 01:17:26,Islands of Adventure,Ollivanders™ Experience in Hogsmeade™,15,True
2026-08-15 01:17:26,Islands of Adventure,Dudley Do-Right's Ripsaw Falls®,0,False
2026-08-15 01:17:26,Islands of Adventure,"Me Ship, The Olive®",0,False
2026-08-15 01:17:26,Islands of Adventure,Popeye & Bluto's Bilge-Rat Barges®,0,False
2026-08-15 01:17:26,Universal Studios Florida,Trolls Trollercoaster,0,False
2026-08-15 01:17:26,Universal Studios Florida,E.T. Adventure™,0,False
2026-08-15 01:17:26,Universal Studios Florida,Despicable Me Minion Mayhem™,0,False
2026-08-15 01:17:26,Universal Studios Florida,Illumination's Villain-Con Minion Blast,0,False
2026-08-15 01:17:26,Universal Studios Florida,Race Through New York Starring Jimmy Fallon™,0,False
2026-08-15 01:17:26,Universal Studios Florida,Revenge of the Mummy™,0,False
2026-08-15 01:17:26,Universal Studios Florida,Revenge of the Mummy™ Single Rider,0,True
2026-08-15 01:17:26,Universal Studios Florida,TRANSFORMERS™ The Ride-3D,0,False
2026-08-15 01:17:26,Universal Studios Florida,Fast & Furious - Supercharged™,0,False
2026-08-15 01:17:26,Universal Studios Florida,Fast & Furious - Supercharged™ Single Rider,0,True
2026-08-15 01:17:26,Universal Studios Florida,Harry Potter and the Escape from Gringotts™,0,False
2026-08-15 01:17:26,Universal Studios Florida,Harry Potter and the Escape from Gringotts™ Single Rider,0,True
2026-08-15 01:17:26,Universal Studios Florida,Hogwarts Express™ - King's Cross Station,0,False
2026-08-15 01:17:26,Universal Studios Florida,Hogwarts™ Express - First Train,0,False
2026-08-15 01:17:26,Universal Studios Florida,Hogwarts™ Express - Last Train,0,False
2026-08-15 01:17:26,Universal Studios Florida,Ollivanders™ Experience in Diagon Alley™,5,True
2026-08-15 01:17:26,Universal Studios Florida,Kang & Kodos' Twirl 'n' Hurl,0,False
2026-08-15 01:17:26,Universal Studios Florida,MEN IN BLACK™ Alien Attack!™,0,False
2026-08-15 01:17:26,Universal Studios Florida,MEN IN BLACK™ Alien Attack!™ Single Rider,0,True
2026-08-15 01:17:26,Universal Studios Florida,The Simpsons Ride™,0,False
2026-08-15 01:17:26,Epic Universe,Constellation Carousel,40,True
2026-08-15 01:17:26,Epic Universe,Stardust Racers,25,True
2026-08-15 01:17:26,Epic Universe,Curse of the Werewolf,0,False
2026-08-15 01:17:26,Epic Universe,Curse of the Werewolf Single Rider,0,True
2026-08-15 01:17:26,Epic Universe,Monsters Unchained: The Frankenstein Experiment,0,False
2026-08-15 01:17:26,Epic Universe,Monsters Unchained: The Frankenstein Experiment Single Rider,0,True
2026-08-15 01:17:26,Epic Universe,Dragon Racer's Rally,0,False
2026-08-15 01:17:26,Epic Universe,Fyre Drill,0,False
2026-08-15 01:17:26,Epic Universe,Hiccup's Wing Gliders,0,False
2026-08-15 01:17:26,Epic Universe,Meet Toothless and Friends,35,True
2026-08-15 01:17:26,Epic Universe,Bowser Jr. Challenge,0,False
2026-08-15 01:17:26,Epic Universe,Mario Kart™: Bowser's Challenge,0,False
2026-08-15 01:17:26,Epic Universe,Mario Kart™: Bowser's Challenge Single Rider,0,True
2026-08-15 01:17:26,Epic Universe,Mine-Cart Madness™,0,False
2026-08-15 01:17:26,Epic Universe,Mine-Cart Madness™ Single Rider,0,True
2026-08-15 01:17:26,Epic Universe,Yoshi's Adventure™,0,False
2026-08-15 01:17:26,Epic Universe,Harry Potter and the Battle at the Ministry™,0,False
2026-08-15 01:17:26,Epic Universe,Harry Potter and the Battle at the Ministry™ Single Rider,0,True
2026-08-15 02:33:30,Islands of Adventure,Camp Jurassic™,0,False
2026-08-15 02:33:30,Islands of Adventure,Jurassic Park Discovery Center,0,False
2026-08-15 02:33:30,Islands of Adventure,Jurassic Park River Adventure,0,False
2026-08-15 02:33:30,Islands of Adventure,Jurassic World VelociCoaster,0,False
2026-08-15 02:33:30,Islands of Adventure,Pteranodon Flyers,0,False
2026-08-15 02:33:30,Islands of Adventure,Skull Island: Reign of Kong™,0,False
2026-08-15 02:33:30,Islands of Adventure,Doctor Doom's Fearfall®,0,False
2026-08-15 02:33:30,Islands of Adventure,Doctor Doom's Fearfall® Single Rider,0,True
2026-08-15 02:33:30,Islands of Adventure,Storm Force Accelatron®,0,False
2026-08-15 02:33:30,Islands of Adventure,The Amazing Adventures of Spider-Man®,0,False
2026-08-15 02:33:30,Islands of Adventure,The Incredible Hulk Coaster®,0,False
2026-08-15 02:33:30,Islands of Adventure,The Incredible Hulk Coaster® Single Rider,0,True
2026-08-15 02:33:30,Islands of Adventure,Caro-Seuss-el™,0,False
2026-08-15 02:33:30,Islands of Adventure,If I Ran The Zoo™,0,False
2026-08-15 02:33:30,Islands of Adventure,"One Fish, Two Fish, Red Fish, Blue Fish™",0,False
2026-08-15 02:33:30,Islands of Adventure,The Cat in The Hat™,0,False
2026-08-15 02:33:30,Islands of Adventure,The High in the Sky Seuss Trolley Train Ride!™,0,False
2026-08-15 02:33:30,Islands of Adventure,Flight of the Hippogriff™,0,False
2026-08-15 02:33:30,Islands of Adventure,Hagrid's Magical Creatures Motorbike Adventure™,0,False
2026-08-15 02:33:30,Islands of Adventure,Hagrid's Magical Creatures Motorbike Adventure™ Single Rider,0,False
2026-08-15 02:33:30,Islands of Adventure,Harry Potter and the Forbidden Journey™,0,False
2026-08-15 02:33:30,Islands of Adventure,Harry Potter and the Forbidden Journey™ Single Rider,0,True
2026-08-15 02:33:30,Islands of Adventure,Hogwarts Express™ - Hogsmeade™ Station,0,False
2026-08-15 02:33:30,Islands of Adventure,Ollivanders™ Experience in Hogsmeade™,15,True
2026-08-15 02:33:30,Islands of Adventure,Dudley Do-Right's Ripsaw Falls®,0,False
2026-08-15 02:33:30,Islands of Adventure,"Me Ship, The Olive®",0,False
2026-08-15 02:33:30,Islands of Adventure,Popeye & Bluto's Bilge-Rat Barges®,0,False
2026-08-15 02:33:30,Universal Studios Florida,Trolls Trollercoaster,0,False
2026-08-15 02:33:30,Universal Studios Florida,E.T. Adventure™,0,False
2026-08-15 02:33:30,Universal Studios Florida,Despicable Me Minion Mayhem™,0,False
2026-08-15 02:33:30,Universal Studios Florida,Illumination's Villain-Con Minion Blast,0,False
2026-08-15 02:33:30,Universal Studios Florida,Race Through New York Starring Jimmy Fallon™,0,False
2026-08-15 02:33:30,Universal Studios Florida,Revenge of the Mummy™,0,False
2026-08-15 02:33:30,Universal Studios Florida,Revenge of the Mummy™ Single Rider,0,True
2026-08-15 02:33:30,Universal Studios Florida,TRANSFORMERS™ The Ride-3D,0,False
2026-08-15 02:33:30,Universal Studios Florida,Fast & Furious - Supercharged™,0,False
2026-08-15 02:33:30,Universal Studios Florida,Fast & Furious - Supercharged™ Single Rider,0,True
2026-08-15 02:33:30,Universal Studios Florida,Harry Potter and the Escape from Gringotts™,0,False
2026-08-15 02:33:30,Universal Studios Florida,Harry Potter and the Escape from Gringotts™ Single Rider,0,True
2026-08-15 02:33:30,Universal Studios Florida,Hogwarts Express™ - King's Cross Station,0,False
2026-08-15 02:33:30,Universal Studios Florida,Hogwarts™ Express - First Train,0,False
2026-08-15 02:33:30,Universal Studios Florida,Hogwarts™ Express - Last Train,0,False
2026-08-15 02:33:30,Universal Studios Florida,Ollivanders™ Experience in Diagon Alley™,5,True
2026-08-15 02:33:30,Universal Studios Florida,Kang & Kodos' Twirl 'n' Hurl,0,False
2026-08-15 02:33:30,Universal Studios Florida,MEN IN BLACK™ Alien Attack!™,0,False
2026-08-15 02:33:30,Universal Studios Florida,MEN IN BLACK™ Alien Attack!™ Single Rider,0,True
2026-08-15 02:33:30,Universal Studios Florida,The Simpsons Ride™,0,False
2026-08-15 02:33:30,Epic Universe,Constellation Carousel,0,False
2026-08-15 02:33:30,Epic Universe,Stardust Racers,0,False
2026-08-15 02:33:30,Epic Universe,Curse of the Werewolf,0,False
2026-08-15 02:33:30,Epic Universe,Curse of the Werewolf Single Rider,0,True
2026-08-15 02:33:30,Epic Universe,Monsters Unchained: The Frankenstein Experiment,0,False
2026-08-15 02:33:30,Epic Universe,Monsters Unchained: The Frankenstein Experiment Single Rider,0,True
2026-08-15 02:33:30,Epic Universe,Dragon Racer's Rally,0,False
2026-08-15 02:33:30,Epic Universe,Fyre Drill,0,False
2026-08-15 02:33:30,Epic Universe,Hiccup's Wing Gliders,0,False
2026-08-15 02:33:30,Epic Universe,Meet Toothless and Friends,35,True
2026-08-15 02:33:30,Epic Universe,Bowser Jr. Challenge,0,False
2026-08-15 02:33:30,Epic Universe,Mario Kart™: Bowser's Challenge,0,False
2026-08-15 02:33:30,Epic Universe,Mario Kart™: Bowser's Challenge Single Rider,0,True
2026-08-15 02:33:30,Epic Universe,Mine-Cart Madness™,0,False
2026-08-15 02:33:30,Epic Universe,Mine-Cart Madness™ Single Rider,0,True
2026-08-15 02:33:30,Epic Universe,Yoshi's Adventure™,0,False
2026-08-15 02:33:30,Epic Universe,Harry Potter and the Battle at the Ministry™,0,False
2026-08-15 02:33:30,Epic Universe,Harry Potter and the Battle at the Ministry™ Single Rider,0,True
2026-08-15 03:23:10,Islands of Adventure,Camp Jurassic™,0,False
2026-08-15 03:23:10,Islands of Adventure,Jurassic Park Discovery Center,0,False
2026-08-15 03:23:10,Islands of Adventure,Jurassic Park River Adventure,0,False
2026-08-15 03:23:10,Islands of Adventure,Jurassic World VelociCoaster,0,False
2026-08-15 03:23:10,Islands of Adventure,Pteranodon Flyers,0,False
2026-08-15 03:23:10,Islands of Adventure,Skull Island: Reign of Kong™,0,False
2026-08-15 03:23:10,Islands of Adventure,Doctor Doom's Fearfall®,0,False
2026-08-15 03:23:10,Islands of Adventure,Doctor Doom's Fearfall® Single Rider,0,True
2026-08-15 03:23:10,Islands of Adventure,Storm Force Accelatron®,0,False
2026-08-15 03:23:10,Islands of Adventure,The Amazing Adventures of Spider-Man®,0,False
2026-08-15 03:23:10,Islands of Adventure,The Incredible Hulk Coaster®,0,False
2026-08-15 03:23:10,Islands of Adventure,The Incredible Hulk Coaster® Single Rider,0,True
2026-08-15 03:23:10,Islands of Adventure,Caro-Seuss-el™,0,False
2026-08-15 03:23:10,Islands of Adventure,If I Ran The Zoo™,0,False
2026-08-15 03:23:10,Islands of Adventure,"One Fish, Two Fish, Red Fish, Blue Fish™",0,False
2026-08-15 03:23:10,Islands of Adventure,The Cat in The Hat™,0,False
2026-08-15 03:23:10,Islands of Adventure,The High in the Sky Seuss Trolley Train Ride!™,0,False
2026-08-15 03:23:10,Islands of Adventure,Flight of the Hippogriff™,0,False
2026-08-15 03:23:10,Islands of Adventure,Hagrid's Magical Creatures Motorbike Adventure™,0,False
2026-08-15 03:23:10,Islands of Adventure,Hagrid's Magical Creatures Motorbike Adventure™ Single Rider,0,False
2026-08-15 03:23:10,Islands of Adventure,Harry Potter and the Forbidden Journey™,0,False
2026-08-15 03:23:10,Islands of Adventure,Harry Potter and the Forbidden Journey™ Single Rider,0,True
2026-08-15 03:23:10,Islands of Adventure,Hogwarts Express™ - Hogsmeade™ Station,0,False
2026-08-15 03:23:10,Islands of Adventure,Ollivanders™ Experience in Hogsmeade™,15,True
2026-08-15 03:23:10,Islands of Adventure,Dudley Do-Right's Ripsaw Falls®,0,False
2026-08-15 03:23:10,Islands of Adventure,"Me Ship, The Olive®",0,False
2026-08-15 03:23:10,Islands of Adventure,Popeye & Bluto's Bilge-Rat Barges®,0,False
2026-08-15 03:23:10,Universal Studios Florida,Trolls Trollercoaster,0,False
2026-08-15 03:23:10,Universal Studios Florida,E.T. Adventure™,0,False
2026-08-15 03:23:10,Universal Studios Florida,Despicable Me Minion Mayhem™,0,False
2026-08-15 03:23:10,Universal Studios Florida,Illumination's Villain-Con Minion Blast,0,False
2026-08-15 03:23:10,Universal Studios Florida,Race Through New York Starring Jimmy Fallon™,0,False
2026-08-15 03:23:10,Universal Studios Florida,Revenge of the Mummy™,0,False
2026-08-15 03:23:10,Universal Studios Florida,Revenge of the Mummy™ Single Rider,0,True
2026-08-15 03:23:10,Universal Studios Florida,TRANSFORMERS™ The Ride-3D,0,False
2026-08-15 03:23:10,Universal Studios Florida,Fast & Furious - Supercharged™,0,False
2026-08-15 03:23:10,Universal Studios Florida,Fast & Furious - Supercharged™ Single Rider,0,True
2026-08-15 03:23:10,Universal Studios Florida,Harry Potter and the Escape from Gringotts™,0,False
2026-08-15 03:23:10,Universal Studios Florida,Harry Potter and the Escape from Gringotts™ Single Rider,0,True
2026-08-15 03:23:10,Universal Studios Florida,Hogwarts Express™ - King's Cross Station,0,False
2026-08-15 03:23:10,Universal Studios Florida,Hogwarts™ Express - First Train,0,False
2026-08-15 03:23:10,Universal Studios Florida,Hogwarts™ Express - Last Train,0,False
2026-08-15 03:23:10,Universal Studios Florida,Ollivanders™ Experience in Diagon Alley™,5,True
2026-08-15 03:23:10,Universal Studios Florida,Kang & Kodos' Twirl 'n' Hurl,0,False
2026-08-15 03:23:10,Universal Studios Florida,MEN IN BLACK™ Alien Attack!™,0,False
2026-08-15 03:23:10,Universal Studios Florida,MEN IN BLACK™ Alien Attack!™ Single Rider,0,True
2026-08-15 03:23:10,Universal Studios Florida,The Simpsons Ride™,0,False
2026-08-15 03:23:10,Epic Universe,Constellation Carousel,0,False
2026-08-15 03:23:10,Epic Universe,Stardust Racers,0,False
2026-08-15 03:23:10,Epic Universe,Curse of the Werewolf,0,False
2026-08-15 03:23:10,Epic Universe,Curse of the Werewolf Single Rider,0,True
2026-08-15 03:23:10,Epic Universe,Monsters Unchained: The Frankenstein Experiment,0,False
2026-08-15 03:23:10,Epic Universe,Monsters Unchained: The Frankenstein Experiment Single Rider,0,True
2026-08-15 03:23:10,Epic Universe,Dragon Racer's Rally,0,False
2026-08-15 03:23:10,Epic Universe,Fyre Drill,0,False
2026-08-15 03:23:10,Epic Universe,Hiccup's Wing Gliders,0,False
2026-08-15 03:23:10,Epic Universe,Meet Toothless and Friends,35,True
2026-08-15 03:23:10,Epic Universe,Bowser Jr. Challenge,0,False
2026-08-15 03:23:10,Epic Universe,Mario Kart™: Bowser's Challenge,0,False
2026-08-15 03:23:10,Epic Universe,Mario Kart™: Bowser's Challenge Single Rider,0,True
2026-08-15 03:23:10,Epic Universe,Mine-Cart Madness™,0,False
2026-08-15 03:23:10,Epic Universe,Mine-Cart Madness™ Single Rider,0,True
2026-08-15 03:23:10,Epic Universe,Yoshi's Adventure™,0,False
2026-08-15 03:23:10,Epic Universe,Harry Potter and the Battle at the Ministry™,0,False
2026-08-15 03:23:10,Epic Universe,Harry Potter and the Battle at the Ministry™ Single Rider,0,True
2026-08-15 04:04:18,Islands of Adventure,Camp Jurassic™,0,False
2026-08-15 04:04:18,Islands of Adventure,Jurassic Park Discovery Center,0,False
2026-08-15 04:04:18,Islands of Adventure,Jurassic Park River Adventure,0,False
2026-08-15 04:04:18,Islands of Adventure,Jurassic World VelociCoaster,0,False
2026-08-15 04:04:18,Islands of Adventure,Pteranodon Flyers,0,False
2026-08-15 04:04:18,Islands of Adventure,Skull Island: Reign of Kong™,0,False
2026-08-15 04:04:18,Islands of Adventure,Doctor Doom's Fearfall®,0,False
2026-08-15 04:04:18,Islands of Adventure,Doctor Doom's Fearfall® Single Rider,0,True
2026-08-15 04:04:18,Islands of Adventure,Storm Force Accelatron®,0,False
2026-08-15 04:04:18,Islands of Adventure,The Amazing Adventures of Spider-Man®,0,False
2026-08-15 04:04:18,Islands of Adventure,The Incredible Hulk Coaster®,0,False
2026-08-15 04:04:18,Islands of Adventure,The Incredible Hulk Coaster® Single Rider,0,True
2026-08-15 04:04:18,Islands of Adventure,Caro-Seuss-el™,0,False
2026-08-15 04:04:18,Islands of Adventure,If I Ran The Zoo™,0,False
2026-08-15 04:04:18,Islands of Adventure,"One Fish, Two Fish, Red Fish, Blue Fish™",0,False
2026-08-15 04:04:18,Islands of Adventure,The Cat in The Hat™,0,False
2026-08-15 04:04:18,Islands of Adventure,The High in the Sky Seuss Trolley Train Ride!™,0,False
2026-08-15 04:04:18,Islands of Adventure,Flight of the Hippogriff™,0,False
2026-08-15 04:04:18,Islands of Adventure,Hagrid's Magical Creatures Motorbike Adventure™,0,False
2026-08-15 04:04:18,Islands of Adventure,Hagrid's Magical Creatures Motorbike Adventure™ Single Rider,0,False
2026-08-15 04:04:18,Islands of Adventure,Harry Potter and the Forbidden Journey™,0,False
2026-08-15 04:04:18,Islands of Adventure,Harry Potter and the Forbidden Journey™ Single Rider,0,True
2026-08-15 04:04:18,Islands of Adventure,Hogwarts Express™ - Hogsmeade™ Station,0,False
2026-08-15 04:04:18,Islands of Adventure,Ollivanders™ Experience in Hogsmeade™,15,True
2026-08-15 04:04:18,Islands of Adventure,Dudley Do-Right's Ripsaw Falls®,0,False
2026-08-15 04:04:18,Islands of Adventure,"Me Ship, The Olive®",0,False
2026-08-15 04:04:18,Islands of Adventure,Popeye & Bluto's Bilge-Rat Barges®,0,False
2026-08-15 04:04:18,Universal Studios Florida,Trolls Trollercoaster,0,False
2026-08-15 04:04:18,Universal Studios Florida,E.T. Adventure™,0,False
2026-08-15 04:04:18,Universal Studios Florida,Despicable Me Minion Mayhem™,0,False
2026-08-15 04:04:18,Universal Studios Florida,Illumination's Villain-Con Minion Blast,0,False
2026-08-15 04:04:18,Universal Studios Florida,Race Through New York Starring Jimmy Fallon™,0,False
2026-08-15 04:04:18,Universal Studios Florida,Revenge of the Mummy™,0,False
2026-08-15 04:04:18,Universal Studios Florida,Revenge of the Mummy™ Single Rider,0,True
2026-08-15 04:04:18,Universal Studios Florida,TRANSFORMERS™ The Ride-3D,0,False
2026-08-15 04:04:18,Universal Studios Florida,Fast & Furious - Supercharged™,0,False
2026-08-15 04:04:18,Universal Studios Florida,Fast & Furious - Supercharged™ Single Rider,0,True
2026-08-15 04:04:18,Universal Studios Florida,Harry Potter and the Escape from Gringotts™,0,False
2026-08-15 04:04:18,Universal Studios Florida,Harry Potter and the Escape from Gringotts™ Single Rider,0,True
2026-08-15 04:04:18,Universal Studios Florida,Hogwarts Express™ - King's Cross Station,0,False
2026-08-15 04:04:18,Universal Studios Florida,Hogwarts™ Express - First Train,0,False
2026-08-15 04:04:18,Universal Studios Florida,Hogwarts™ Express - Last Train,0,False
2026-08-15 04:04:18,Universal Studios Florida,Ollivanders™ Experience in Diagon Alley™,5,True
2026-08-15 04:04:18,Universal Studios Florida,Kang & Kodos' Twirl 'n' Hurl,0,False
2026-08-15 04:04:18,Universal Studios Florida,MEN IN BLACK™ Alien Attack!™,0,False
2026-08-15 04:04:18,Universal Studios Florida,MEN IN BLACK™ Alien Attack!™ Single Rider,0,True
2026-08-15 04:04:18,Universal Studios Florida,The Simpsons Ride™,0,False
2026-08-15 04:04:18,Epic Universe,Constellation Carousel,0,False
2026-08-15 04:04:18,Epic Universe,Stardust Racers,0,False
2026-08-15 04:04:18,Epic Universe,Curse of the Werewolf,0,False
2026-08-15 04:04:18,Epic Universe,Curse of the Werewolf Single Rider,0,True
2026-08-15 04:04:18,Epic Universe,Monsters Unchained: The Frankenstein Experiment,0,False
2026-08-15 04:04:18,Epic Universe,Monsters Unchained: The Frankenstein Experiment Single Rider,0,True
2026-08-15 04:04:18,Epic Universe,Dragon Racer's Rally,0,False
2026-08-15 04:04:18,Epic Universe,Fyre Drill,0,False
2026-08-15 04:04:18,Epic Universe,Hiccup's Wing Gliders,0,False
2026-08-15 04:04:18,Epic Universe,Meet Toothless and Friends,35,True
2026-08-15 04:04:18,Epic Universe,Bowser Jr. Challenge,0,False
2026-08-15 04:04:18,Epic Universe,Mario Kart™: Bowser's Challenge,0,False
2026-08-15 04:04:18,Epic Universe,Mario Kart™: Bowser's Challenge Single Rider,0,True
2026-08-15 04:04:18,Epic Universe,Mine-Cart Madness™,0,False
2026-08-15 04:04:18,Epic Universe,Mine-Cart Madness™ Single Rider,0,True
2026-08-15 04:04:18,Epic Universe,Yoshi's Adventure™,0,False
2026-08-15 04:04:18,Epic Universe,Harry Potter and the Battle at the Ministry™,0,False
2026-08-15 04:04:18,Epic Universe,Harry Potter and the Battle at the Ministry™ Single Rider,0,True
2026-08-15 04:47:12,Islands of Adventure,Camp Jurassic™,0,False
2026-08-15 04:47:12,Islands of Adventure,Jurassic Park Discovery Center,0,False
2026-08-15 04:47:12,Islands of Adventure,Jurassic Park River Adventure,0,False
2026-08-15 04:47:12,Islands of Adventure,Jurassic World VelociCoaster,0,False
2026-08-15 04:47:12,Islands of Adventure,Pteranodon Flyers,0,False
2026-08-15 04:47:12,Islands of Adventure,Skull Island: Reign of Kong™,0,False
2026-08-15 04:47:12,Islands of Adventure,Doctor Doom's Fearfall®,0,False
2026-08-15 04:47:12,Islands of Adventure,Doctor Doom's Fearfall® Single Rider,0,True
2026-08-15 04:47:12,Islands of Adventure,Storm Force Accelatron®,0,False
2026-08-15 04:47:12,Islands of Adventure,The Amazing Adventures of Spider-Man®,0,False
2026-08-15 04:47:12,Islands of Adventure,The Incredible Hulk Coaster®,0,False
2026-08-15 04:47:12,Islands of Adventure,The Incredible Hulk Coaster® Single Rider,0,True
2026-08-15 04:47:12,Islands of Adventure,Caro-Seuss-el™,0,False
2026-08-15 04:47:12,Islands of Adventure,If I Ran The Zoo™,0,False
2026-08-15 04:47:12,Islands of Adventure,"One Fish, Two Fish, Red Fish, Blue Fish™",0,False
2026-08-15 04:47:12,Islands of Adventure,The Cat in The Hat™,0,False
2026-08-15 04:47:12,Islands of Adventure,The High in the Sky Seuss Trolley Train Ride!™,0,False
2026-08-15 04:47:12,Islands of Adventure,Flight of the Hippogriff™,0,False
2026-08-15 04:47:12,Islands of Adventure,Hagrid's Magical Creatures Motorbike Adventure™,0,False
2026-08-15 04:47:12,Islands of Adventure,Hagrid's Magical Creatures Motorbike Adventure™ Single Rider,0,False
2026-08-15 04:47:12,Islands of Adventure,Harry Potter and the Forbidden Journey™,0,False
2026-08-15 04:47:12,Islands of Adventure,Harry Potter and the Forbidden Journey™ Single Rider,0,True
2026-08-15 04:47:12,Islands of Adventure,Hogwarts Express™ - Hogsmeade™ Station,0,False
2026-08-15 04:47:12,Islands of Adventure,Ollivanders™ Experience in Hogsmeade™,15,True
2026-08-15 04:47:12,Islands of Adventure,Dudley Do-Right's Ripsaw Falls®,0,False
2026-08-15 04:47:12,Islands of Adventure,"Me Ship, The Olive®",0,False
2026-08-15 04:47:12,Islands of Adventure,Popeye & Bluto's Bilge-Rat Barges®,0,False
2026-08-15 04:47:12,Universal Studios Florida,Trolls Trollercoaster,0,False
2026-08-15 04:47:12,Universal Studios Florida,E.T. Adventure™,0,False
2026-08-15 04:47:12,Universal Studios Florida,Despicable Me Minion Mayhem™,0,False
2026-08-15 04:47:12,Universal Studios Florida,Illumination's Villain-Con Minion Blast,0,False
2026-08-15 04:47:12,Universal Studios Florida,Race Through New York Starring Jimmy Fallon™,0,False
2026-08-15 04:47:12,Universal Studios Florida,Revenge of the Mummy™,0,False
2026-08-15 04:47:12,Universal Studios Florida,Revenge of the Mummy™ Single Rider,0,True
2026-08-15 04:47:12,Universal Studios Florida,TRANSFORMERS™ The Ride-3D,0,False
2026-08-15 04:47:12,Universal Studios Florida,Fast & Furious - Supercharged™,0,False
2026-08-15 04:47:12,Universal Studios Florida,Fast & Furious - Supercharged™ Single Rider,0,True
2026-08-15 04:47:12,Universal Studios Florida,Harry Potter and the Escape from Gringotts™,0,False
2026-08-15 04:47:12,Universal Studios Florida,Harry Potter and the Escape from Gringotts™ Single Rider,0,True
2026-08-15 04:47:12,Universal Studios Florida,Hogwarts Express™ - King's Cross Station,0,False
2026-08-15 04:47:12,Universal Studios Florida,Hogwarts™ Express - First Train,0,False
2026-08-15 04:47:12,Universal Studios Florida,Hogwarts™ Express - Last Train,0,False
2026-08-15 04:47:12,Universal Studios Florida,Ollivanders™ Experience in Diagon Alley™,5,True
2026-08-15 04:47:12,Universal Studios Florida,Kang & Kodos' Twirl 'n' Hurl,0,False
2026-08-15 04:47:12,Universal Studios Florida,MEN IN BLACK™ Alien Attack!™,0,False
2026-08-15 04:47:12,Universal Studios Florida,MEN IN BLACK™ Alien Attack!™ Single Rider,0,True
2026-08-15 04:47:12,Universal Studios Florida,The Simpsons Ride™,0,False
2026-08-15 04:47:12,Epic Universe,Constellation Carousel,0,False
2026-08-15 04:47:12,Epic Universe,Stardust Racers,0,False
2026-08-15 04:47:12,Epic Universe,Curse of the Werewolf,0,False
2026-08-15 04:47:12,Epic Universe,Curse of the Werewolf Single Rider,0,True
2026-08-15 04:47:12,Epic Universe,Monsters Unchained: The Frankenstein Experiment,0,False
2026-08-15 04:47:12,Epic Universe,Monsters Unchained: The Frankenstein Experiment Single Rider,0,True
2026-08-15 04:47:12,Epic Universe,Dragon Racer's Rally,0,False
2026-08-15 04:47:12,Epic Universe,Fyre Drill,0,False
2026-08-15 04:47:12,Epic Universe,Hiccup's Wing Gliders,0,False
2026-08-15 04:47:12,Epic Universe,Meet Toothless and Friends,35,True
2026-08-15 04:47:12,Epic Universe,Bowser Jr. Challenge,0,False
2026-08-15 04:47:12,Epic Universe,Mario Kart™: Bowser's Challenge,0,False
2026-08-15 04:47:12,Epic Universe,Mario Kart™: Bowser's Challenge Single Rider,0,True
2026-08-15 04:47:12,Epic Universe,Mine-Cart Madness™,0,False
2026-08-15 04:47:12,Epic Universe,Mine-Cart Madness™ Single Rider,0,True
2026-08-15 04:47:12,Epic Universe,Yoshi's Adventure™,0,False
2026-08-15 04:47:12,Epic Universe,Harry Potter and the Battle at the Ministry™,0,False
2026-08-15 04:47:12,Epic Universe,Harry Potter and the Battle at the Ministry™ Single Rider,0,True
2026-08-15 05:25:16,Islands of Adventure,Camp Jurassic™,0,False
2026-08-15 05:25:16,Islands of Adventure,Jurassic Park Discovery Center,0,False
2026-08-15 05:25:16,Islands of Adventure,Jurassic Park River Adventure,0,False
2026-08-15 05:25:16,Islands of Adventure,Jurassic World VelociCoaster,0,False
2026-08-15 05:25:16,Islands of Adventure,Pteranodon Flyers,0,False
2026-08-15 05:25:16,Islands of Adventure,Skull Island: Reign of Kong™,0,False
2026-08-15 05:25:16,Islands of Adventure,Doctor Doom's Fearfall®,0,False
2026-08-15 05:25:16,Islands of Adventure,Doctor Doom's Fearfall® Single Rider,0,True
2026-08-15 05:25:16,Islands of Adventure,Storm Force Accelatron®,0,False
2026-08-15 05:25:16,Islands of Adventure,The Amazing Adventures of Spider-Man®,0,False
2026-08-15 05:25:16,Islands of Adventure,The Incredible Hulk Coaster®,0,False
2026-08-15 05:25:16,Islands of Adventure,The Incredible Hulk Coaster® Single Rider,0,True
2026-08-15 05:25:16,Islands of Adventure,Caro-Seuss-el™,0,False
2026-08-15 05:25:16,Islands of Adventure,If I Ran The Zoo™,0,False
2026-08-15 05:25:16,Islands of Adventure,"One Fish, Two Fish, Red Fish, Blue Fish™",0,False
2026-08-15 05:25:16,Islands of Adventure,The Cat in The Hat™,0,False
2026-08-15 05:25:16,Islands of Adventure,The High in the Sky Seuss Trolley Train Ride!™,0,False
2026-08-15 05:25:16,Islands of Adventure,Flight of the Hippogriff™,0,False
2026-08-15 05:25:16,Islands of Adventure,Hagrid's Magical Creatures Motorbike Adventure™,0,False
2026-08-15 05:25:16,Islands of Adventure,Hagrid's Magical Creatures Motorbike Adventure™ Single Rider,0,False
2026-08-15 05:25:16,Islands of Adventure,Harry Potter and the Forbidden Journey™,0,False
2026-08-15 05:25:16,Islands of Adventure,Harry Potter and the Forbidden Journey™ Single Rider,0,True
2026-08-15 05:25:16,Islands of Adventure,Hogwarts Express™ - Hogsmeade™ Station,0,False
2026-08-15 05:25:16,Islands of Adventure,Ollivanders™ Experience in Hogsmeade™,15,True
2026-08-15 05:25:16,Islands of Adventure,Dudley Do-Right's Ripsaw Falls®,0,False
2026-08-15 05:25:16,Islands of Adventure,"Me Ship, The Olive®",0,False
2026-08-15 05:25:16,Islands of Adventure,Popeye & Bluto's Bilge-Rat Barges®,0,False
2026-08-15 05:25:16,Universal Studios Florida,Trolls Trollercoaster,0,False
2026-08-15 05:25:16,Universal Studios Florida,E.T. Adventure™,0,False
2026-08-15 05:25:16,Universal Studios Florida,Despicable Me Minion Mayhem™,0,False
2026-08-15 05:25:16,Universal Studios Florida,Illumination's Villain-Con Minion Blast,0,False
2026-08-15 05:25:16,Universal Studios Florida,Race Through New York Starring Jimmy Fallon™,0,False
2026-08-15 05:25:16,Universal Studios Florida,Revenge of the Mummy™,0,False
2026-08-15 05:25:16,Universal Studios Florida,Revenge of the Mummy™ Single Rider,0,True
2026-08-15 05:25:16,Universal Studios Florida,TRANSFORMERS™ The Ride-3D,0,False
2026-08-15 05:25:16,Universal Studios Florida,Fast & Furious - Supercharged™,0,False
2026-08-15 05:25:16,Universal Studios Florida,Fast & Furious - Supercharged™ Single Rider,0,True
2026-08-15 05:25:16,Universal Studios Florida,Harry Potter and the Escape from Gringotts™,0,False
2026-08-15 05:25:16,Universal Studios Florida,Harry Potter and the Escape from Gringotts™ Single Rider,0,True
2026-08-15 05:25:16,Universal Studios Florida,Hogwarts Express™ - King's Cross Station,0,False
2026-08-15 05:25:16,Universal Studios Florida,Hogwarts™ Express - First Train,0,False
2026-08-15 05:25:16,Universal Studios Florida,Hogwarts™ Express - Last Train,0,False
2026-08-15 05:25:16,Universal Studios Florida,Ollivanders™ Experience in Diagon Alley™,5,True
2026-08-15 05:25:16,Universal Studios Florida,Kang & Kodos' Twirl 'n' Hurl,0,False
2026-08-15 05:25:16,Universal Studios Florida,MEN IN BLACK™ Alien Attack!™,0,False
2026-08-15 05:25:16,Universal Studios Florida,MEN IN BLACK™ Alien Attack!™ Single Rider,0,True
2026-08-15 05:25:16,Universal Studios Florida,The Simpsons Ride™,0,False
2026-08-15 05:25:16,Epic Universe,Constellation Carousel,0,False
2026-08-15 05:25:16,Epic Universe,Stardust Racers,0,False
2026-08-15 05:25:16,Epic Universe,Curse of the Werewolf,0,False
2026-08-15 05:25:16,Epic Universe,Curse of the Werewolf Single Rider,0,True
2026-08-15 05:25:16,Epic Universe,Monsters Unchained: The Frankenstein Experiment,0,False
2026-08-15 05:25:16,Epic Universe,Monsters Unchained: The Frankenstein Experiment Single Rider,0,True
2026-08-15 05:25:16,Epic Universe,Dragon Racer's Rally,0,False
2026-08-15 05:25:16,Epic Universe,Fyre Drill,0,False
2026-08-15 05:25:16,Epic Universe,Hiccup's Wing Gliders,0,False
2026-08-15 05:25:16,Epic Universe,Meet Toothless and Friends,35,True
2026-08-15 05:25:16,Epic Universe,Bowser Jr. Challenge,0,False
2026-08-15 05:25:16,Epic Universe,Mario Kart™: Bowser's Challenge,0,False
2026-08-15 05:25:16,Epic Universe,Mario Kart™: Bowser's Challenge Single Rider,0,True
2026-08-15 05:25:16,Epic Universe,Mine-Cart Madness™,0,False
2026-08-15 05:25:16,Epic Universe,Mine-Cart Madness™ Single Rider,0,True
2026-08-15 05:25:16,Epic Universe,Yoshi's Adventure™,0,False
2026-08-15 05:25:16,Epic Universe,Harry Potter and the Battle at the Ministry™,0,False
2026-08-15 05:25:16,Epic Universe,Harry Potter and the Battle at the Ministry™ Single Rider,0,True
2026-08-15 05:51:46,Islands of Adventure,Camp Jurassic™,0,False
2026-08-15 05:51:46,Islands of Adventure,Jurassic Park Discovery Center,0,False
2026-08-15 05:51:46,Islands of Adventure,Jurassic Park River Adventure,0,False
2026-08-15 05:51:46,Islands of Adventure,Jurassic World VelociCoaster,0,False
2026-08-15 05:51:46,Islands of Adventure,Pteranodon Flyers,0,False
2026-08-15 05:51:46,Islands of Adventure,Skull Island: Reign of Kong™,0,False
2026-08-15 05:51:46,Islands of Adventure,Doctor Doom's Fearfall®,0,False
2026-08-15 05:51:46,Islands of Adventure,Doctor Doom's Fearfall® Single Rider,0,True
2026-08-15 05:51:46,Islands of Adventure,Storm Force Accelatron®,0,False
2026-08-15 05:51:46,Islands of Adventure,The Amazing Adventures of Spider-Man®,0,False
2026-08-15 05:51:46,Islands of Adventure,The Incredible Hulk Coaster®,0,False
2026-08-15 05:51:46,Islands of Adventure,The Incredible Hulk Coaster® Single Rider,0,True
2026-08-15 05:51:46,Islands of Adventure,Caro-Seuss-el™,0,False
2026-08-15 05:51:46,Islands of Adventure,If I Ran The Zoo™,0,False
2026-08-15 05:51:46,Islands of Adventure,"One Fish, Two Fish, Red Fish, Blue Fish™",0,False
2026-08-15 05:51:46,Islands of Adventure,The Cat in The Hat™,0,False
2026-08-15 05:51:46,Islands of Adventure,The High in the Sky Seuss Trolley Train Ride!™,0,False
2026-08-15 05:51:46,Islands of Adventure,Flight of the Hippogriff™,0,False
2026-08-15 05:51:46,Islands of Adventure,Hagrid's Magical Creatures Motorbike Adventure™,0,False
2026-08-15 05:51:46,Islands of Adventure,Hagrid's Magical Creatures Motorbike Adventure™ Single Rider,0,False
2026-08-15 05:51:46,Islands of Adventure,Harry Potter and the Forbidden Journey™,0,False
2026-08-15 05:51:46,Islands of Adventure,Harry Potter and the Forbidden Journey™ Single Rider,0,True
2026-08-15 05:51:46,Islands of Adventure,Hogwarts Express™ - Hogsmeade™ Station,0,False
2026-08-15 05:51:46,Islands of Adventure,Ollivanders™ Experience in Hogsmeade™,15,True
2026-08-15 05:51:46,Islands of Adventure,Dudley Do-Right's Ripsaw Falls®,0,False
2026-08-15 05:51:46,Islands of Adventure,"Me Ship, The Olive®",0,False
2026-08-15 05:51:46,Islands of Adventure,Popeye & Bluto's Bilge-Rat Barges®,0,False
2026-08-15 05:51:46,Universal Studios Florida,Trolls Trollercoaster,0,False
2026-08-15 05:51:46,Universal Studios Florida,E.T. Adventure™,0,False
2026-08-15 05:51:46,Universal Studios Florida,Despicable Me Minion Mayhem™,0,False
2026-08-15 05:51:46,Universal Studios Florida,Illumination's Villain-Con Minion Blast,0,False
2026-08-15 05:51:46,Universal Studios Florida,Race Through New York Starring Jimmy Fallon™,0,False
2026-08-15 05:51:46,Universal Studios Florida,Revenge of the Mummy™,0,False
2026-08-15 05:51:46,Universal Studios Florida,Revenge of the Mummy™ Single Rider,0,True
2026-08-15 05:51:46,Universal Studios Florida,TRANSFORMERS™ The Ride-3D,0,False
2026-08-15 05:51:46,Universal Studios Florida,Fast & Furious - Supercharged™,0,False
2026-08-15 05:51:46,Universal Studios Florida,Fast & Furious - Supercharged™ Single Rider,0,True
2026-08-15 05:51:46,Universal Studios Florida,Harry Potter and the Escape from Gringotts™,0,False
2026-08-15 05:51:46,Universal Studios Florida,Harry Potter and the Escape from Gringotts™ Single Rider,0,True
2026-08-15 05:51:46,Universal Studios Florida,Hogwarts Express™ - King's Cross Station,0,False
2026-08-15 05:51:46,Universal Studios Florida,Hogwarts™ Express - First Train,0,False
2026-08-15 05:51:46,Universal Studios Florida,Hogwarts™ Express - Last Train,0,False
2026-08-15 05:51:46,Universal Studios Florida,Ollivanders™ Experience in Diagon Alley™,5,True
2026-08-15 05:51:46,Universal Studios Florida,Kang & Kodos' Twirl 'n' Hurl,0,False
2026-08-15 05:51:46,Universal Studios Florida,MEN IN BLACK™ Alien Attack!™,0,False
2026-08-15 05:51:46,Universal Studios Florida,MEN IN BLACK™ Alien Attack!™ Single Rider,0,True
2026-08-15 05:51:46,Universal Studios Florida,The Simpsons Ride™,0,False
2026-08-15 05:51:46,Epic Universe,Constellation Carousel,0,False
2026-08-15 05:51:46,Epic Universe,Stardust Racers,0,False
2026-08-15 05:51:46,Epic Universe,Curse of the Werewolf,0,False
2026-08-15 05:51:46,Epic Universe,Curse of the Werewolf Single Rider,0,True
2026-08-15 05:51:46,Epic Universe,Monsters Unchained: The Frankenstein Experiment,0,False
2026-08-15 05:51:46,Epic Universe,Monsters Unchained: The Frankenstein Experiment Single Rider,0,True
2026-08-15 05:51:46,Epic Universe,Dragon Racer's Rally,0,False
2026-08-15 05:51:46,Epic Universe,Fyre Drill,0,False
2026-08-15 05:51:46,Epic Universe,Hiccup's Wing Gliders,0,False
2026-08-15 05:51:46,Epic Universe,Meet Toothless and Friends,35,True
2026-08-15 05:51:46,Epic Universe,Bowser Jr. Challenge,0,False
2026-08-15 05:51:46,Epic Universe,Mario Kart™: Bowser's Challenge,0,False
2026-08-15 05:51:46,Epic Universe,Mario Kart™: Bowser's Challenge Single Rider,0,True
2026-08-15 05:51:46,Epic Universe,Mine-Cart Madness™,0,False
2026-08-15 05:51:46,Epic Universe,Mine-Cart Madness™ Single Rider,0,True
2026-08-15 05:51:46,Epic Universe,Yoshi's Adventure™,0,False
2026-08-15 05:51:46,Epic Universe,Harry Potter and the Battle at the Ministry™,0,False
2026-08-15 05:51:46,Epic Universe,Harry Potter and the Battle at the Ministry™ Single Rider,0,True
2026-08-15 06:39:17,Islands of Adventure,Camp Jurassic™,0,False
2026-08-15 06:39:17,Islands of Adventure,Jurassic Park Discovery Center,0,False
2026-08-15 06:39:17,Islands of Adventure,Jurassic Park River Adventure,0,False
2026-08-15 06:39:17,Islands of Adventure,Jurassic World VelociCoaster,0,False
2026-08-15 06:39:17,Islands of Adventure,Pteranodon Flyers,0,False
2026-08-15 06:39:17,Islands of Adventure,Skull Island: Reign of Kong,0,False
2026-08-15 06:39:17,Islands of Adventure,Doctor Doom's Fearfall®,0,False
2026-08-15 06:39:17,Islands of Adventure,Doctor Doom's Fearfall® Single Rider,0,True
2026-08-15 06:39:17,Islands of Adventure,Storm Force Accelatron®,0,False
2026-08-15 06:39:17,Islands of Adventure,The Amazing Adventures of Spider-Man®,0,False
2026-08-15 06:39:17,Islands of Adventure,The Incredible Hulk Coaster®,0,False
2026-08-15 06:39:17,Islands of Adventure,The Incredible Hulk Coaster® Single Rider,0,True
2026-08-15 06:39:17,Islands of Adventure,Caro-Seuss-el™,0,False
2026-08-15 06:39:17,Islands of Adventure,If I Ran The Zoo™,0,False
2026-08-15 06:39:17,Islands of Adventure,"One Fish, Two Fish, Red Fish, Blue Fish™",0,False
2026-08-15 06:39:17,Islands of Adventure,The Cat in The Hat™,0,False
2026-08-15 06:39:17,Islands of Adventure,The High in the Sky Seuss Trolley Train Ride!™,0,False
2026-08-15 06:39:17,Islands of Adventure,Flight of the Hippogriff™,0,False
2026-08-15 06:39:17,Islands of Adventure,Hagrid's Magical Creatures Motorbike Adventure™,0,False
2026-08-15 06:39:17,Islands of Adventure,Hagrid's Magical Creatures Motorbike Adventure™ Single Rider,0,False
2026-08-15 06:39:17,Islands of Adventure,Harry Potter and the Forbidden Journey™,0,False
2026-08-15 06:39:17,Islands of Adventure,Harry Potter and the Forbidden Journey™ Single Rider,0,True
2026-08-15 06:39:17,Islands of Adventure,Hogwarts Express™ - Hogsmeade™ Station,0,False
2026-08-15 06:39:17,Islands of Adventure,Ollivanders™ Experience in Hogsmeade™,15,True
2026-08-15 06:39:17,Islands of Adventure,Dudley Do-Right's Ripsaw Falls®,0,False
2026-08-15 06:39:17,Islands of Adventure,"Me Ship, The Olive®",0,False
2026-08-15 06:39:17,Islands of Adventure,Popeye & Bluto's Bilge-Rat Barges®,0,False
2026-08-15 06:39:17,Universal Studios Florida,Trolls Trollercoaster,0,False
2026-08-15 06:39:17,Universal Studios Florida,E.T. Adventure,0,False
2026-08-15 06:39:17,Universal Studios Florida,Despicable Me Minion Mayhem™,0,False
2026-08-15 06:39:17,Universal Studios Florida,Illumination's Villain-Con Minion Blast,0,False
2026-08-15 06:39:17,Universal Studios Florida,Race Through New York Starring Jimmy Fallon™,0,False
2026-08-15 06:39:17,Universal Studios Florida,Revenge of the Mummy™,0,False
2026-08-15 06:39:17,Universal Studios Florida,Revenge of the Mummy™ Single Rider,0,True
2026-08-15 06:39:17,Universal Studios Florida,TRANSFORMERS™ The Ride-3D,0,False
2026-08-15 06:39:17,Universal Studios Florida,Fast & Furious - Supercharged™,0,False
2026-08-15 06:39:17,Universal Studios Florida,Fast & Furious - Supercharged™ Single Rider,0,True
2026-08-15 06:39:17,Universal Studios Florida,Harry Potter and the Escape from Gringotts™,0,False
2026-08-15 06:39:17,Universal Studios Florida,Harry Potter and the Escape from Gringotts™ Single Rider,0,True
2026-08-15 06:39:17,Universal Studios Florida,Hogwarts Express™ - King's Cross Station,0,False
2026-08-15 06:39:17,Universal Studios Florida,Hogwarts™ Express - First Train,0,False
2026-08-15 06:39:17,Universal Studios Florida,Hogwarts™ Express - Last Train,0,False
2026-08-15 06:39:17,Universal Studios Florida,Ollivanders™ Experience in Diagon Alley™,5,True
2026-08-15 06:39:17,Universal Studios Florida,Kang & Kodos' Twirl 'n' Hurl,0,False
2026-08-15 06:39:17,Universal Studios Florida,MEN IN BLACK™ Alien Attack!,0,False
2026-08-15 06:39:17,Universal Studios Florida,MEN IN BLACK™ Alien Attack!™ Single Rider,0,True
2026-08-15 06:39:17,Universal Studios Florida,The Simpsons Ride™,0,False
2026-08-15 06:39:17,Epic Universe,Constellation Carousel,0,False
2026-08-15 06:39:17,Epic Universe,Stardust Racers,0,False
2026-08-15 06:39:17,Epic Universe,Curse of the Werewolf,0,False
2026-08-15 06:39:17,Epic Universe,Curse of the Werewolf Single Rider,0,True
2026-08-15 06:39:17,Epic Universe,Monsters Unchained: The Frankenstein Experiment,0,False
2026-08-15 06:39:17,Epic Universe,Monsters Unchained: The Frankenstein Experiment Single Rider,0,True
2026-08-15 06:39:17,Epic Universe,Dragon Racer's Rally,0,False
2026-08-15 06:39:17,Epic Universe,Fyre Drill,0,False
2026-08-15 06:39:17,Epic Universe,Hiccup's Wing Gliders,0,False
2026-08-15 06:39:17,Epic Universe,Meet Toothless and Friends,35,True
2026-08-15 06:39:17,Epic Universe,Bowser Jr. Challenge,0,False
2026-08-15 06:39:17,Epic Universe,Mario Kart™: Bowser's Challenge,0,False
2026-08-15 06:39:17,Epic Universe,Mario Kart™: Bowser's Challenge Single Rider,0,True
2026-08-15 06:39:17,Epic Universe,Mine-Cart Madness™,0,False
2026-08-15 06:39:17,Epic Universe,Mine-Cart Madness™ Single Rider,0,True
2026-08-15 06:39:17,Epic Universe,Yoshi's Adventure™,0,False
2026-08-15 06:39:17,Epic Universe,Harry Potter and the Battle at the Ministry™,0,False
2026-08-15 06:39:17,Epic Universe,Harry Potter and the Battle at the Ministry™ Single Rider,0,True
2026-08-15 07:16:20,Islands of Adventure,Camp Jurassic™,0,False
2026-08-15 07:16:20,Islands of Adventure,Jurassic Park Discovery Center,0,False
2026-08-15 07:16:20,Islands of Adventure,Jurassic Park River Adventure,0,False
2026-08-15 07:16:20,Islands of Adventure,Jurassic World VelociCoaster,0,False
2026-08-15 07:16:20,Islands of Adventure,Pteranodon Flyers,0,False
2026-08-15 07:16:20,Islands of Adventure,Skull Island: Reign of Kong,0,False
2026-08-15 07:16:20,Islands of Adventure,Doctor Doom's Fearfall®,0,False
2026-08-15 07:16:20,Islands of Adventure,Doctor Doom's Fearfall® Single Rider,0,True
2026-08-15 07:16:20,Islands of Adventure,Storm Force Accelatron®,0,False
2026-08-15 07:16:20,Islands of Adventure,The Amazing Adventures of Spider-Man®,0,False
2026-08-15 07:16:20,Islands of Adventure,The Incredible Hulk Coaster®,0,False
2026-08-15 07:16:20,Islands of Adventure,The Incredible Hulk Coaster® Single Rider,0,True
2026-08-15 07:16:20,Islands of Adventure,Caro-Seuss-el™,0,False
2026-08-15 07:16:20,Islands of Adventure,If I Ran The Zoo™,0,False
2026-08-15 07:16:20,Islands of Adventure,"One Fish, Two Fish, Red Fish, Blue Fish™",0,False
2026-08-15 07:16:20,Islands of Adventure,The Cat in The Hat™,0,False
2026-08-15 07:16:20,Islands of Adventure,The High in the Sky Seuss Trolley Train Ride!™,0,False
2026-08-15 07:16:20,Islands of Adventure,Flight of the Hippogriff™,0,False
2026-08-15 07:16:20,Islands of Adventure,Hagrid's Magical Creatures Motorbike Adventure™,0,False
2026-08-15 07:16:20,Islands of Adventure,Hagrid's Magical Creatures Motorbike Adventure™ Single Rider,0,False
2026-08-15 07:16:20,Islands of Adventure,Harry Potter and the Forbidden Journey™,0,False
2026-08-15 07:16:20,Islands of Adventure,Harry Potter and the Forbidden Journey™ Single Rider,0,True
2026-08-15 07:16:20,Islands of Adventure,Hogwarts Express™ - Hogsmeade™ Station,0,False
2026-08-15 07:16:20,Islands of Adventure,Ollivanders™ Experience in Hogsmeade™,15,True
2026-08-15 07:16:20,Islands of Adventure,Dudley Do-Right's Ripsaw Falls®,0,False
2026-08-15 07:16:20,Islands of Adventure,"Me Ship, The Olive®",0,False
2026-08-15 07:16:20,Islands of Adventure,Popeye & Bluto's Bilge-Rat Barges®,0,False
2026-08-15 07:16:20,Universal Studios Florida,Trolls Trollercoaster,0,False
2026-08-15 07:16:20,Universal Studios Florida,E.T. Adventure,0,False
2026-08-15 07:16:20,Universal Studios Florida,Despicable Me Minion Mayhem™,0,False
2026-08-15 07:16:20,Universal Studios Florida,Illumination's Villain-Con Minion Blast,0,False
2026-08-15 07:16:20,Universal Studios Florida,Race Through New York Starring Jimmy Fallon™,0,False
2026-08-15 07:16:20,Universal Studios Florida,Revenge of the Mummy™,0,False
2026-08-15 07:16:20,Universal Studios Florida,Revenge of the Mummy™ Single Rider,0,True
2026-08-15 07:16:20,Universal Studios Florida,TRANSFORMERS™ The Ride-3D,0,False
2026-08-15 07:16:20,Universal Studios Florida,Fast & Furious - Supercharged™,0,False
2026-08-15 07:16:20,Universal Studios Florida,Fast & Furious - Supercharged™ Single Rider,0,True
2026-08-15 07:16:20,Universal Studios Florida,Harry Potter and the Escape from Gringotts™,0,False
2026-08-15 07:16:20,Universal Studios Florida,Harry Potter and the Escape from Gringotts™ Single Rider,0,True
2026-08-15 07:16:20,Universal Studios Florida,Hogwarts Express™ - King's Cross Station,0,False
2026-08-15 07:16:20,Universal Studios Florida,Hogwarts™ Express - First Train,0,False
2026-08-15 07:16:20,Universal Studios Florida,Hogwarts™ Express - Last Train,0,False
2026-08-15 07:16:20,Universal Studios Florida,Ollivanders™ Experience in Diagon Alley™,5,True
2026-08-15 07:16:20,Universal Studios Florida,Kang & Kodos' Twirl 'n' Hurl,0,False
2026-08-15 07:16:20,Universal Studios Florida,MEN IN BLACK™ Alien Attack!,0,False
2026-08-15 07:16:20,Universal Studios Florida,MEN IN BLACK™ Alien Attack!™ Single Rider,0,True
2026-08-15 07:16:20,Universal Studios Florida,The Simpsons Ride™,0,False
2026-08-15 07:16:20,Epic Universe,Constellation Carousel,0,False
2026-08-15 07:16:20,Epic Universe,Stardust Racers,0,False
2026-08-15 07:16:20,Epic Universe,Curse of the Werewolf,0,False
2026-08-15 07:16:20,Epic Universe,Curse of the Werewolf Single Rider,0,True
2026-08-15 07:16:20,Epic Universe,Monsters Unchained: The Frankenstein Experiment,0,False
2026-08-15 07:16:20,Epic Universe,Monsters Unchained: The Frankenstein Experiment Single Rider,0,True
2026-08-15 07:16:20,Epic Universe,Dragon Racer's Rally,0,False
2026-08-15 07:16:20,Epic Universe,Fyre Drill,0,False
2026-08-15 07:16:20,Epic Universe,Hiccup's Wing Gliders,0,False
2026-08-15 07:16:20,Epic Universe,Meet Toothless and Friends,35,True
2026-08-15 07:16:20,Epic Universe,Bowser Jr. Challenge,0,False
2026-08-15 07:16:20,Epic Universe,Mario Kart™: Bowser's Challenge,0,False
2026-08-15 07:16:20,Epic Universe,Mario Kart™: Bowser's Challenge Single Rider,0,True
2026-08-15 07:16:20,Epic Universe,Mine-Cart Madness™,0,False
2026-08-15 07:16:20,Epic Universe,Mine-Cart Madness™ Single Rider,0,True
2026-08-15 07:16:20,Epic Universe,Yoshi's Adventure™,0,False
2026-08-15 07:16:20,Epic Universe,Harry Potter and the Battle at the Ministry™,0,False
2026-08-15 07:16:20,Epic Universe,Harry Potter and the Battle at the Ministry™ Single Rider,0,True
2026-08-15 07:52:42,Islands of Adventure,Camp Jurassic™,0,False
2026-08-15 07:52:42,Islands of Adventure,Jurassic Park Discovery Center,0,False
2026-08-15 07:52:42,Islands of Adventure,Jurassic Park River Adventure,0,False
2026-08-15 07:52:42,Islands of Adventure,Jurassic World VelociCoaster,0,False
2026-08-15 07:52:42,Islands of Adventure,Pteranodon Flyers,0,False
2026-08-15 07:52:42,Islands of Adventure,Skull Island: Reign of Kong,0,False
2026-08-15 07:52:42,Islands of Adventure,Doctor Doom's Fearfall®,0,False
2026-08-15 07:52:42,Islands of Adventure,Doctor Doom's Fearfall® Single Rider,0,True
2026-08-15 07:52:42,Islands of Adventure,Storm Force Accelatron®,0,False
2026-08-15 07:52:42,Islands of Adventure,The Amazing Adventures of Spider-Man®,0,False
2026-08-15 07:52:42,Islands of Adventure,The Incredible Hulk Coaster®,0,False
2026-08-15 07:52:42,Islands of Adventure,The Incredible Hulk Coaster® Single Rider,0,True
2026-08-15 07:52:42,Islands of Adventure,Caro-Seuss-el™,0,False
2026-08-15 07:52:42,Islands of Adventure,If I Ran The Zoo™,0,False
2026-08-15 07:52:42,Islands of Adventure,"One Fish, Two Fish, Red Fish, Blue Fish™",0,False
2026-08-15 07:52:42,Islands of Adventure,The Cat in The Hat™,0,False
2026-08-15 07:52:42,Islands of Adventure,The High in the Sky Seuss Trolley Train Ride!™,0,False
2026-08-15 07:52:42,Islands of Adventure,Flight of the Hippogriff™,0,False
2026-08-15 07:52:42,Islands of Adventure,Hagrid's Magical Creatures Motorbike Adventure™,0,False
2026-08-15 07:52:42,Islands of Adventure,Hagrid's Magical Creatures Motorbike Adventure™ Single Rider,0,False
2026-08-15 07:52:42,Islands of Adventure,Harry Potter and the Forbidden Journey™,0,False
2026-08-15 07:52:42,Islands of Adventure,Harry Potter and the Forbidden Journey™ Single Rider,0,True
2026-08-15 07:52:42,Islands of Adventure,Hogwarts Express™ - Hogsmeade™ Station,0,False
2026-08-15 07:52:42,Islands of Adventure,Ollivanders™ Experience in Hogsmeade™,15,True
2026-08-15 07:52:42,Islands of Adventure,Dudley Do-Right's Ripsaw Falls®,0,False
2026-08-15 07:52:42,Islands of Adventure,"Me Ship, The Olive®",0,False
2026-08-15 07:52:42,Islands of Adventure,Popeye & Bluto's Bilge-Rat Barges®,0,False
2026-08-15 07:52:42,Universal Studios Florida,Trolls Trollercoaster,0,False
2026-08-15 07:52:42,Universal Studios Florida,E.T. Adventure,0,False
2026-08-15 07:52:42,Universal Studios Florida,Despicable Me Minion Mayhem™,0,False
2026-08-15 07:52:42,Universal Studios Florida,Illumination's Villain-Con Minion Blast,0,False
2026-08-15 07:52:42,Universal Studios Florida,Race Through New York Starring Jimmy Fallon™,0,False
2026-08-15 07:52:42,Universal Studios Florida,Revenge of the Mummy™,0,False
2026-08-15 07:52:42,Universal Studios Florida,Revenge of the Mummy™ Single Rider,0,True
2026-08-15 07:52:42,Universal Studios Florida,TRANSFORMERS™ The Ride-3D,0,False
2026-08-15 07:52:42,Universal Studios Florida,Fast & Furious - Supercharged™,0,False
2026-08-15 07:52:42,Universal Studios Florida,Fast & Furious - Supercharged™ Single Rider,0,True
2026-08-15 07:52:42,Universal Studios Florida,Harry Potter and the Escape from Gringotts™,0,False
2026-08-15 07:52:42,Universal Studios Florida,Harry Potter and the Escape from Gringotts™ Single Rider,0,True
2026-08-15 07:52:42,Universal Studios Florida,Hogwarts Express™ - King's Cross Station,0,False
2026-08-15 07:52:42,Universal Studios Florida,Hogwarts™ Express - First Train,0,False
2026-08-15 07:52:42,Universal Studios Florida,Hogwarts™ Express - Last Train,0,False
2026-08-15 07:52:42,Universal Studios Florida,Ollivanders™ Experience in Diagon Alley™,5,True
2026-08-15 07:52:42,Universal Studios Florida,Kang & Kodos' Twirl 'n' Hurl,0,False
2026-08-15 07:52:42,Universal Studios Florida,MEN IN BLACK™ Alien Attack!,0,False
2026-08-15 07:52:42,Universal Studios Florida,MEN IN BLACK™ Alien Attack!™ Single Rider,0,True
2026-08-15 07:52:42,Universal Studios Florida,The Simpsons Ride™,0,False
2026-08-15 07:52:42,Epic Universe,Constellation Carousel,0,False
2026-08-15 07:52:42,Epic Universe,Stardust Racers,0,False
2026-08-15 07:52:42,Epic Universe,Curse of the Werewolf,0,False
2026-08-15 07:52:42,Epic Universe,Curse of the Werewolf Single Rider,0,True
2026-08-15 07:52:42,Epic Universe,Monsters Unchained: The Frankenstein Experiment,0,False
2026-08-15 07:52:42,Epic Universe,Monsters Unchained: The Frankenstein Experiment Single Rider,0,True
2026-08-15 07:52:42,Epic Universe,Dragon Racer's Rally,0,False
2026-08-15 07:52:42,Epic Universe,Fyre Drill,0,False
2026-08-15 07:52:42,Epic Universe,Hiccup's Wing Gliders,0,False
2026-08-15 07:52:42,Epic Universe,Meet Toothless and Friends,35,True
2026-08-15 07:52:42,Epic Universe,Bowser Jr. Challenge,0,False
2026-08-15 07:52:42,Epic Universe,Mario Kart™: Bowser's Challenge,0,False
2026-08-15 07:52:42,Epic Universe,Mario Kart™: Bowser's Challenge Single Rider,0,True
2026-08-15 07:52:42,Epic Universe,Mine-Cart Madness™,0,False
2026-08-15 07:52:42,Epic Universe,Mine-Cart Madness™ Single Rider,0,True
2026-08-15 07:52:42,Epic Universe,Yoshi's Adventure™,0,False
2026-08-15 07:52:42,Epic Universe,Harry Potter and the Battle at the Ministry™,0,False
2026-08-15 07:52:42,Epic Universe,Harry Potter and the Battle at the Ministry™ Single Rider,0,True
2026-08-15 08:29:53,Islands of Adventure,Camp Jurassic™,0,False
2026-08-15 08:29:53,Islands of Adventure,Jurassic Park Discovery Center,0,False
2026-08-15 08:29:53,Islands of Adventure,Jurassic Park River Adventure,0,False
2026-08-15 08:29:53,Islands of Adventure,Jurassic World VelociCoaster,0,False
2026-08-15 08:29:53,Islands of Adventure,Pteranodon Flyers,0,False
2026-08-15 08:29:53,Islands of Adventure,Skull Island: Reign of Kong,0,False
2026-08-15 08:29:53,Islands of Adventure,Doctor Doom's Fearfall®,0,False
2026-08-15 08:29:53,Islands of Adventure,Doctor Doom's Fearfall® Single Rider,0,True
2026-08-15 08:29:53,Islands of Adventure,Storm Force Accelatron®,0,False
2026-08-15 08:29:53,Islands of Adventure,The Amazing Adventures of Spider-Man®,0,False
2026-08-15 08:29:53,Islands of Adventure,The Incredible Hulk Coaster®,0,False
2026-08-15 08:29:53,Islands of Adventure,The Incredible Hulk Coaster® Single Rider,0,True
2026-08-15 08:29:53,Islands of Adventure,Caro-Seuss-el™,0,False
2026-08-15 08:29:53,Islands of Adventure,If I Ran The Zoo™,0,False
2026-08-15 08:29:53,Islands of Adventure,"One Fish, Two Fish, Red Fish, Blue Fish™",0,False
2026-08-15 08:29:53,Islands of Adventure,The Cat in The Hat™,0,False
2026-08-15 08:29:53,Islands of Adventure,The High in the Sky Seuss Trolley Train Ride!™,0,False
2026-08-15 08:29:53,Islands of Adventure,Flight of the Hippogriff™,0,False
2026-08-15 08:29:53,Islands of Adventure,Hagrid's Magical Creatures Motorbike Adventure™,0,False
2026-08-15 08:29:53,Islands of Adventure,Hagrid's Magical Creatures Motorbike Adventure™ Single Rider,0,False
2026-08-15 08:29:53,Islands of Adventure,Harry Potter and the Forbidden Journey™,0,False
2026-08-15 08:29:53,Islands of Adventure,Harry Potter and the Forbidden Journey™ Single Rider,0,True
2026-08-15 08:29:53,Islands of Adventure,Hogwarts Express™ - Hogsmeade™ Station,0,False
2026-08-15 08:29:53,Islands of Adventure,Ollivanders™ Experience in Hogsmeade™,15,True
2026-08-15 08:29:53,Islands of Adventure,Dudley Do-Right's Ripsaw Falls®,0,False
2026-08-15 08:29:53,Islands of Adventure,"Me Ship, The Olive®",0,False
2026-08-15 08:29:53,Islands of Adventure,Popeye & Bluto's Bilge-Rat Barges®,0,False
2026-08-15 08:29:53,Universal Studios Florida,Trolls Trollercoaster,0,False
2026-08-15 08:29:53,Universal Studios Florida,E.T. Adventure,0,False
2026-08-15 08:29:53,Universal Studios Florida,Despicable Me Minion Mayhem™,0,False
2026-08-15 08:29:53,Universal Studios Florida,Illumination's Villain-Con Minion Blast,0,False
2026-08-15 08:29:53,Universal Studios Florida,Race Through New York Starring Jimmy Fallon™,0,False
2026-08-15 08:29:53,Universal Studios Florida,Revenge of the Mummy™,0,False
2026-08-15 08:29:53,Universal Studios Florida,Revenge of the Mummy™ Single Rider,0,True
2026-08-15 08:29:53,Universal Studios Florida,TRANSFORMERS™ The Ride-3D,0,False
2026-08-15 08:29:53,Universal Studios Florida,Fast & Furious - Supercharged™,0,False
2026-08-15 08:29:53,Universal Studios Florida,Fast & Furious - Supercharged™ Single Rider,0,True
2026-08-15 08:29:53,Universal Studios Florida,Harry Potter and the Escape from Gringotts™,0,False
2026-08-15 08:29:53,Universal Studios Florida,Harry Potter and the Escape from Gringotts™ Single Rider,0,True
2026-08-15 08:29:53,Universal Studios Florida,Hogwarts Express™ - King's Cross Station,0,False
2026-08-15 08:29:53,Universal Studios Florida,Hogwarts™ Express - First Train,0,False
2026-08-15 08:29:53,Universal Studios Florida,Hogwarts™ Express - Last Train,0,False
2026-08-15 08:29:53,Universal Studios Florida,Ollivanders™ Experience in Diagon Alley™,5,True
2026-08-15 08:29:53,Universal Studios Florida,Kang & Kodos' Twirl 'n' Hurl,0,False
2026-08-15 08:29:53,Universal Studios Florida,MEN IN BLACK™ Alien Attack!,0,False
2026-08-15 08:29:53,Universal Studios Florida,MEN IN BLACK™ Alien Attack!™ Single Rider,0,True
2026-08-15 08:29:53,Universal Studios Florida,The Simpsons Ride™,0,False
2026-08-15 08:29:53,Epic Universe,Constellation Carousel,0,False
2026-08-15 08:29:53,Epic Universe,Stardust Racers,0,False
2026-08-15 08:29:53,Epic Universe,Curse of the Werewolf,0,False
2026-08-15 08:29:53,Epic Universe,Curse of the Werewolf Single Rider,0,True
2026-08-15 08:29:53,Epic Universe,Monsters Unchained: The Frankenstein Experiment,0,False
2026-08-15 08:29:53,Epic Universe,Monsters Unchained: The Frankenstein Experiment Single Rider,0,True
2026-08-15 08:29:53,Epic Universe,Dragon Racer's Rally,0,False
2026-08-15 08:29:53,Epic Universe,Fyre Drill,0,False
2026-08-15 08:29:53,Epic Universe,Hiccup's Wing Gliders,0,False
2026-08-15 08:29:53,Epic Universe,Meet Toothless and Friends,35,True
2026-08-15 08:29:53,Epic Universe,Bowser Jr. Challenge,0,False
2026-08-15 08:29:53,Epic Universe,Mario Kart™: Bowser's Challenge,0,False
2026-08-15 08:29:53,Epic Universe,Mario Kart™: Bowser's Challenge Single Rider,0,True
2026-08-15 08:29:53,Epic Universe,Mine-Cart Madness™,0,False
2026-08-15 08:29:53,Epic Universe,Mine-Cart Madness™ Single Rider,0,True
2026-08-15 08:29:53,Epic Universe,Yoshi's Adventure™,0,False
2026-08-15 08:29:53,Epic Universe,Harry Potter and the Battle at the Ministry™,0,False
2026-08-15 08:29:53,Epic Universe,Harry Potter and the Battle at the Ministry™ Single Rider,0,True
2026-08-15 08:57:49,Islands of Adventure,Camp Jurassic™,0,False
2026-08-15 08:57:49,Islands of Adventure,Jurassic Park Discovery Center,0,False
2026-08-15 08:57:49,Islands of Adventure,Jurassic Park River Adventure,0,False
2026-08-15 08:57:49,Islands of Adventure,Jurassic World VelociCoaster,0,False
2026-08-15 08:57:49,Islands of Adventure,Pteranodon Flyers,0,False
2026-08-15 08:57:49,Islands of Adventure,Skull Island: Reign of Kong,0,False
2026-08-15 08:57:49,Islands of Adventure,Doctor Doom's Fearfall®,0,False
2026-08-15 08:57:49,Islands of Adventure,Doctor Doom's Fearfall® Single Rider,0,True
2026-08-15 08:57:49,Islands of Adventure,Storm Force Accelatron®,0,False
2026-08-15 08:57:49,Islands of Adventure,The Amazing Adventures of Spider-Man®,0,False
2026-08-15 08:57:49,Islands of Adventure,The Incredible Hulk Coaster®,0,False
2026-08-15 08:57:49,Islands of Adventure,The Incredible Hulk Coaster® Single Rider,0,True
2026-08-15 08:57:49,Islands of Adventure,Caro-Seuss-el™,0,False
2026-08-15 08:57:49,Islands of Adventure,If I Ran The Zoo™,0,False
2026-08-15 08:57:49,Islands of Adventure,"One Fish, Two Fish, Red Fish, Blue Fish™",0,False
2026-08-15 08:57:49,Islands of Adventure,The Cat in The Hat™,0,False
2026-08-15 08:57:49,Islands of Adventure,The High in the Sky Seuss Trolley Train Ride!™,0,False
2026-08-15 08:57:49,Islands of Adventure,Flight of the Hippogriff™,0,False
2026-08-15 08:57:49,Islands of Adventure,Hagrid's Magical Creatures Motorbike Adventure™,0,False
2026-08-15 08:57:49,Islands of Adventure,Hagrid's Magical Creatures Motorbike Adventure™ Single Rider,0,False
2026-08-15 08:57:49,Islands of Adventure,Harry Potter and the Forbidden Journey™,0,False
2026-08-15 08:57:49,Islands of Adventure,Harry Potter and the Forbidden Journey™ Single Rider,0,True
2026-08-15 08:57:49,Islands of Adventure,Hogwarts Express™ - Hogsmeade™ Station,0,False
2026-08-15 08:57:49,Islands of Adventure,Ollivanders™ Experience in Hogsmeade™,15,True
2026-08-15 08:57:49,Islands of Adventure,Dudley Do-Right's Ripsaw Falls®,0,False
2026-08-15 08:57:49,Islands of Adventure,"Me Ship, The Olive®",0,False
2026-08-15 08:57:49,Islands of Adventure,Popeye & Bluto's Bilge-Rat Barges®,0,False
2026-08-15 08:57:49,Universal Studios Florida,Trolls Trollercoaster,0,False
2026-08-15 08:57:49,Universal Studios Florida,E.T. Adventure,0,False
2026-08-15 08:57:49,Universal Studios Florida,Despicable Me Minion Mayhem™,0,False
2026-08-15 08:57:49,Universal Studios Florida,Illumination's Villain-Con Minion Blast,0,False
2026-08-15 08:57:49,Universal Studios Florida,Race Through New York Starring Jimmy Fallon™,0,False
2026-08-15 08:57:49,Universal Studios Florida,Revenge of the Mummy™,0,False
2026-08-15 08:57:49,Universal Studios Florida,Revenge of the Mummy™ Single Rider,0,True
2026-08-15 08:57:49,Universal Studios Florida,TRANSFORMERS™ The Ride-3D,0,False
2026-08-15 08:57:49,Universal Studios Florida,Fast & Furious - Supercharged™,0,False
2026-08-15 08:57:49,Universal Studios Florida,Fast & Furious - Supercharged™ Single Rider,0,True
2026-08-15 08:57:49,Universal Studios Florida,Harry Potter and the Escape from Gringotts™,0,False
2026-08-15 08:57:49,Universal Studios Florida,Harry Potter and the Escape from Gringotts™ Single Rider,0,True
2026-08-15 08:57:49,Universal Studios Florida,Hogwarts Express™ - King's Cross Station,0,False
2026-08-15 08:57:49,Universal Studios Florida,Hogwarts™ Express - First Train,0,False
2026-08-15 08:57:49,Universal Studios Florida,Hogwarts™ Express - Last Train,0,False
2026-08-15 08:57:49,Universal Studios Florida,Ollivanders™ Experience in Diagon Alley™,5,True
2026-08-15 08:57:49,Universal Studios Florida,Kang & Kodos' Twirl 'n' Hurl,0,False
2026-08-15 08:57:49,Universal Studios Florida,MEN IN BLACK™ Alien Attack!,0,False
2026-08-15 08:57:49,Universal Studios Florida,MEN IN BLACK™ Alien Attack!™ Single Rider,0,True
2026-08-15 08:57:49,Universal Studios Florida,The Simpsons Ride™,0,False
2026-08-15 08:57:49,Epic Universe,Constellation Carousel,0,False
2026-08-15 08:57:49,Epic Universe,Stardust Racers,0,False
2026-08-15 08:57:49,Epic Universe,Curse of the Werewolf,0,False
2026-08-15 08:57:49,Epic Universe,Curse of the Werewolf Single Rider,0,True
2026-08-15 08:57:49,Epic Universe,Monsters Unchained: The Frankenstein Experiment,0,False
2026-08-15 08:57:49,Epic Universe,Monsters Unchained: The Frankenstein Experiment Single Rider,0,True
2026-08-15 08:57:49,Epic Universe,Dragon Racer's Rally,0,False
2026-08-15 08:57:49,Epic Universe,Fyre Drill,0,False
2026-08-15 08:57:49,Epic Universe,Hiccup's Wing Gliders,0,False
2026-08-15 08:57:49,Epic Universe,Meet Toothless and Friends,35,True
2026-08-15 08:57:49,Epic Universe,Bowser Jr. Challenge,0,False
2026-08-15 08:57:49,Epic Universe,Mario Kart™: Bowser's Challenge,0,False
2026-08-15 08:57:49,Epic Universe,Mario Kart™: Bowser's Challenge Single Rider,0,True
2026-08-15 08:57:49,Epic Universe,Mine-Cart Madness™,0,False
2026-08-15 08:57:49,Epic Universe,Mine-Cart Madness™ Single Rider,0,True
2026-08-15 08:57:49,Epic Universe,Yoshi's Adventure™,0,False
2026-08-15 08:57:49,Epic Universe,Harry Potter and the Battle at the Ministry™,0,False
2026-08-15 08:57:49,Epic Universe,Harry Potter and the Battle at the Ministry™ Single Rider,0,True
2026-08-15 09:32:51,Islands of Adventure,Camp Jurassic™,0,False
2026-08-15 09:32:51,Islands of Adventure,Jurassic Park Discovery Center,0,False
2026-08-15 09:32:51,Islands of Adventure,Jurassic Park River Adventure,0,False
2026-08-15 09:32:51,Islands of Adventure,Jurassic World VelociCoaster,0,False
2026-08-15 09:32:51,Islands of Adventure,Pteranodon Flyers,0,False
2026-08-15 09:32:51,Islands of Adventure,Skull Island: Reign of Kong,0,False
2026-08-15 09:32:51,Islands of Adventure,Doctor Doom's Fearfall®,0,False
2026-08-15 09:32:51,Islands of Adventure,Doctor Doom's Fearfall® Single Rider,0,True
2026-08-15 09:32:51,Islands of Adventure,Storm Force Accelatron®,0,False
2026-08-15 09:32:51,Islands of Adventure,The Amazing Adventures of Spider-Man®,0,False
2026-08-15 09:32:51,Islands of Adventure,The Incredible Hulk Coaster®,0,False
2026-08-15 09:32:51,Islands of Adventure,The Incredible Hulk Coaster® Single Rider,0,True
2026-08-15 09:32:51,Islands of Adventure,Caro-Seuss-el™,0,False
2026-08-15 09:32:51,Islands of Adventure,If I Ran The Zoo™,0,False
2026-08-15 09:32:51,Islands of Adventure,"One Fish, Two Fish, Red Fish, Blue Fish™",0,False
2026-08-15 09:32:51,Islands of Adventure,The Cat in The Hat™,0,False
2026-08-15 09:32:51,Islands of Adventure,The High in the Sky Seuss Trolley Train Ride!™,0,False
2026-08-15 09:32:51,Islands of Adventure,Flight of the Hippogriff™,0,False
2026-08-15 09:32:51,Islands of Adventure,Hagrid's Magical Creatures Motorbike Adventure™,0,False
2026-08-15 09:32:51,Islands of Adventure,Hagrid's Magical Creatures Motorbike Adventure™ Single Rider,0,False
2026-08-15 09:32:51,Islands of Adventure,Harry Potter and the Forbidden Journey™,0,False
2026-08-15 09:32:51,Islands of Adventure,Harry Potter and the Forbidden Journey™ Single Rider,0,True
2026-08-15 09:32:51,Islands of Adventure,Hogwarts Express™ - Hogsmeade™ Station,0,False
2026-08-15 09:32:51,Islands of Adventure,Ollivanders™ Experience in Hogsmeade™,15,True
2026-08-15 09:32:51,Islands of Adventure,Dudley Do-Right's Ripsaw Falls®,0,False
2026-08-15 09:32:51,Islands of Adventure,"Me Ship, The Olive®",0,False
2026-08-15 09:32:51,Islands of Adventure,Popeye & Bluto's Bilge-Rat Barges®,0,False
2026-08-15 09:32:51,Universal Studios Florida,Trolls Trollercoaster,0,False
2026-08-15 09:32:51,Universal Studios Florida,E.T. Adventure,0,False
2026-08-15 09:32:51,Universal Studios Florida,Despicable Me Minion Mayhem™,0,False
2026-08-15 09:32:51,Universal Studios Florida,Illumination's Villain-Con Minion Blast,0,False
2026-08-15 09:32:51,Universal Studios Florida,Race Through New York Starring Jimmy Fallon™,0,False
2026-08-15 09:32:51,Universal Studios Florida,Revenge of the Mummy™,0,False
2026-08-15 09:32:51,Universal Studios Florida,Revenge of the Mummy™ Single Rider,0,True
2026-08-15 09:32:51,Universal Studios Florida,TRANSFORMERS™ The Ride-3D,0,False
2026-08-15 09:32:51,Universal Studios Florida,Fast & Furious - Supercharged™,0,False
2026-08-15 09:32:51,Universal Studios Florida,Fast & Furious - Supercharged™ Single Rider,0,True
2026-08-15 09:32:51,Universal Studios Florida,Harry Potter and the Escape from Gringotts™,0,False
2026-08-15 09:32:51,Universal Studios Florida,Harry Potter and the Escape from Gringotts™ Single Rider,0,True
2026-08-15 09:32:51,Universal Studios Florida,Hogwarts Express™ - King's Cross Station,0,False
2026-08-15 09:32:51,Universal Studios Florida,Hogwarts™ Express - First Train,0,False
2026-08-15 09:32:51,Universal Studios Florida,Hogwarts™ Express - Last Train,0,False
2026-08-15 09:32:51,Universal Studios Florida,Ollivanders™ Experience in Diagon Alley™,5,True
2026-08-15 09:32:51,Universal Studios Florida,Kang & Kodos' Twirl 'n' Hurl,0,False
2026-08-15 09:32:51,Universal Studios Florida,MEN IN BLACK™ Alien Attack!,0,False
2026-08-15 09:32:51,Universal Studios Florida,MEN IN BLACK™ Alien Attack!™ Single Rider,0,True
2026-08-15 09:32:51,Universal Studios Florida,The Simpsons Ride™,0,False
2026-08-15 09:32:51,Epic Universe,Constellation Carousel,0,False
2026-08-15 09:32:51,Epic Universe,Stardust Racers,0,False
2026-08-15 09:32:51,Epic Universe,Curse of the Werewolf,0,False
2026-08-15 09:32:51,Epic Universe,Curse of the Werewolf Single Rider,0,True
2026-08-15 09:32:51,Epic Universe,Monsters Unchained: The Frankenstein Experiment,0,False
2026-08-15 09:32:51,Epic Universe,Monsters Unchained: The Frankenstein Experiment Single Rider,0,True
2026-08-15 09:32:51,Epic Universe,Dragon Racer's Rally,0,False
2026-08-15 09:32:51,Epic Universe,Fyre Drill,0,False
2026-08-15 09:32:51,Epic Universe,Hiccup's Wing Gliders,0,False
2026-08-15 09:32:51,Epic Universe,Meet Toothless and Friends,35,True
2026-08-15 09:32:51,Epic Universe,Bowser Jr. Challenge,0,False
2026-08-15 09:32:51,Epic Universe,Mario Kart™: Bowser's Challenge,0,False
2026-08-15 09:32:51,Epic Universe,Mario Kart™: Bowser's Challenge Single Rider,0,True
2026-08-15 09:32:51,Epic Universe,Mine-Cart Madness™,0,False
2026-08-15 09:32:51,Epic Universe,Mine-Cart Madness™ Single Rider,0,True
2026-08-15 09:32:51,Epic Universe,Yoshi's Adventure™,0,False
2026-08-15 09:32:51,Epic Universe,Harry Potter and the Battle at the Ministry™,0,False
2026-08-15 09:32:51,Epic Universe,Harry Potter and the Battle at the Ministry™ Single Rider,0,True
2026-08-15 09:58:56,Islands of Adventure,Camp Jurassic™,0,False
2026-08-15 09:58:56,Islands of Adventure,Jurassic Park Discovery Center,0,False
2026-08-15 09:58:56,Islands of Adventure,Jurassic Park River Adventure,0,False
2026-08-15 09:58:56,Islands of Adventure,Jurassic World VelociCoaster,0,False
2026-08-15 09:58:56,Islands of Adventure,Pteranodon Flyers,0,False
2026-08-15 09:58:56,Islands of Adventure,Skull Island: Reign of Kong,0,False
2026-08-15 09:58:56,Islands of Adventure,Doctor Doom's Fearfall®,0,False
2026-08-15 09:58:56,Islands of Adventure,Doctor Doom's Fearfall® Single Rider,0,True
2026-08-15 09:58:56,Islands of Adventure,Storm Force Accelatron®,0,False
2026-08-15 09:58:56,Islands of Adventure,The Amazing Adventures of Spider-Man®,0,False
2026-08-15 09:58:56,Islands of Adventure,The Incredible Hulk Coaster®,0,False
2026-08-15 09:58:56,Islands of Adventure,The Incredible Hulk Coaster® Single Rider,0,True
2026-08-15 09:58:56,Islands of Adventure,Caro-Seuss-el™,0,False
2026-08-15 09:58:56,Islands of Adventure,If I Ran The Zoo™,0,False
2026-08-15 09:58:56,Islands of Adventure,"One Fish, Two Fish, Red Fish, Blue Fish™",0,False
2026-08-15 09:58:56,Islands of Adventure,The Cat in The Hat™,0,False
2026-08-15 09:58:56,Islands of Adventure,The High in the Sky Seuss Trolley Train Ride!™,0,False
2026-08-15 09:58:56,Islands of Adventure,Flight of the Hippogriff™,0,False
2026-08-15 09:58:56,Islands of Adventure,Hagrid's Magical Creatures Motorbike Adventure™,0,False
2026-08-15 09:58:56,Islands of Adventure,Hagrid's Magical Creatures Motorbike Adventure™ Single Rider,0,False
2026-08-15 09:58:56,Islands of Adventure,Harry Potter and the Forbidden Journey™,0,False
2026-08-15 09:58:56,Islands of Adventure,Harry Potter and the Forbidden Journey™ Single Rider,0,True
2026-08-15 09:58:56,Islands of Adventure,Hogwarts Express™ - Hogsmeade™ Station,0,False
2026-08-15 09:58:56,Islands of Adventure,Ollivanders™ Experience in Hogsmeade™,15,True
2026-08-15 09:58:56,Islands of Adventure,Dudley Do-Right's Ripsaw Falls®,0,False
2026-08-15 09:58:56,Islands of Adventure,"Me Ship, The Olive®",0,False
2026-08-15 09:58:56,Islands of Adventure,Popeye & Bluto's Bilge-Rat Barges®,0,False
2026-08-15 09:58:56,Universal Studios Florida,Trolls Trollercoaster,0,False
2026-08-15 09:58:56,Universal Studios Florida,E.T. Adventure,0,False
2026-08-15 09:58:56,Universal Studios Florida,Despicable Me Minion Mayhem™,0,False
2026-08-15 09:58:56,Universal Studios Florida,Illumination's Villain-Con Minion Blast,0,False
2026-08-15 09:58:56,Universal Studios Florida,Race Through New York Starring Jimmy Fallon™,0,False
2026-08-15 09:58:56,Universal Studios Florida,Revenge of the Mummy™,0,False
2026-08-15 09:58:56,Universal Studios Florida,Revenge of the Mummy™ Single Rider,0,True
2026-08-15 09:58:56,Universal Studios Florida,TRANSFORMERS™ The Ride-3D,0,False
2026-08-15 09:58:56,Universal Studios Florida,Fast & Furious - Supercharged™,0,False
2026-08-15 09:58:56,Universal Studios Florida,Fast & Furious - Supercharged™ Single Rider,0,True
2026-08-15 09:58:56,Universal Studios Florida,Harry Potter and the Escape from Gringotts™,0,False
2026-08-15 09:58:56,Universal Studios Florida,Harry Potter and the Escape from Gringotts™ Single Rider,0,True
2026-08-15 09:58:56,Universal Studios Florida,Hogwarts Express™ - King's Cross Station,0,False
2026-08-15 09:58:56,Universal Studios Florida,Hogwarts™ Express - First Train,0,False
2026-08-15 09:58:56,Universal Studios Florida,Hogwarts™ Express - Last Train,0,False
2026-08-15 09:58:56,Universal Studios Florida,Ollivanders™ Experience in Diagon Alley™,5,True
2026-08-15 09:58:56,Universal Studios Florida,Kang & Kodos' Twirl 'n' Hurl,0,False
2026-08-15 09:58:56,Universal Studios Florida,MEN IN BLACK™ Alien Attack!,0,False
2026-08-15 09:58:56,Universal Studios Florida,MEN IN BLACK™ Alien Attack!™ Single Rider,0,True
2026-08-15 09:58:56,Universal Studios Florida,The Simpsons Ride™,0,False
2026-08-15 09:58:56,Epic Universe,Constellation Carousel,0,False
2026-08-15 09:58:56,Epic Universe,Stardust Racers,0,False
2026-08-15 09:58:56,Epic Universe,Curse of the Werewolf,0,False
2026-08-15 09:58:56,Epic Universe,Curse of the Werewolf Single Rider,0,True
2026-08-15 09:58:56,Epic Universe,Monsters Unchained: The Frankenstein Experiment,0,False
2026-08-15 09:58:56,Epic Universe,Monsters Unchained: The Frankenstein Experiment Single Rider,0,True
2026-08-15 09:58:56,Epic Universe,Dragon Racer's Rally,0,False
2026-08-15 09:58:56,Epic Universe,Fyre Drill,0,False
2026-08-15 09:58:56,Epic Universe,Hiccup's Wing Gliders,0,False
2026-08-15 09:58:56,Epic Universe,Meet Toothless and Friends,35,True
2026-08-15 09:58:56,Epic Universe,Bowser Jr. Challenge,0,False
2026-08-15 09:58:56,Epic Universe,Mario Kart™: Bowser's Challenge,0,False
2026-08-15 09:58:56,Epic Universe,Mario Kart™: Bowser's Challenge Single Rider,0,True
2026-08-15 09:58:56,Epic Universe,Mine-Cart Madness™,0,False
2026-08-15 09:58:56,Epic Universe,Mine-Cart Madness™ Single Rider,0,True
2026-08-15 09:58:56,Epic Universe,Yoshi's Adventure™,0,False
2026-08-15 09:58:56,Epic Universe,Harry Potter and the Battle at the Ministry™,0,False
2026-08-15 09:58:56,Epic Universe,Harry Potter and the Battle at the Ministry™ Single Rider,0,True
2026-08-15 10:31:32,Islands of Adventure,Camp Jurassic™,0,False
2026-08-15 10:31:32,Islands of Adventure,Jurassic Park Discovery Center,0,False
2026-08-15 10:31:32,Islands of Adventure,Jurassic Park River Adventure,0,False
2026-08-15 10:31:32,Islands of Adventure,Jurassic World VelociCoaster,0,False
2026-08-15 10:31:32,Islands of Adventure,Pteranodon Flyers,0,False
2026-08-15 10:31:32,Islands of Adventure,Skull Island: Reign of Kong,0,False
2026-08-15 10:31:32,Islands of Adventure,Doctor Doom's Fearfall®,0,False
2026-08-15 10:31:32,Islands of Adventure,Doctor Doom's Fearfall® Single Rider,0,True
2026-08-15 10:31:32,Islands of Adventure,Storm Force Accelatron®,0,False
2026-08-15 10:31:32,Islands of Adventure,The Amazing Adventures of Spider-Man®,0,False
2026-08-15 10:31:32,Islands of Adventure,The Incredible Hulk Coaster®,0,False
2026-08-15 10:31:32,Islands of Adventure,The Incredible Hulk Coaster® Single Rider,0,True
2026-08-15 10:31:32,Islands of Adventure,Caro-Seuss-el™,0,False
2026-08-15 10:31:32,Islands of Adventure,If I Ran The Zoo™,0,False
2026-08-15 10:31:32,Islands of Adventure,"One Fish, Two Fish, Red Fish, Blue Fish™",0,False
2026-08-15 10:31:32,Islands of Adventure,The Cat in The Hat™,0,False
2026-08-15 10:31:32,Islands of Adventure,The High in the Sky Seuss Trolley Train Ride!™,0,False
2026-08-15 10:31:32,Islands of Adventure,Flight of the Hippogriff™,0,False
2026-08-15 10:31:32,Islands of Adventure,Hagrid's Magical Creatures Motorbike Adventure™,0,False
2026-08-15 10:31:32,Islands of Adventure,Hagrid's Magical Creatures Motorbike Adventure™ Single Rider,0,False
2026-08-15 10:31:32,Islands of Adventure,Harry Potter and the Forbidden Journey™,0,False
2026-08-15 10:31:32,Islands of Adventure,Harry Potter and the Forbidden Journey™ Single Rider,0,True
2026-08-15 10:31:32,Islands of Adventure,Hogwarts Express™ - Hogsmeade™ Station,0,False
2026-08-15 10:31:32,Islands of Adventure,Ollivanders™ Experience in Hogsmeade™,15,True
2026-08-15 10:31:32,Islands of Adventure,Dudley Do-Right's Ripsaw Falls®,0,False
2026-08-15 10:31:32,Islands of Adventure,"Me Ship, The Olive®",0,False
2026-08-15 10:31:32,Islands of Adventure,Popeye & Bluto's Bilge-Rat Barges®,0,False
2026-08-15 10:31:32,Universal Studios Florida,Trolls Trollercoaster,0,False
2026-08-15 10:31:32,Universal Studios Florida,E.T. Adventure,0,False
2026-08-15 10:31:32,Universal Studios Florida,Despicable Me Minion Mayhem™,0,False
2026-08-15 10:31:32,Universal Studios Florida,Illumination's Villain-Con Minion Blast,0,False
2026-08-15 10:31:32,Universal Studios Florida,Race Through New York Starring Jimmy Fallon™,0,False
2026-08-15 10:31:32,Universal Studios Florida,Revenge of the Mummy™,0,False
2026-08-15 10:31:32,Universal Studios Florida,Revenge of the Mummy™ Single Rider,0,True
2026-08-15 10:31:32,Universal Studios Florida,TRANSFORMERS™ The Ride-3D,0,False
2026-08-15 10:31:32,Universal Studios Florida,Fast & Furious - Supercharged™,0,False
2026-08-15 10:31:32,Universal Studios Florida,Fast & Furious - Supercharged™ Single Rider,0,True
2026-08-15 10:31:32,Universal Studios Florida,Harry Potter and the Escape from Gringotts™,0,False
2026-08-15 10:31:32,Universal Studios Florida,Harry Potter and the Escape from Gringotts™ Single Rider,0,True
2026-08-15 10:31:32,Universal Studios Florida,Hogwarts Express™ - King's Cross Station,0,False
2026-08-15 10:31:32,Universal Studios Florida,Hogwarts™ Express - First Train,0,False
2026-08-15 10:31:32,Universal Studios Florida,Hogwarts™ Express - Last Train,0,False
2026-08-15 10:31:32,Universal Studios Florida,Ollivanders™ Experience in Diagon Alley™,5,True
2026-08-15 10:31:32,Universal Studios Florida,Kang & Kodos' Twirl 'n' Hurl,0,False
2026-08-15 10:31:32,Universal Studios Florida,MEN IN BLACK™ Alien Attack!,0,False
2026-08-15 10:31:32,Universal Studios Florida,MEN IN BLACK™ Alien Attack!™ Single Rider,0,True
2026-08-15 10:31:32,Universal Studios Florida,The Simpsons Ride™,0,False
2026-08-15 10:31:32,Epic Universe,Constellation Carousel,0,False
2026-08-15 10:31:32,Epic Universe,Stardust Racers,0,False
2026-08-15 10:31:32,Epic Universe,Curse of the Werewolf,0,False
2026-08-15 10:31:32,Epic Universe,Curse of the Werewolf Single Rider,0,True
2026-08-15 10:31:32,Epic Universe,Monsters Unchained: The Frankenstein Experiment,0,False
2026-08-15 10:31:32,Epic Universe,Monsters Unchained: The Frankenstein Experiment Single Rider,0,True
2026-08-15 10:31:32,Epic Universe,Dragon Racer's Rally,0,False
2026-08-15 10:31:32,Epic Universe,Fyre Drill,0,False
2026-08-15 10:31:32,Epic Universe,Hiccup's Wing Gliders,0,False
2026-08-15 10:31:32,Epic Universe,Meet Toothless and Friends,35,True
2026-08-15 10:31:32,Epic Universe,Bowser Jr. Challenge,0,False
2026-08-15 10:31:32,Epic Universe,Mario Kart™: Bowser's Challenge,0,False
2026-08-15 10:31:32,Epic Universe,Mario Kart™: Bowser's Challenge Single Rider,0,True
2026-08-15 10:31:32,Epic Universe,Mine-Cart Madness™,0,False
2026-08-15 10:31:32,Epic Universe,Mine-Cart Madness™ Single Rider,0,True
2026-08-15 10:31:32,Epic Universe,Yoshi's Adventure™,0,False
2026-08-15 10:31:32,Epic Universe,Harry Potter and the Battle at the Ministry™,0,False
2026-08-15 10:31:32,Epic Universe,Harry Potter and the Battle at the Ministry™ Single Rider,0,True
2026-08-15 10:59:12,Islands of Adventure,Camp Jurassic™,0,False
2026-08-15 10:59:12,Islands of Adventure,Jurassic Park Discovery Center,0,False
2026-08-15 10:59:12,Islands of Adventure,Jurassic Park River Adventure,0,False
2026-08-15 10:59:12,Islands of Adventure,Jurassic World VelociCoaster,0,False
2026-08-15 10:59:12,Islands of Adventure,Pteranodon Flyers,0,False
2026-08-15 10:59:12,Islands of Adventure,Skull Island: Reign of Kong,0,False
2026-08-15 10:59:12,Islands of Adventure,Doctor Doom's Fearfall®,0,False
2026-08-15 10:59:12,Islands of Adventure,Doctor Doom's Fearfall® Single Rider,0,True
2026-08-15 10:59:12,Islands of Adventure,Storm Force Accelatron®,0,False
2026-08-15 10:59:12,Islands of Adventure,The Amazing Adventures of Spider-Man®,0,False
2026-08-15 10:59:12,Islands of Adventure,The Incredible Hulk Coaster®,0,False
2026-08-15 10:59:12,Islands of Adventure,The Incredible Hulk Coaster® Single Rider,0,True
2026-08-15 10:59:12,Islands of Adventure,Caro-Seuss-el™,0,False
2026-08-15 10:59:12,Islands of Adventure,If I Ran The Zoo™,0,False
2026-08-15 10:59:12,Islands of Adventure,"One Fish, Two Fish, Red Fish, Blue Fish™",0,False
2026-08-15 10:59:12,Islands of Adventure,The Cat in The Hat™,0,False
2026-08-15 10:59:12,Islands of Adventure,The High in the Sky Seuss Trolley Train Ride!™,0,False
2026-08-15 10:59:12,Islands of Adventure,Flight of the Hippogriff™,0,False
2026-08-15 10:59:12,Islands of Adventure,Hagrid's Magical Creatures Motorbike Adventure™,0,False
2026-08-15 10:59:12,Islands of Adventure,Hagrid's Magical Creatures Motorbike Adventure™ Single Rider,0,False
2026-08-15 10:59:12,Islands of Adventure,Harry Potter and the Forbidden Journey™,0,False
2026-08-15 10:59:12,Islands of Adventure,Harry Potter and the Forbidden Journey™ Single Rider,0,True
2026-08-15 10:59:12,Islands of Adventure,Hogwarts Express™ - Hogsmeade™ Station,0,False
2026-08-15 10:59:12,Islands of Adventure,Ollivanders™ Experience in Hogsmeade™,15,True
2026-08-15 10:59:12,Islands of Adventure,Dudley Do-Right's Ripsaw Falls®,0,False
2026-08-15 10:59:12,Islands of Adventure,"Me Ship, The Olive®",0,False
2026-08-15 10:59:12,Islands of Adventure,Popeye & Bluto's Bilge-Rat Barges®,0,False
2026-08-15 10:59:12,Universal Studios Florida,Trolls Trollercoaster,0,False
2026-08-15 10:59:12,Universal Studios Florida,E.T. Adventure,0,False
2026-08-15 10:59:12,Universal Studios Florida,Despicable Me Minion Mayhem™,0,False
2026-08-15 10:59:12,Universal Studios Florida,Illumination's Villain-Con Minion Blast,0,False
2026-08-15 10:59:12,Universal Studios Florida,Race Through New York Starring Jimmy Fallon™,0,False
2026-08-15 10:59:12,Universal Studios Florida,Revenge of the Mummy™,0,False
2026-08-15 10:59:12,Universal Studios Florida,Revenge of the Mummy™ Single Rider,0,True
2026-08-15 10:59:12,Universal Studios Florida,TRANSFORMERS™ The Ride-3D,0,False
2026-08-15 10:59:12,Universal Studios Florida,Fast & Furious - Supercharged™,0,False
2026-08-15 10:59:12,Universal Studios Florida,Fast & Furious - Supercharged™ Single Rider,0,True
2026-08-15 10:59:12,Universal Studios Florida,Harry Potter and the Escape from Gringotts™,0,False
2026-08-15 10:59:12,Universal Studios Florida,Harry Potter and the Escape from Gringotts™ Single Rider,0,True
2026-08-15 10:59:12,Universal Studios Florida,Hogwarts Express™ - King's Cross Station,0,False
2026-08-15 10:59:12,Universal Studios Florida,Hogwarts™ Express - First Train,0,False
2026-08-15 10:59:12,Universal Studios Florida,Hogwarts™ Express - Last Train,0,False
2026-08-15 10:59:12,Universal Studios Florida,Ollivanders™ Experience in Diagon Alley™,5,True
2026-08-15 10:59:12,Universal Studios Florida,Kang & Kodos' Twirl 'n' Hurl,0,False
2026-08-15 10:59:12,Universal Studios Florida,MEN IN BLACK™ Alien Attack!,0,False
2026-08-15 10:59:12,Universal Studios Florida,MEN IN BLACK™ Alien Attack!™ Single Rider,0,True
2026-08-15 10:59:12,Universal Studios Florida,The Simpsons Ride™,0,False
2026-08-15 10:59:12,Epic Universe,Constellation Carousel,0,False
2026-08-15 10:59:12,Epic Universe,Stardust Racers,0,False
2026-08-15 10:59:12,Epic Universe,Curse of the Werewolf,0,False
2026-08-15 10:59:12,Epic Universe,Curse of the Werewolf Single Rider,0,True
2026-08-15 10:59:12,Epic Universe,Monsters Unchained: The Frankenstein Experiment,0,False
2026-08-15 10:59:12,Epic Universe,Monsters Unchained: The Frankenstein Experiment Single Rider,0,True
2026-08-15 10:59:12,Epic Universe,Dragon Racer's Rally,0,False
2026-08-15 10:59:12,Epic Universe,Fyre Drill,0,False
2026-08-15 10:59:12,Epic Universe,Hiccup's Wing Gliders,0,False
2026-08-15 10:59:12,Epic Universe,Meet Toothless and Friends,35,True
2026-08-15 10:59:12,Epic Universe,Bowser Jr. Challenge,0,False
2026-08-15 10:59:12,Epic Universe,Mario Kart™: Bowser's Challenge,0,False
2026-08-15 10:59:12,Epic Universe,Mario Kart™: Bowser's Challenge Single Rider,0,True
2026-08-15 10:59:12,Epic Universe,Mine-Cart Madness™,0,False
2026-08-15 10:59:12,Epic Universe,Mine-Cart Madness™ Single Rider,0,True
2026-08-15 10:59:12,Epic Universe,Yoshi's Adventure™,0,False
2026-08-15 10:59:12,Epic Universe,Harry Potter and the Battle at the Ministry™,0,False
2026-08-15 10:59:12,Epic Universe,Harry Potter and the Battle at the Ministry™ Single Rider,0,True
2026-08-15 11:28:22,Islands of Adventure,Camp Jurassic™,0,False
2026-08-15 11:28:22,Islands of Adventure,Jurassic Park Discovery Center,0,False
2026-08-15 11:28:22,Islands of Adventure,Jurassic Park River Adventure,0,False
2026-08-15 11:28:22,Islands of Adventure,Jurassic World VelociCoaster,0,False
2026-08-15 11:28:22,Islands of Adventure,Pteranodon Flyers,0,False
2026-08-15 11:28:22,Islands of Adventure,Skull Island: Reign of Kong,0,False
2026-08-15 11:28:22,Islands of Adventure,Doctor Doom's Fearfall®,0,False
2026-08-15 11:28:22,Islands of Adventure,Doctor Doom's Fearfall® Single Rider,0,True
2026-08-15 11:28:22,Islands of Adventure,Storm Force Accelatron®,0,False
2026-08-15 11:28:22,Islands of Adventure,The Amazing Adventures of Spider-Man®,0,False
2026-08-15 11:28:22,Islands of Adventure,The Incredible Hulk Coaster®,0,False
2026-08-15 11:28:22,Islands of Adventure,The Incredible Hulk Coaster® Single Rider,0,True
2026-08-15 11:28:22,Islands of Adventure,Caro-Seuss-el™,0,False
2026-08-15 11:28:22,Islands of Adventure,If I Ran The Zoo™,0,False
2026-08-15 11:28:22,Islands of Adventure,"One Fish, Two Fish, Red Fish, Blue Fish™",0,False
2026-08-15 11:28:22,Islands of Adventure,The Cat in The Hat™,0,False
2026-08-15 11:28:22,Islands of Adventure,The High in the Sky Seuss Trolley Train Ride!™,0,False
2026-08-15 11:28:22,Islands of Adventure,Flight of the Hippogriff™,0,False
2026-08-15 11:28:22,Islands of Adventure,Hagrid's Magical Creatures Motorbike Adventure™,0,False
2026-08-15 11:28:22,Islands of Adventure,Hagrid's Magical Creatures Motorbike Adventure™ Single Rider,0,False
2026-08-15 11:28:22,Islands of Adventure,Harry Potter and the Forbidden Journey™,0,False
2026-08-15 11:28:22,Islands of Adventure,Harry Potter and the Forbidden Journey™ Single Rider,0,True
2026-08-15 11:28:22,Islands of Adventure,Hogwarts Express™ - Hogsmeade™ Station,0,False
2026-08-15 11:28:22,Islands of Adventure,Ollivanders™ Experience in Hogsmeade™,15,True
2026-08-15 11:28:22,Islands of Adventure,Dudley Do-Right's Ripsaw Falls®,0,False
2026-08-15 11:28:22,Islands of Adventure,"Me Ship, The Olive®",0,False
2026-08-15 11:28:22,Islands of Adventure,Popeye & Bluto's Bilge-Rat Barges®,0,False
2026-08-15 11:28:22,Universal Studios Florida,Trolls Trollercoaster,0,False
2026-08-15 11:28:22,Universal Studios Florida,E.T. Adventure,0,False
2026-08-15 11:28:22,Universal Studios Florida,Despicable Me Minion Mayhem™,0,False
2026-08-15 11:28:22,Universal Studios Florida,Illumination's Villain-Con Minion Blast,0,False
2026-08-15 11:28:22,Universal Studios Florida,Race Through New York Starring Jimmy Fallon™,0,False
2026-08-15 11:28:22,Universal Studios Florida,Revenge of the Mummy™,0,False
2026-08-15 11:28:22,Universal Studios Florida,Revenge of the Mummy™ Single Rider,0,True
2026-08-15 11:28:22,Universal Studios Florida,TRANSFORMERS™ The Ride-3D,0,False
2026-08-15 11:28:22,Universal Studios Florida,Fast & Furious - Supercharged™,0,False
2026-08-15 11:28:22,Universal Studios Florida,Fast & Furious - Supercharged™ Single Rider,0,True
2026-08-15 11:28:22,Universal Studios Florida,Harry Potter and the Escape from Gringotts™,0,False
2026-08-15 11:28:22,Universal Studios Florida,Harry Potter and the Escape from Gringotts™ Single Rider,0,True
2026-08-15 11:28:22,Universal Studios Florida,Hogwarts Express™ - King's Cross Station,0,False
2026-08-15 11:28:22,Universal Studios Florida,Hogwarts™ Express - First Train,0,False
2026-08-15 11:28:22,Universal Studios Florida,Hogwarts™ Express - Last Train,0,False
2026-08-15 11:28:22,Universal Studios Florida,Ollivanders™ Experience in Diagon Alley™,5,True
2026-08-15 11:28:22,Universal Studios Florida,Kang & Kodos' Twirl 'n' Hurl,0,False
2026-08-15 11:28:22,Universal Studios Florida,MEN IN BLACK™ Alien Attack!,0,False
2026-08-15 11:28:22,Universal Studios Florida,MEN IN BLACK™ Alien Attack!™ Single Rider,0,True
2026-08-15 11:28:22,Universal Studios Florida,The Simpsons Ride™,0,False
2026-08-15 11:28:22,Epic Universe,Constellation Carousel,0,False
2026-08-15 11:28:22,Epic Universe,Stardust Racers,0,False
2026-08-15 11:28:22,Epic Universe,Curse of the Werewolf,0,False
2026-08-15 11:28:22,Epic Universe,Curse of the Werewolf Single Rider,0,True
2026-08-15 11:28:22,Epic Universe,Monsters Unchained: The Frankenstein Experiment,0,False
2026-08-15 11:28:22,Epic Universe,Monsters Unchained: The Frankenstein Experiment Single Rider,0,True
2026-08-15 11:28:22,Epic Universe,Dragon Racer's Rally,0,False
2026-08-15 11:28:22,Epic Universe,Fyre Drill,0,False
2026-08-15 11:28:22,Epic Universe,Hiccup's Wing Gliders,0,False
2026-08-15 11:28:22,Epic Universe,Meet Toothless and Friends,35,True
2026-08-15 11:28:22,Epic Universe,Bowser Jr. Challenge,0,False
2026-08-15 11:28:22,Epic Universe,Mario Kart™: Bowser's Challenge,0,False
2026-08-15 11:28:22,Epic Universe,Mario Kart™: Bowser's Challenge Single Rider,0,True
2026-08-15 11:28:22,Epic Universe,Mine-Cart Madness™,0,False
2026-08-15 11:28:22,Epic Universe,Mine-Cart Madness™ Single Rider,0,True
2026-08-15 11:28:22,Epic Universe,Yoshi's Adventure™,0,False
2026-08-15 11:28:22,Epic Universe,Harry Potter and the Battle at the Ministry™,0,False
2026-08-15 11:28:22,Epic Universe,Harry Potter and the Battle at the Ministry™ Single Rider,0,True
2026-08-15 11:48:33,Islands of Adventure,Camp Jurassic™,0,False
2026-08-15 11:48:33,Islands of Adventure,Jurassic Park Discovery Center,0,False
2026-08-15 11:48:33,Islands of Adventure,Jurassic Park River Adventure,0,False
2026-08-15 11:48:33,Islands of Adventure,Jurassic World VelociCoaster,0,False
2026-08-15 11:48:33,Islands of Adventure,Pteranodon Flyers,0,False
2026-08-15 11:48:33,Islands of Adventure,Skull Island: Reign of Kong,0,False
2026-08-15 11:48:33,Islands of Adventure,Doctor Doom's Fearfall®,0,False
2026-08-15 11:48:33,Islands of Adventure,Doctor Doom's Fearfall® Single Rider,0,True
2026-08-15 11:48:33,Islands of Adventure,Storm Force Accelatron®,0,False
2026-08-15 11:48:33,Islands of Adventure,The Amazing Adventures of Spider-Man®,0,False
2026-08-15 11:48:33,Islands of Adventure,The Incredible Hulk Coaster®,0,False
2026-08-15 11:48:33,Islands of Adventure,The Incredible Hulk Coaster® Single Rider,0,True
2026-08-15 11:48:33,Islands of Adventure,Caro-Seuss-el™,0,False
2026-08-15 11:48:33,Islands of Adventure,If I Ran The Zoo™,0,False
2026-08-15 11:48:33,Islands of Adventure,"One Fish, Two Fish, Red Fish, Blue Fish™",0,False
2026-08-15 11:48:33,Islands of Adventure,The Cat in The Hat™,0,False
2026-08-15 11:48:33,Islands of Adventure,The High in the Sky Seuss Trolley Train Ride!™,0,False
2026-08-15 11:48:33,Islands of Adventure,Flight of the Hippogriff™,0,False
2026-08-15 11:48:33,Islands of Adventure,Hagrid's Magical Creatures Motorbike Adventure™,0,False
2026-08-15 11:48:33,Islands of Adventure,Hagrid's Magical Creatures Motorbike Adventure™ Single Rider,0,False
2026-08-15 11:48:33,Islands of Adventure,Harry Potter and the Forbidden Journey™,0,False
2026-08-15 11:48:33,Islands of Adventure,Harry Potter and the Forbidden Journey™ Single Rider,0,True
2026-08-15 11:48:33,Islands of Adventure,Hogwarts Express™ - Hogsmeade™ Station,0,False
2026-08-15 11:48:33,Islands of Adventure,Ollivanders™ Experience in Hogsmeade™,15,True
2026-08-15 11:48:33,Islands of Adventure,Dudley Do-Right's Ripsaw Falls®,0,False
2026-08-15 11:48:33,Islands of Adventure,"Me Ship, The Olive®",0,False
2026-08-15 11:48:33,Islands of Adventure,Popeye & Bluto's Bilge-Rat Barges®,0,False
2026-08-15 11:48:33,Universal Studios Florida,Trolls Trollercoaster,0,False
2026-08-15 11:48:33,Universal Studios Florida,E.T. Adventure,0,False
2026-08-15 11:48:33,Universal Studios Florida,Despicable Me Minion Mayhem™,0,False
2026-08-15 11:48:33,Universal Studios Florida,Illumination's Villain-Con Minion Blast,0,False
2026-08-15 11:48:33,Universal Studios Florida,Race Through New York Starring Jimmy Fallon™,0,False
2026-08-15 11:48:33,Universal Studios Florida,Revenge of the Mummy™,0,False
2026-08-15 11:48:33,Universal Studios Florida,Revenge of the Mummy™ Single Rider,0,True
2026-08-15 11:48:33,Universal Studios Florida,TRANSFORMERS™ The Ride-3D,0,False
2026-08-15 11:48:33,Universal Studios Florida,Fast & Furious - Supercharged™,0,False
2026-08-15 11:48:33,Universal Studios Florida,Fast & Furious - Supercharged™ Single Rider,0,True
2026-08-15 11:48:33,Universal Studios Florida,Harry Potter and the Escape from Gringotts™,0,False
2026-08-15 11:48:33,Universal Studios Florida,Harry Potter and the Escape from Gringotts™ Single Rider,0,True
2026-08-15 11:48:33,Universal Studios Florida,Hogwarts Express™ - King's Cross Station,0,False
2026-08-15 11:48:33,Universal Studios Florida,Hogwarts™ Express - First Train,0,False
2026-08-15 11:48:33,Universal Studios Florida,Hogwarts™ Express - Last Train,0,False
2026-08-15 11:48:33,Universal Studios Florida,Ollivanders™ Experience in Diagon Alley™,5,True
2026-08-15 11:48:33,Universal Studios Florida,Kang & Kodos' Twirl 'n' Hurl,0,False
2026-08-15 11:48:33,Universal Studios Florida,MEN IN BLACK™ Alien Attack!,0,False
2026-08-15 11:48:33,Universal Studios Florida,MEN IN BLACK™ Alien Attack!™ Single Rider,0,True
2026-08-15 11:48:33,Universal Studios Florida,The Simpsons Ride™,0,False
2026-08-15 11:48:33,Epic Universe,Constellation Carousel,0,False
2026-08-15 11:48:33,Epic Universe,Stardust Racers,0,False
2026-08-15 11:48:33,Epic Universe,Curse of the Werewolf,0,False
2026-08-15 11:48:33,Epic Universe,Curse of the Werewolf Single Rider,0,True
2026-08-15 11:48:33,Epic Universe,Monsters Unchained: The Frankenstein Experiment,0,False
2026-08-15 11:48:33,Epic Universe,Monsters Unchained: The Frankenstein Experiment Single Rider,0,True
2026-08-15 11:48:33,Epic Universe,Dragon Racer's Rally,0,False
2026-08-15 11:48:33,Epic Universe,Fyre Drill,0,False
2026-08-15 11:48:33,Epic Universe,Hiccup's Wing Gliders,0,False
2026-08-15 11:48:33,Epic Universe,Meet Toothless and Friends,35,True
2026-08-15 11:48:33,Epic Universe,Bowser Jr. Challenge,0,False
2026-08-15 11:48:33,Epic Universe,Mario Kart™: Bowser's Challenge,0,False
2026-08-15 11:48:33,Epic Universe,Mario Kart™: Bowser's Challenge Single Rider,0,True
2026-08-15 11:48:33,Epic Universe,Mine-Cart Madness™,0,False
2026-08-15 11:48:33,Epic Universe,Mine-Cart Madness™ Single Rider,0,True
2026-08-15 11:48:33,Epic Universe,Yoshi's Adventure™,5,True
2026-08-15 11:48:33,Epic Universe,Harry Potter and the Battle at the Ministry™,0,False
2026-08-15 11:48:33,Epic Universe,Harry Potter and the Battle at the Ministry™ Single Rider,0,True
2026-08-15 12:38:36,Islands of Adventure,Camp Jurassic™,0,False
2026-08-15 12:38:36,Islands of Adventure,Jurassic Park Discovery Center,0,False
2026-08-15 12:38:36,Islands of Adventure,Jurassic Park River Adventure,0,False
2026-08-15 12:38:36,Islands of Adventure,Jurassic World VelociCoaster,25,True
2026-08-15 12:38:36,Islands of Adventure,Pteranodon Flyers,0,False
2026-08-15 12:38:36,Islands of Adventure,Skull Island: Reign of Kong,0,False
2026-08-15 12:38:36,Islands of Adventure,Doctor Doom's Fearfall®,0,False
2026-08-15 12:38:36,Islands of Adventure,Doctor Doom's Fearfall® Single Rider,0,True
2026-08-15 12:38:36,Islands of Adventure,Storm Force Accelatron®,0,False
2026-08-15 12:38:36,Islands of Adventure,The Amazing Adventures of Spider-Man®,0,False
2026-08-15 12:38:36,Islands of Adventure,The Incredible Hulk Coaster®,0,False
2026-08-15 12:38:36,Islands of Adventure,The Incredible Hulk Coaster® Single Rider,0,True
2026-08-15 12:38:36,Islands of Adventure,Caro-Seuss-el™,0,False
2026-08-15 12:38:36,Islands of Adventure,If I Ran The Zoo™,0,False
2026-08-15 12:38:36,Islands of Adventure,"One Fish, Two Fish, Red Fish, Blue Fish™",0,False
2026-08-15 12:38:36,Islands of Adventure,The Cat in The Hat™,0,False
2026-08-15 12:38:36,Islands of Adventure,The High in the Sky Seuss Trolley Train Ride!™,0,False
2026-08-15 12:38:36,Islands of Adventure,Flight of the Hippogriff™,5,True
2026-08-15 12:38:36,Islands of Adventure,Hagrid's Magical Creatures Motorbike Adventure™,100,True
2026-08-15 12:38:36,Islands of Adventure,Hagrid's Magical Creatures Motorbike Adventure™ Single Rider,0,False
2026-08-15 12:38:36,Islands of Adventure,Harry Potter and the Forbidden Journey™,10,True
2026-08-15 12:38:36,Islands of Adventure,Harry Potter and the Forbidden Journey™ Single Rider,0,True
2026-08-15 12:38:36,Islands of Adventure,Hogwarts Express™ - Hogsmeade™ Station,0,False
2026-08-15 12:38:36,Islands of Adventure,Ollivanders™ Experience in Hogsmeade™,10,True
2026-08-15 12:38:36,Islands of Adventure,Dudley Do-Right's Ripsaw Falls®,0,False
2026-08-15 12:38:36,Islands of Adventure,"Me Ship, The Olive®",0,False
2026-08-15 12:38:36,Islands of Adventure,Popeye & Bluto's Bilge-Rat Barges®,0,False
2026-08-15 12:38:36,Universal Studios Florida,Trolls Trollercoaster,0,False
2026-08-15 12:38:36,Universal Studios Florida,E.T. Adventure,0,False
2026-08-15 12:38:36,Universal Studios Florida,Despicable Me Minion Mayhem™,0,False
2026-08-15 12:38:36,Universal Studios Florida,Illumination's Villain-Con Minion Blast,0,False
2026-08-15 12:38:36,Universal Studios Florida,Race Through New York Starring Jimmy Fallon™,0,False
2026-08-15 12:38:36,Universal Studios Florida,Revenge of the Mummy™,0,False
2026-08-15 12:38:36,Universal Studios Florida,Revenge of the Mummy™ Single Rider,0,True
2026-08-15 12:38:36,Universal Studios Florida,TRANSFORMERS™ The Ride-3D,0,False
2026-08-15 12:38:36,Universal Studios Florida,Fast & Furious - Supercharged™,0,False
2026-08-15 12:38:36,Universal Studios Florida,Fast & Furious - Supercharged™ Single Rider,0,True
2026-08-15 12:38:36,Universal Studios Florida,Harry Potter and the Escape from Gringotts™,0,False
2026-08-15 12:38:36,Universal Studios Florida,Harry Potter and the Escape from Gringotts™ Single Rider,0,True
2026-08-15 12:38:36,Universal Studios Florida,Hogwarts Express™ - King's Cross Station,0,False
2026-08-15 12:38:36,Universal Studios Florida,Hogwarts™ Express - First Train,0,False
2026-08-15 12:38:36,Universal Studios Florida,Hogwarts™ Express - Last Train,0,False
2026-08-15 12:38:36,Universal Studios Florida,Ollivanders™ Experience in Diagon Alley™,5,True
2026-08-15 12:38:36,Universal Studios Florida,Kang & Kodos' Twirl 'n' Hurl,0,False
2026-08-15 12:38:36,Universal Studios Florida,MEN IN BLACK™ Alien Attack!,0,False
2026-08-15 12:38:36,Universal Studios Florida,MEN IN BLACK™ Alien Attack!™ Single Rider,0,True
2026-08-15 12:38:36,Universal Studios Florida,The Simpsons Ride™,0,False
2026-08-15 12:38:36,Epic Universe,Constellation Carousel,0,False
2026-08-15 12:38:36,Epic Universe,Stardust Racers,0,False
2026-08-15 12:38:36,Epic Universe,Curse of the Werewolf,0,False
2026-08-15 12:38:36,Epic Universe,Curse of the Werewolf Single Rider,0,True
2026-08-15 12:38:36,Epic Universe,Monsters Unchained: The Frankenstein Experiment,0,False
2026-08-15 12:38:36,Epic Universe,Monsters Unchained: The Frankenstein Experiment Single Rider,0,True
2026-08-15 12:38:36,Epic Universe,Dragon Racer's Rally,5,True
2026-08-15 12:38:36,Epic Universe,Fyre Drill,0,False
2026-08-15 12:38:36,Epic Universe,Hiccup's Wing Gliders,5,True
2026-08-15 12:38:36,Epic Universe,Meet Toothless and Friends,40,True
2026-08-15 12:38:36,Epic Universe,Bowser Jr. Challenge,5,True
2026-08-15 12:38:36,Epic Universe,Mario Kart™: Bowser's Challenge,10,True
2026-08-15 12:38:36,Epic Universe,Mario Kart™: Bowser's Challenge Single Rider,0,True
2026-08-15 12:38:36,Epic Universe,Mine-Cart Madness™,50,True
2026-08-15 12:38:36,Epic Universe,Mine-Cart Madness™ Single Rider,0,True
2026-08-15 12:38:36,Epic Universe,Yoshi's Adventure™,5,True
2026-08-15 12:38:36,Epic Universe,Harry Potter and the Battle at the Ministry™,60,True
2026-08-15 12:38:36,Epic Universe,Harry Potter and the Battle at the Ministry™ Single Rider,0,True
2026-08-15 13:17:39,Islands of Adventure,Camp Jurassic™,0,False
2026-08-15 13:17:39,Islands of Adventure,Jurassic Park Discovery Center,0,False
2026-08-15 13:17:39,Islands of Adventure,Jurassic Park River Adventure,0,False
2026-08-15 13:17:39,Islands of Adventure,Jurassic World VelociCoaster,35,True
2026-08-15 13:17:39,Islands of Adventure,Pteranodon Flyers,10,True
2026-08-15 13:17:39,Islands of Adventure,Skull Island: Reign of Kong,5,True
2026-08-15 13:17:39,Islands of Adventure,Doctor Doom's Fearfall®,5,True
2026-08-15 13:17:39,Islands of Adventure,Doctor Doom's Fearfall® Single Rider,0,True
2026-08-15 13:17:39,Islands of Adventure,Storm Force Accelatron®,5,True
2026-08-15 13:17:39,Islands of Adventure,The Amazing Adventures of Spider-Man®,10,True
2026-08-15 13:17:39,Islands of Adventure,The Incredible Hulk Coaster®,15,True
2026-08-15 13:17:39,Islands of Adventure,The Incredible Hulk Coaster® Single Rider,0,True
2026-08-15 13:17:39,Islands of Adventure,Caro-Seuss-el™,5,True
2026-08-15 13:17:39,Islands of Adventure,If I Ran The Zoo™,0,False
2026-08-15 13:17:39,Islands of Adventure,"One Fish, Two Fish, Red Fish, Blue Fish™",5,True
2026-08-15 13:17:39,Islands of Adventure,The Cat in The Hat™,5,True
2026-08-15 13:17:39,Islands of Adventure,The High in the Sky Seuss Trolley Train Ride!™,0,False
2026-08-15 13:17:39,Islands of Adventure,Flight of the Hippogriff™,5,True
2026-08-15 13:17:39,Islands of Adventure,Hagrid's Magical Creatures Motorbike Adventure™,80,True
2026-08-15 13:17:39,Islands of Adventure,Hagrid's Magical Creatures Motorbike Adventure™ Single Rider,0,False
2026-08-15 13:17:39,Islands of Adventure,Harry Potter and the Forbidden Journey™,10,True
2026-08-15 13:17:39,Islands of Adventure,Harry Potter and the Forbidden Journey™ Single Rider,0,True
2026-08-15 13:17:39,Islands of Adventure,Hogwarts Express™ - Hogsmeade™ Station,0,False
2026-08-15 13:17:39,Islands of Adventure,Ollivanders™ Experience in Hogsmeade™,10,True
2026-08-15 13:17:39,Islands of Adventure,Dudley Do-Right's Ripsaw Falls®,0,False
2026-08-15 13:17:39,Islands of Adventure,"Me Ship, The Olive®",0,False
2026-08-15 13:17:39,Islands of Adventure,Popeye & Bluto's Bilge-Rat Barges®,0,False
2026-08-15 13:17:39,Universal Studios Florida,Trolls Trollercoaster,0,False
2026-08-15 13:17:39,Universal Studios Florida,E.T. Adventure,0,False
2026-08-15 13:17:39,Universal Studios Florida,Despicable Me Minion Mayhem™,0,False
2026-08-15 13:17:39,Universal Studios Florida,Illumination's Villain-Con Minion Blast,0,False
2026-08-15 13:17:39,Universal Studios Florida,Race Through New York Starring Jimmy Fallon™,0,False
2026-08-15 13:17:39,Universal Studios Florida,Revenge of the Mummy™,0,False
2026-08-15 13:17:39,Universal Studios Florida,Revenge of the Mummy™ Single Rider,0,True
2026-08-15 13:17:39,Universal Studios Florida,TRANSFORMERS™ The Ride-3D,0,False
2026-08-15 13:17:39,Universal Studios Florida,Fast & Furious - Supercharged™,0,False
2026-08-15 13:17:39,Universal Studios Florida,Fast & Furious - Supercharged™ Single Rider,0,True
2026-08-15 13:17:39,Universal Studios Florida,Harry Potter and the Escape from Gringotts™,0,False
2026-08-15 13:17:39,Universal Studios Florida,Harry Potter and the Escape from Gringotts™ Single Rider,0,True
2026-08-15 13:17:39,Universal Studios Florida,Hogwarts Express™ - King's Cross Station,0,False
2026-08-15 13:17:39,Universal Studios Florida,Hogwarts™ Express - First Train,0,False
2026-08-15 13:17:39,Universal Studios Florida,Hogwarts™ Express - Last Train,0,False
2026-08-15 13:17:39,Universal Studios Florida,Ollivanders™ Experience in Diagon Alley™,5,True
2026-08-15 13:17:39,Universal Studios Florida,Kang & Kodos' Twirl 'n' Hurl,0,False
2026-08-15 13:17:39,Universal Studios Florida,MEN IN BLACK™ Alien Attack!,0,False
2026-08-15 13:17:39,Universal Studios Florida,MEN IN BLACK™ Alien Attack!™ Single Rider,0,True
2026-08-15 13:17:39,Universal Studios Florida,The Simpsons Ride™,0,False
2026-08-15 13:17:39,Epic Universe,Constellation Carousel,5,True
2026-08-15 13:17:39,Epic Universe,Stardust Racers,15,True
2026-08-15 13:17:39,Epic Universe,Curse of the Werewolf,5,True
2026-08-15 13:17:39,Epic Universe,Curse of the Werewolf Single Rider,0,True
2026-08-15 13:17:39,Epic Universe,Monsters Unchained: The Frankenstein Experiment,0,False
2026-08-15 13:17:39,Epic Universe,Monsters Unchained: The Frankenstein Experiment Single Rider,0,True
2026-08-15 13:17:39,Epic Universe,Dragon Racer's Rally,25,True
2026-08-15 13:17:39,Epic Universe,Fyre Drill,5,True
2026-08-15 13:17:39,Epic Universe,Hiccup's Wing Gliders,5,True
2026-08-15 13:17:39,Epic Universe,Meet Toothless and Friends,65,True
2026-08-15 13:17:39,Epic Universe,Bowser Jr. Challenge,5,True
2026-08-15 13:17:39,Epic Universe,Mario Kart™: Bowser's Challenge,35,True
2026-08-15 13:17:39,Epic Universe,Mario Kart™: Bowser's Challenge Single Rider,0,True
2026-08-15 13:17:39,Epic Universe,Mine-Cart Madness™,60,True
2026-08-15 13:17:39,Epic Universe,Mine-Cart Madness™ Single Rider,0,True
2026-08-15 13:17:39,Epic Universe,Yoshi's Adventure™,5,True
2026-08-15 13:17:39,Epic Universe,Harry Potter and the Battle at the Ministry™,35,True
2026-08-15 13:17:39,Epic Universe,Harry Potter and the Battle at the Ministry™ Single Rider,0,True
